17:09:09			[17:09:09] ↑ STATE  FLAT → LOW  0.1400 µSv/h | [17:09:09] ⚠⚠⚠ POWER LEVEL LOCK  dr=0.1400 µSv/h  hits=3  avg_interval=0.0s (0.00min)  CV=0.377 |   Source returns to identical power level 3x  Natural decay cannot reproduce fixed amplitude  Controlled RF source confirmed
17:09:11			
17:09:12	1787504952312137500		
17:09:13	1787504953504629000		
17:09:14	1787504954714064100		
17:09:16	1787504956145765400		
17:09:17	1787504957157667800		[17:09:17] ⚡ STRUCTURED CLUSTER  5cts/10s  n=5  CV_IAT=0.123  non-Poisson |   RF est P=C·d²/K  @0.5m: 1.3-125.0W  (mid=6.3W)  CPS/s=0.5 | [17:09:17] ↓ STATE  LOW → FLAT  0.0900 µSv/h
17:09:18	1787504958655519000		[17:09:18] ↑ STATE  FLAT → LOW  0.1400 µSv/h | [17:09:18] ↓ STATE  LOW → FLAT  0.0900 µSv/h | [17:09:18] 🔄 FLOOR RECURRENCE  dr=0.0900 µSv/h  prior=17:09:18  interval=0.0s  (0.00min) |   FLOOR PATTERN  n=3  avg_interval=1.5s  (0.02min)  CV=0.000  PERIODIC ⚠
17:09:19	1787504959651240700,1787504959658011600		[17:09:19] ↑ STATE  FLAT → LOW  0.1300 µSv/h | [17:09:19] ⚡ BEAT INTERFERENCE CONFIRMED |   y = A1·sin(2πf₁t) + A2·sin(2πf₂t) |   A1=0.1400µSv/h  A2=0.1300µSv/h  A2/A1=0.929  floor/peak=0.929 |   f_beat=|f₁-f₂|=0.85530Hz  T_beat=1.2s  band=SLF |   RF P≈C·d²/K: carrier1≈0.02W  carrier2≈0.02W  @d=0.5m (K=0.2) |   TWO-SOURCE INTERFERENCE  dominant=0.1400µSv/h  secondary=0.1300µSv/h  freq-sep≈0.85530Hz  CV_env=0.031 | [17:09:19] ↓ STATE  LOW → FLAT  0.0900 µSv/h
17:09:21	1787504961906242600,1787504961907161600		[17:09:21] ↑ STATE  FLAT → LOW  0.1300 µSv/h | [17:09:21] ↓ STATE  LOW → FLAT  0.0900 µSv/h
17:09:23	1787504963123141400,1787504963124109000		[17:09:23] ↑ STATE  FLAT → LOW  0.1300 µSv/h | [17:09:23] ⚠⚠ EMF FINGERPRINT  score=5/7  n=2pk/4fl |   χ²/μ=0.003  m=1.350  SWR=0.24  CV_R=0.156  PSCI=0.037  CV_Re=0.187 | [17:09:23] ↓ STATE  LOW → FLAT  0.0900 µSv/h
17:09:24	1787504964316436200,1787504964317376000		[17:09:24] ↑ STATE  FLAT → LOW  0.1000 µSv/h | [17:09:24] ↓ STATE  LOW → FLAT  0.0900 µSv/h | [17:09:24] ⚡ OOK BURST PATTERN  CPS=1  burst=3.0s  gap=14.3s  duty=0.17  cycles=3 |   f=0.058Hz (ELF)  T=17.3s  CV_run=0.943  CV_gap=1.020  RF≈1.3W@0.5m |   ON/OFF KEYING SIGNATURE  identical CPS=1 repeated 3x  structured pulsed source confirmed
17:09:25	1787504965513341200,1787504965514491600		
17:09:26	1787504966707417900,1787504966709532000		
17:09:28	1787504968152819200,1787504968153489200		
17:09:29	1787504969163544600		[17:09:29] ↑ STATE  FLAT → LOW  0.1000 µSv/h
17:09:30	1787504970659895000		[17:09:30] ↓ STATE  LOW → FLAT  0.0800 µSv/h | [17:09:30] ↑ STATE  FLAT → LOW  0.1000 µSv/h
17:09:31	1787504971658007800		[17:09:31] ↓ STATE  LOW → FLAT  0.0800 µSv/h | [17:09:31] ↑ STATE  FLAT → LOW  0.1000 µSv/h
17:09:33	1787504973924206600		[17:09:33] ⚡ CPS CLUSTER  15cts/10s  n=11  CV_IAT=0.840 |   RF est P=C·d²/K  @0.5m: 3.8-375.0W  (mid=18.8W)  CPS/s=1.5 | [17:09:33] ↓ STATE  LOW → FLAT  0.0800 µSv/h | [17:09:33] ↑ STATE  FLAT → LOW  0.1000 µSv/h | [17:09:33] ↓ STATE  LOW → FLAT  0.0900 µSv/h
17:09:35	1787504975129897000		[17:09:35] ↑ STATE  FLAT → LOW  0.1000 µSv/h | [17:09:35] ↓ STATE  LOW → FLAT  0.0900 µSv/h | [17:09:35] ↑ STATE  FLAT → LOW  0.1000 µSv/h
17:09:36	1787504976320783000		[17:09:36] ↓ STATE  LOW → FLAT  0.0900 µSv/h | [17:09:36] ↑ STATE  FLAT → LOW  0.1000 µSv/h | [17:09:36] ↓ STATE  LOW → FLAT  0.0900 µSv/h | [17:09:36] ↑ STATE  FLAT → LOW  0.1000 µSv/h
17:09:37	1787504977526413300		[17:09:37] ↓ STATE  LOW → FLAT  0.0900 µSv/h | [17:09:37] ↑ STATE  FLAT → LOW  0.1000 µSv/h
17:09:38	1787504978722758000,1787504978730131200		[17:09:38] ↓ STATE  LOW → FLAT  0.0900 µSv/h | [17:09:38] ↑ STATE  FLAT → LOW  0.1000 µSv/h
17:09:40	1787504980170560000		[17:09:40] ↓ STATE  LOW → FLAT  0.0900 µSv/h | [17:09:40] ↑ STATE  FLAT → LOW  0.1000 µSv/h
17:09:41	1787504981171464700		[17:09:41] ↓ STATE  LOW → FLAT  0.0900 µSv/h | [17:09:41] ↑ STATE  FLAT → LOW  0.1000 µSv/h
17:09:42	1787504982655957500,1787504982658589700		
17:09:43	1787504983655588400,1787504983657892600		
17:09:45	1787504985147655200,1787504985150647600		
17:09:46	1787504986161236700,1787504986165254400		
17:09:47	1787504987156667000,1787504987160525300	SIG#26 [2,0,0,1,0,0,2,0,0,1,0,0,2,0,0,1,0,0,2,0,0,1] pk=2	
17:09:48	1787504988657234000,1787504988660094500		
17:09:49	1787504989655856000,1787504989661202000		[17:09:49] ⚡ CPS CLUSTER  23cts/10s  n=15  CV_IAT=0.902 |   RF est P=C·d²/K  @0.5m: 5.8-575.0W  (mid=28.8W)  CPS/s=2.3
17:09:51	1787504991158360300,1787504991161101300	SIG#27 [1,0,0,0,2,0,1,0,0,0,2,0,1,0,0,0,2] pk=2	
17:09:52	1787504992155680000,1787504992158206700		
17:09:53	1787504993153036800,1787504993156257300,1787504993158057700		
17:09:54	1787504994663166200,1787504994669347800,1787504994671694600,1787504994672661500		[17:09:54] ⚠ EMF FINGERPRINT  score=4/7  n=3pk/2fl |   χ²/μ=0.001  m=1.238  SWR=0.17  CV_R=0.068  PSCI=0.063  CV_Re=0.048
17:09:55	1787504995666553600,1787504995669479400,1787504995670350800		
17:09:57	1787504997913482000,1787504997920221400,1787504997921331000		
17:09:59	1787504999128168700,1787504999130188800,1787504999130982000,1787504999133532200		
17:10:00	1787505000314480600,1787505000315358500,1787505000318275000,1787505000321927200		
17:10:01	1787505001513518600,1787505001514815200,1787505001522418700,1787505001524365300		[17:10:01] 小刀 PAINTBRUSH BURST  4 consecutive ticks  total=4cts  avg=1.0CPS  RF~1.3W@0.5m  bars merge = dense burst
17:10:02	1787505002713253000,1787505002720025900,1787505002721270800		
17:10:04	1787505004175529000,1787505004176340200,1787505004179183900	SIG#28 [2,0,0,2,0,0,2,0,0,2,0,0,2,0,0,2,0,1,2,0,0,2,0,1,1,0,0,2,0,1,1,0,0,2,0,1,1,0,0,2,0,1,1,0,0,1,0,1,1,0,0,1,1,1,1,0,0,1,1,0,1,0,0,1,1] pk=2	
17:10:05	1787505005167979000,1787505005169012200,1787505005172550700		[17:10:05] ⚡ CPS CLUSTER  27cts/10s  n=24  CV_IAT=1.753 |   RF est P=C·d²/K  @0.5m: 6.8-675.0W  (mid=33.8W)  CPS/s=2.7
17:10:06	1787505006164664600,1787505006166476300,1787505006169948400,1787505006171611000		
17:10:07	1787505007162731000,1787505007166613500,1787505007169134600		
17:10:08	1787505008663310800,1787505008665293600		
17:10:09	1787505009660618500,1787505009662767900,1787505009666556200		[17:10:09] ⚡ OOK BURST PATTERN  CPS=1  burst=7.0s  gap=7.3s  duty=0.49  cycles=4 |   f=0.070Hz (ELF)  T=14.3s  CV_run=1.321  CV_gap=1.258  RF≈1.3W@0.5m |   ON/OFF KEYING SIGNATURE  identical CPS=1 repeated 4x  structured pulsed source confirmed
17:10:11	1787505011922787000,1787505011925493200,1787505011928276200,1787505011929241600		[Min 001  17:09:09]  CPM=00128  ✓ COMPLETE | [17:10:11] ⚠⚠⚠ POWER LEVEL LOCK  dr=0.1800 µSv/h  hits=36  avg_interval=0.3s (0.00min)  CV=1.947 |   Source returns to identical power level 36x  Natural decay cannot reproduce fixed amplitude  Controlled RF source confirmed
17:10:13	1787505013122581800,1787505013125984300,1787505013126934500,1787505013127778000		
17:10:14	1787505014320618000,1787505014324536300,1787505014325249300,1787505014326243600		
17:10:15	1787505015520509000,1787505015521211000,1787505015522096400		
17:10:16	1787505016724691000,1787505016725520400,1787505016728759800,1787505016732351000		
17:10:18	1787505018173374000,1787505018179688400,1787505018181266000,1787505018183406600		
17:10:19	1787505019173044500,1787505019177545000,1787505019180618000,1787505019183348200		
17:10:20	1787505020663406800,1787505020666334200,1787505020668037400		[17:10:20] ⚡ CPS CLUSTER  31cts/10s  n=28  CV_IAT=1.696 |   RF est P=C·d²/K  @0.5m: 7.8-775.0W  (mid=38.8W)  CPS/s=3.1
17:10:21	1787505021659713800,1787505021661975600		
17:10:23	1787505023923481000,1787505023925550300		
17:10:25	1787505025132743400,1787505025137788000	SIG#29 [1,1,0,0,1,0,1,1,0,0,1,0,1,1,0,0,1,0,2,1,0,0,1,0,2,0,0,0,1,0,2,0,0,0,1,0,2,0,0,1,1,0,2,0,0,1,1,0,2,0,0,1,1,1,2,0,0,1,1,1,0,0,0,1,1,1,0,0,0,1,1,1,0,0,1,1,1,1,0,0,1,0,1,1,0,0,1,0,1,1,0,0,1,0,1,0,0,0,1,0,1,0,0,0,1,0,1,0,0,0,1,0,1] pk=2	
17:10:26	1787505026318142200		
17:10:27	1787505027514485000		
17:10:28			
17:10:30			
17:10:31			
17:10:32			
17:10:33			[17:10:33] ⚡ BEAT INTERFERENCE CONFIRMED |   y = A1·sin(2πf₁t) + A2·sin(2πf₂t) |   A1=0.1900µSv/h  A2=0.1100µSv/h  A2/A1=0.579  floor/peak=0.579 |   f_beat=|f₁-f₂|=0.20639Hz  T_beat=4.8s  band=SLF |   RF P≈C·d²/K: carrier1≈0.05W  carrier2≈0.02W  @d=0.5m (K=0.2) |   TWO-SOURCE INTERFERENCE  dominant=0.1900µSv/h  secondary=0.1100µSv/h  freq-sep≈0.20639Hz  CV_env=0.141
17:10:34			
17:10:36	1787505036923736600		
17:10:38	1787505038137680000		[17:10:38] ⚡ STRUCTURED CLUSTER  6cts/10s  n=2  CV_IAT=0.000  non-Poisson |   RF est P=C·d²/K  @0.5m: 1.5-150.0W  (mid=7.5W)  CPS/s=0.6
17:10:39	1787505039333679000,1787505039336413700		
17:10:40	1787505040529506000,1787505040532013600		
17:10:41	1787505041727488300,1787505041730167600		
17:10:43	1787505043175962000,1787505043178380500		
17:10:44	1787505044172737500,1787505044176146700	SIG#34 [3,0,1,0,0,0,3,0,1,0,0,0,3,0,1,0,0,0,3,0,1,0,0,0,3,0,1] pk=3	
17:10:45	1787505045671493000		
17:10:46	1787505046663252200,1787505046671835100		
17:10:48	1787505048930484500		
17:10:50	1787505050134922200,1787505050136236800		
17:10:51	1787505051329768200,1787505051331789800		
17:10:52	1787505052535165200,1787505052536734000		
17:10:53	1787505053736275000,1787505053740203000		[17:10:53] ⚡ CPS CLUSTER  14cts/10s  n=12  CV_IAT=0.994 |   RF est P=C·d²/K  @0.5m: 3.5-350.0W  (mid=17.5W)  CPS/s=1.4
17:10:54	1787505054922742500,1787505054924855600	SIG#39 [1,0,1,0,0,0,1,0,1,0,0,0,1,0,1,0,0,0,1,0,1,0,0,0,1,0,1] pk=1	[17:10:54] ⚡ OOK BURST PATTERN  CPS=1  burst=1.0s  gap=3.0s  duty=0.25  cycles=3 |   f=0.250Hz (SLF)  T=4.0s  CV_run=0.000  CV_gap=0.000  RF≈1.3W@0.5m |   ON/OFF KEYING SIGNATURE  identical CPS=1 repeated 3x  structured pulsed source confirmed
17:10:56	1787505056139574000,1787505056144578800		
17:10:57	1787505057332827400,1787505057340960500,1787505057341672700		
17:10:58	1787505058538285800,1787505058539236000		
17:10:59	1787505059725508600,1787505059730480600		
17:11:01	1787505061166203000,1787505061167192800		
17:11:02	1787505062181036000,1787505062187479300		
17:11:03	1787505063662913000,1787505063664101000		
17:11:04	1787505064672713000		[17:11:04] ⚠ EMF FINGERPRINT  score=4/7  n=2pk/4fl |   χ²/μ=0.002  m=1.192  SWR=0.17  CV_R=0.103  PSCI=0.032  CV_Re=0.122
17:11:06			[17:11:06] ↓ STATE  LOW → FLAT  0.0900 µSv/h | [17:11:06] 🔄 FLOOR RECURRENCE  dr=0.0900 µSv/h  prior=17:09:41  interval=85.8s  (1.43min)
17:11:08	1787505068142115600		[17:11:08] ↑ STATE  FLAT → LOW  0.1400 µSv/h | [17:11:08] ↓ STATE  LOW → FLAT  0.0900 µSv/h
17:11:09	1787505069329216500		[17:11:09] ⚡ CPS CLUSTER  10cts/10s  n=10  CV_IAT=1.152 |   RF est P=C·d²/K  @0.5m: 2.5-250.0W  (mid=12.5W)  CPS/s=1.0 | [17:11:09] ↑ STATE  FLAT → LOW  0.1200 µSv/h | [17:11:09] ↓ STATE  LOW → FLAT  0.0900 µSv/h
17:11:10	1787505070521529600		[Min 002  17:10:09]  CPM=00098  ✓ COMPLETE | [17:11:10] ↑ STATE  FLAT → LOW  0.1100 µSv/h | [17:11:10] ↓ STATE  LOW → FLAT  0.0900 µSv/h
17:11:11	1787505071730237400,1787505071733272300		[17:11:11] ↑ STATE  FLAT → LOW  0.1100 µSv/h | [17:11:11] ↓ STATE  LOW → FLAT  0.0900 µSv/h
17:11:13	1787505073185302000,1787505073187605000,1787505073189671400		[17:11:13] ↑ STATE  FLAT → LOW  0.1100 µSv/h | [17:11:13] ⚠⚠⚠ POWER LEVEL LOCK  dr=0.1100 µSv/h  hits=63  avg_interval=1.5s (0.03min)  CV=5.779 |   Source returns to identical power level 63x  Natural decay cannot reproduce fixed amplitude  Controlled RF source confirmed | [17:11:13] ↓ STATE  LOW → FLAT  0.0900 µSv/h
17:11:14	1787505074184302000,1787505074189256200,1787505074191323600		
17:11:15	1787505075658725400,1787505075661832000,1787505075662862000		
17:11:16	1787505076676334000,1787505076677071600	SIG#52 [1,0,0,1,0,0,1,0,0,1,1,0,1,0,0,1,1,0,1,0,0,1,1] pk=1	
17:11:18	1787505078936721400,1787505078938117600		
17:11:20	1787505080132744200,1787505080135271400,1787505080139737600		
17:11:21	1787505081331764200,1787505081336955000		
17:11:22	1787505082536384000		
17:11:23	1787505083732474000,1787505083734332400		
17:11:25	1787505085178862800,1787505085180785400		[17:11:25] ⚡ CPS CLUSTER  15cts/10s  n=15  CV_IAT=1.243 |   RF est P=C·d²/K  @0.5m: 3.8-375.0W  (mid=18.8W)  CPS/s=1.5
17:11:26	1787505086175926300,1787505086178029800		
17:11:27	1787505087682950100,1787505087688178700,1787505087691865600		[17:11:27] ↑ STATE  FLAT → LOW  0.1100 µSv/h
17:11:28	1787505088695520800,1787505088710176800		[17:11:28] ↓ STATE  LOW → FLAT  0.0800 µSv/h | [17:11:28] ↑ STATE  FLAT → LOW  0.1100 µSv/h
17:11:30	1787505090948063500,1787505090952840000,1787505090955221200		[17:11:30] ↓ STATE  LOW → FLAT  0.0800 µSv/h | [17:11:30] ↑ STATE  FLAT → LOW  0.1100 µSv/h
17:11:32	1787505092142665700,1787505092149203200,1787505092152631300		[17:11:32] ↓ STATE  LOW → FLAT  0.0800 µSv/h | [17:11:32] ↑ STATE  FLAT → LOW  0.1100 µSv/h
17:11:33	1787505093337210000,1787505093338723800,1787505093340279300		[17:11:33] ↓ STATE  LOW → FLAT  0.0900 µSv/h | [17:11:33] ↑ STATE  FLAT → LOW  0.1100 µSv/h
17:11:34	1787505094534398000,1787505094535958500,1787505094537301800,1787505094538251000		[17:11:34] ⚡ BEAT INTERFERENCE CONFIRMED |   y = A1·sin(2πf₁t) + A2·sin(2πf₂t) |   A1=0.1900µSv/h  A2=0.1300µSv/h  A2/A1=0.684  floor/peak=0.684 |   f_beat=|f₁-f₂|=0.18558Hz  T_beat=5.4s  band=SLF |   RF P≈C·d²/K: carrier1≈0.05W  carrier2≈0.02W  @d=0.5m (K=0.2) |   TWO-SOURCE INTERFERENCE  dominant=0.1900µSv/h  secondary=0.1300µSv/h  freq-sep≈0.18558Hz  CV_env=0.117 | [17:11:34] ↓ STATE  LOW → FLAT  0.0900 µSv/h | [17:11:34] ↑ STATE  FLAT → LOW  0.1100 µSv/h | [17:11:34] ⚠ EQUAL BURST SPACING  n=4  CPS≥2  interval=1.2s  CV=0.004  spacings=[1.2,1.2,1.2]  span=3.6s |   ⚠⚠ HIGHLY PERIODIC  f=0.838Hz  T=1.2s  total_counts=4
17:11:35	1787505095725718000,1787505095727994600,1787505095730484700,1787505095731365600		[17:11:35] ⚠⚠ EMF FINGERPRINT  score=5/7  n=5pk/2fl |   χ²/μ=0.004  m=1.459  SWR=0.36  CV_R=0.205  PSCI=0.174  CV_Re=0.059
17:11:37	1787505097179091700,1787505097180283600,1787505097181141800		
17:11:38	1787505098173185800,1787505098175945500,1787505098176899000		
17:11:39	1787505099672247000,1787505099673401300	SIG#59 [1,0,0,1,0,0,1,0,0,1,0,0,1,0,0,1,0,0,1,0,0,1,0,0,1,0,0,1,0,0,1,0,0,1,0,0,1,0,2,1,0,0,1,0,2,0,0,0,1,0,2,0,1,0,1,0,2,0,1,1,1,0,2,0,1,1,0,0,2,0,1,1,0,0,2,0,1,1] pk=2	
17:11:40	1787505100667572200,1787505100670011400,1787505100675154000		[17:11:40] ⚡ OOK BURST PATTERN  CPS=1  burst=2.3s  gap=1.7s  duty=0.58  cycles=3 |   f=0.250Hz (SLF)  T=4.0s  CV_run=0.202  CV_gap=0.283  RF≈1.3W@0.5m |   ON/OFF KEYING SIGNATURE  identical CPS=1 repeated 3x  structured pulsed source confirmed | [17:11:40] ⚡ CPS CLUSTER  33cts/10s  n=26  CV_IAT=1.471 |   RF est P=C·d²/K  @0.5m: 8.3-825.0W  (mid=41.3W)  CPS/s=3.3 | [17:11:40] ↑ STATE  LOW → ELEVATED  0.2000 µSv/h
17:11:42	1787505102932823600,1787505102937693000		[17:11:42] ↑ STATE  ELEVATED → LOW  0.1500 µSv/h | [17:11:42] ↑ STATE  LOW → ELEVATED  0.2000 µSv/h | [17:11:42] 🔄 PEAK RECURRENCE  dr=0.2000 µSv/h  seen 1x in log
17:11:44	1787505104136358700		[17:11:44] ↑ STATE  ELEVATED → LOW  0.1500 µSv/h | [17:11:44] ↑ STATE  LOW → ELEVATED  0.2000 µSv/h
17:11:45	1787505105331978000		[17:11:45] ↑ STATE  ELEVATED → LOW  0.1700 µSv/h | [17:11:45] ↑ STATE  LOW → ELEVATED  0.2000 µSv/h
17:11:46	1787505106531265000		[17:11:46] ↑ STATE  ELEVATED → LOW  0.1700 µSv/h | [17:11:46] ↑ STATE  LOW → ELEVATED  0.2000 µSv/h
17:11:47	1787505107744384300		[17:11:47] ↑ STATE  ELEVATED → LOW  0.1900 µSv/h | [17:11:47] ↑ STATE  LOW → ELEVATED  0.2000 µSv/h
17:11:49	1787505109171776300		
17:11:50			[17:11:50] ↑ STATE  ELEVATED → LOW  0.1900 µSv/h
17:11:51			[17:11:51] ↑ STATE  LOW → ELEVATED  0.2200 µSv/h | [17:11:51] ↑ STATE  ELEVATED → LOW  0.1900 µSv/h
17:11:52	1787505112677713200		[17:11:52] ↑ STATE  LOW → ELEVATED  0.2200 µSv/h | [17:11:52] ↑ STATE  ELEVATED → LOW  0.1900 µSv/h
17:11:53	1787505113687970300,1787505113689730600		[17:11:53] ↑ STATE  LOW → ELEVATED  0.2200 µSv/h | [17:11:53] ↑ STATE  ELEVATED → LOW  0.1900 µSv/h
17:11:55	1787505115934105900,1787505115934866200		[17:11:55] ⚡ CPS CLUSTER  9cts/10s  n=6  CV_IAT=0.801 |   RF est P=C·d²/K  @0.5m: 2.3-225.0W  (mid=11.3W)  CPS/s=0.9 | [17:11:55] ↑ STATE  LOW → ELEVATED  0.2200 µSv/h | [17:11:55] ↑ STATE  ELEVATED → LOW  0.1900 µSv/h
17:11:57	1787505117159656200,1787505117160871000		[17:11:57] ↑ STATE  LOW → ELEVATED  0.2100 µSv/h | [17:11:57] ↑ STATE  ELEVATED → LOW  0.1900 µSv/h
17:11:58	1787505118343594200,1787505118345367000		
17:11:59	1787505119556455700,1787505119558400500		
17:12:00	1787505120733204000,1787505120735988000		
17:12:01	1787505121937792500		
17:12:03			
17:12:04			
17:12:05			[17:12:05] ↓ STATE  LOW → FLAT  0.0900 µSv/h | [17:12:05] 🔄 FLOOR RECURRENCE  dr=0.0900 µSv/h  prior=17:11:34  interval=31.0s  (0.52min)
17:12:06	1787505126750140000		[17:12:06] ↑ STATE  FLAT → LOW  0.1300 µSv/h | [17:12:06] ⚠⚠⚠ EMF FINGERPRINT  score=6/7  n=6pk/6fl |   χ²/μ=0.005  m=1.417  SWR=0.42  CV_R=0.179  PSCI=0.140  CV_Re=0.180 | [17:12:06] ↓ STATE  LOW → FLAT  0.0900 µSv/h
17:12:07	1787505127948488700		[17:12:07] ↑ STATE  FLAT → LOW  0.1300 µSv/h | [17:12:07] ↓ STATE  LOW → FLAT  0.0900 µSv/h
17:12:09	1787505129145411000		[17:12:09] ↑ STATE  FLAT → LOW  0.1100 µSv/h | [17:12:09] ↓ STATE  LOW → FLAT  0.0900 µSv/h
17:12:10	1787505130339495000		[Min 003  17:11:09]  CPM=00099  ✓ COMPLETE | [17:12:10] ↑ STATE  FLAT → LOW  0.1000 µSv/h | [17:12:10] ↓ STATE  LOW → FLAT  0.0900 µSv/h
17:12:11	1787505131558898000		[17:12:11] ⚡ CPS CLUSTER  5cts/10s  n=5  CV_IAT=0.745 |   RF est P=C·d²/K  @0.5m: 1.3-125.0W  (mid=6.3W)  CPS/s=0.5 | [17:12:11] ↑ STATE  FLAT → LOW  0.1000 µSv/h | [17:12:11] ↓ STATE  LOW → FLAT  0.0900 µSv/h
17:12:12	1787505132732067000		
17:12:13	1787505133937777400		
17:12:15			
17:12:16	1787505136368610300		
17:12:17	1787505137546616600		
17:12:18	1787505138746811600		
17:12:20	1787505140187196000		
17:12:21	1787505141188575500		
17:12:22	1787505142680842200		
17:12:23	1787505143682730800		[17:12:23] ↑ STATE  FLAT → LOW  0.1000 µSv/h | [17:12:23] ⚠⚠⚠ POWER LEVEL LOCK  dr=0.1000 µSv/h  hits=71  avg_interval=2.7s (0.04min)  CV=6.065 |   Source returns to identical power level 71x  Natural decay cannot reproduce fixed amplitude  Controlled RF source confirmed
17:12:25			[17:12:25] ⚡ OOK BURST PATTERN  CPS=1  burst=3.0s  gap=6.0s  duty=0.33  cycles=3 |   f=0.111Hz (SLF)  T=9.0s  CV_run=0.720  CV_gap=0.720  RF≈1.3W@0.5m |   ON/OFF KEYING SIGNATURE  identical CPS=1 repeated 3x  structured pulsed source confirmed | [17:12:25] ↓ STATE  LOW → FLAT  0.0900 µSv/h | [17:12:25] ↑ STATE  FLAT → LOW  0.1000 µSv/h
17:12:27			[17:12:27] ⚡ STRUCTURED CLUSTER  6cts/10s  n=6  CV_IAT=0.170  non-Poisson |   RF est P=C·d²/K  @0.5m: 1.5-150.0W  (mid=7.5W)  CPS/s=0.6 | [17:12:27] ↓ STATE  LOW → FLAT  0.0900 µSv/h | [17:12:27] ↑ STATE  FLAT → LOW  0.1000 µSv/h
17:12:28			[17:12:28] ↓ STATE  LOW → FLAT  0.0900 µSv/h | [17:12:28] ↑ STATE  FLAT → LOW  0.1000 µSv/h
17:12:29			[17:12:29] ↓ STATE  LOW → FLAT  0.0900 µSv/h | [17:12:29] ↑ STATE  FLAT → LOW  0.1000 µSv/h
17:12:30	1787505150748054000		[17:12:30] ↓ STATE  LOW → FLAT  0.0900 µSv/h | [17:12:30] ↑ STATE  FLAT → LOW  0.1000 µSv/h
17:12:32	1787505152199676400		
17:12:33	1787505153190437400		[17:12:33] ↓ STATE  LOW → FLAT  0.0900 µSv/h
17:12:34	1787505154688517400,1787505154691081000		[17:12:34] ↑ STATE  FLAT → LOW  0.1000 µSv/h | [17:12:34] ↓ STATE  LOW → FLAT  0.0900 µSv/h
17:12:35	1787505155685700600,1787505155688966700		[17:12:35] ↑ STATE  FLAT → LOW  0.1000 µSv/h | [17:12:35] ↓ STATE  LOW → FLAT  0.0900 µSv/h | [17:12:35] 🔄 FLOOR RECURRENCE  dr=0.0900 µSv/h  prior=17:12:34  interval=1.0s  (0.02min)
17:12:37	1787505157952058600,1787505157954536000		[17:12:37] ↑ STATE  FLAT → LOW  0.1000 µSv/h | [17:12:37] ↓ STATE  LOW → FLAT  0.0900 µSv/h
17:12:39	1787505159149503200,1787505159152132000,1787505159154593000		[17:12:39] ↑ STATE  FLAT → LOW  0.1000 µSv/h | [17:12:39] ↓ STATE  LOW → FLAT  0.0900 µSv/h
17:12:40	1787505160346066700,1787505160348427000		[17:12:40] ↑ STATE  FLAT → LOW  0.1000 µSv/h | [17:12:40] ↓ STATE  LOW → FLAT  0.0900 µSv/h
17:12:41	1787505161541961500,1787505161548410400,1787505161549777700		
17:12:42	1787505162752704500,1787505162758901500,1787505162761060600		[17:12:42] ⚡ CPS CLUSTER  17cts/10s  n=16  CV_IAT=1.144 |   RF est P=C·d²/K  @0.5m: 4.3-425.0W  (mid=21.3W)  CPS/s=1.7
17:12:44	1787505164195455700,1787505164196905700		
17:12:45	1787505165181455600,1787505165185724200		
17:12:46	1787505166182771200,1787505166185553700	SIG#94 [1,0,0,1,0,0,1,0,0,1,0,0,1,0,0,1,0,0,1,0,0,1,0,0,1,0,0,1,0,0,1,0,0,1,0,0,1,0,2,1,0,0,1,0,2,0,0,0,1,0,2,0,0,0,1,0,2,0,0,0,1,0,2] pk=2	
17:12:47	1787505167683531000,1787505167687228000		[17:12:47] ↑ STATE  FLAT → LOW  0.1000 µSv/h
17:12:48	1787505168680008400,1787505168685181200,1787505168686027500		[17:12:48] ↓ STATE  LOW → FLAT  0.0800 µSv/h | [17:12:48] ↑ STATE  FLAT → LOW  0.1000 µSv/h
17:12:50	1787505170947311000,1787505170948087300		[17:12:50] ↓ STATE  LOW → FLAT  0.0800 µSv/h | [17:12:50] ↑ STATE  FLAT → LOW  0.1000 µSv/h
17:12:52	1787505172157246700,1787505172158692000		[17:12:52] ↓ STATE  LOW → FLAT  0.0900 µSv/h | [17:12:52] ↑ STATE  FLAT → LOW  0.1000 µSv/h
17:12:53	1787505173346854400,1787505173347614200,1787505173349576200		[17:12:53] ↓ STATE  LOW → FLAT  0.0900 µSv/h | [17:12:53] ↑ STATE  FLAT → LOW  0.1000 µSv/h
17:12:54	1787505174555518000,1787505174557684200,1787505174561040100		[17:12:54] ⚡ BEAT INTERFERENCE CONFIRMED |   y = A1·sin(2πf₁t) + A2·sin(2πf₂t) |   A1=0.2200µSv/h  A2=0.1200µSv/h  A2/A1=0.545  floor/peak=0.545 |   f_beat=|f₁-f₂|=0.26982Hz  T_beat=3.7s  band=SLF |   RF P≈C·d²/K: carrier1≈0.06W  carrier2≈0.02W  @d=0.5m (K=0.2) |   TWO-SOURCE INTERFERENCE  dominant=0.2200µSv/h  secondary=0.1200µSv/h  freq-sep≈0.26982Hz  CV_env=0.197 | [17:12:54] ↓ STATE  LOW → FLAT  0.0900 µSv/h | [17:12:54] ↑ STATE  FLAT → LOW  0.1000 µSv/h | [17:12:54] ⚠⚠ EMF FINGERPRINT  score=5/7  n=3pk/2fl |   χ²/μ=0.001  m=1.294  SWR=0.22  CV_R=0.106  PSCI=0.074  CV_Re=0.059
17:12:55	1787505175743115000,1787505175744150000,1787505175746267600,1787505175751215000		
17:12:57	1787505177182704600,1787505177186724400,1787505177189016000,1787505177189800200		
17:12:58	1787505178185079300,1787505178186718700,1787505178187462700		[17:12:58] ⚡ CPS CLUSTER  26cts/10s  n=21  CV_IAT=1.600 |   RF est P=C·d²/K  @0.5m: 6.5-650.0W  (mid=32.5W)  CPS/s=2.6
17:12:59	1787505179687529500,1787505179691039000,1787505179694027000		
17:13:00	1787505180693302500,1787505180698213400,1787505180700287200		
17:13:02	1787505182955340300,1787505182956448500	SIG#100 [1,1,0,0,1,0,1,1,0,0,1,0,1,1,0,0,1,0,3,1,0,0,1,0,3,1,0,0,1,0,3,1,0,0,1,0,3,1,0,0,1,0,3,1] pk=3	
17:13:04	1787505184153664300,1787505184155310000		
17:13:05	1787505185353882400		
17:13:06			
17:13:07			
17:13:09			
17:13:10			[Min 004  17:12:09]  CPM=00095  ✓ COMPLETE
17:13:11			[17:13:11] ⚡ OOK BURST PATTERN  CPS=1  burst=1.7s  gap=3.3s  duty=0.33  cycles=6 |   f=0.200Hz (SLF)  T=5.0s  CV_run=0.283  CV_gap=0.141  RF≈1.3W@0.5m |   ON/OFF KEYING SIGNATURE  identical CPS=1 repeated 6x  structured pulsed source confirmed
17:13:12			
17:13:14	1787505194962805200		
17:13:16	1787505196173284600,1787505196175155700		
17:13:17	1787505197342048000,1787505197342689000		[17:13:17] ⚡ CPS CLUSTER  5cts/10s  n=5  CV_IAT=0.998 |   RF est P=C·d²/K  @0.5m: 1.3-125.0W  (mid=6.3W)  CPS/s=0.5
17:13:18	1787505198557788400,1787505198560437000		
17:13:19	1787505199752749300,1787505199754015000,1787505199757614600		
17:13:21	1787505201199086600,1787505201200587800,1787505201203160800,1787505201204660200		
17:13:22	1787505202190424000,1787505202198658300,1787505202204547800,1787505202207323100,1787505202208423200		[17:13:22] 小刀 PAINTBRUSH BURST  4 consecutive ticks  total=4cts  avg=1.0CPS  RF~1.3W@0.5m  bars merge = dense burst
17:13:23	1787505203682888400,1787505203685849300,1787505203687812900,1787505203688593400		[17:13:23] ⚠⚠⚠ POWER LEVEL LOCK  dr=0.1500 µSv/h  hits=92  avg_interval=2.3s (0.04min)  CV=4.001 |   Source returns to identical power level 92x  Natural decay cannot reproduce fixed amplitude  Controlled RF source confirmed
17:13:24	1787505204698339800,1787505204701195800,1787505204704873700,1787505204709526800		[17:13:24] ⚠⚠⚠ CPS UNIFORMITY LOCK  CPS=1 on 18/30s (60.0%)  zeros=12  highs=0  Poisson P<<0.001  CONTROLLED SOURCE CONFIRMED |   Natural Poisson: expected CPS=1 on ~9-13s  observed=18s  locked synthetic output indicated
17:13:26	1787505206954744300,1787505206955792100,1787505206956551000,1787505206958555600		
17:13:28	1787505208146636300,1787505208147982000,1787505208148545000,1787505208150214400		[17:13:28] ↑ STATE  LOW → ELEVATED  0.2000 µSv/h | [17:13:28] 🔄 PEAK RECURRENCE  dr=0.2000 µSv/h  seen 7x in log
17:13:29	1787505209353220000,1787505209354344700,1787505209356008700,1787505209358560000		[17:13:29] ↑ STATE  ELEVATED → LOW  0.1400 µSv/h | [17:13:29] ↑ STATE  LOW → ELEVATED  0.2000 µSv/h
17:13:30	1787505210548735500,1787505210550502000,1787505210552625000		[17:13:30] ↑ STATE  ELEVATED → LOW  0.1400 µSv/h | [17:13:30] ↑ STATE  LOW → ELEVATED  0.2000 µSv/h
17:13:31	1787505211748060000,1787505211762979300		[17:13:31] ↑ STATE  ELEVATED → LOW  0.1500 µSv/h | [17:13:31] ⚠⚠ EMF FINGERPRINT  score=5/7  n=6pk/2fl |   χ²/μ=0.003  m=1.230  SWR=0.23  CV_R=0.141  PSCI=0.131  CV_Re=0.034 | [17:13:31] ↑ STATE  LOW → ELEVATED  0.2000 µSv/h
17:13:33	1787505213193162500,1787505213196134400,1787505213198466300		[17:13:33] ⚡ CPS CLUSTER  26cts/10s  n=26  CV_IAT=1.679 |   RF est P=C·d²/K  @0.5m: 6.5-650.0W  (mid=32.5W)  CPS/s=2.6 | [17:13:33] ↑ STATE  ELEVATED → LOW  0.1700 µSv/h | [17:13:33] ↑ STATE  LOW → ELEVATED  0.2000 µSv/h
17:13:34	1787505214234775300,1787505214240396300,1787505214241685800		[17:13:34] ↑ STATE  ELEVATED → LOW  0.1900 µSv/h | [17:13:34] ↑ STATE  LOW → ELEVATED  0.2000 µSv/h
17:13:35	1787505215688054800,1787505215693357600,1787505215695373000		
17:13:36	1787505216683158800,1787505216689989000,1787505216690991600		
17:13:38	1787505218945660400,1787505218947169300	SIG#108 [1,1,0,0,1,0,1,1,0,0,1,1,1,1,0,0,1,1,1,1,0,0,1,1,1,0,0,0,1,1,1,0,1,0,1,1,1,0,1,0,1,1,1,0,1,0,0,1,1,0,1,0,0,1,1,0,1,0,0,1,0,0,1,0,0,1,0,0,1,0,0,1,0,0,1,0,0,1,0,0,1,2,0,1,0,0,1,2,0,1,0,0,1,2] pk=2	
17:13:40	1787505220156225300,1787505220158315500		
17:13:41	1787505221345826800,1787505221347137300		
17:13:42	1787505222543356000		
17:13:43			
17:13:45	1787505225217115600		[17:13:45] ↑ STATE  ELEVATED → LOW  0.1700 µSv/h
17:13:46	1787505226196645400,1787505226198138600		[17:13:46] ↑ STATE  LOW → ELEVATED  0.2300 µSv/h | [17:13:46] ↑ STATE  ELEVATED → LOW  0.1700 µSv/h
17:13:47	1787505227707060700,1787505227709392100		[17:13:47] ↑ STATE  LOW → ELEVATED  0.2200 µSv/h | [17:13:47] ↑ STATE  ELEVATED → LOW  0.1700 µSv/h
17:13:48	1787505228701660400,1787505228705857800,1787505228711334000		[17:13:48] ⚡ CPS CLUSTER  16cts/10s  n=12  CV_IAT=1.051 |   RF est P=C·d²/K  @0.5m: 4.0-400.0W  (mid=20.0W)  CPS/s=1.6 | [17:13:48] ↑ STATE  LOW → ELEVATED  0.2200 µSv/h | [17:13:48] ↑ STATE  ELEVATED → LOW  0.1700 µSv/h
17:13:50	1787505230966727700,1787505230969637400,1787505230975530800		[17:13:50] ↑ STATE  LOW → ELEVATED  0.2200 µSv/h | [17:13:50] ↑ STATE  ELEVATED → LOW  0.1700 µSv/h
17:13:52	1787505232168195000,1787505232171348500,1787505232179482000,1787505232186402300		[17:13:52] ↑ STATE  LOW → ELEVATED  0.2100 µSv/h | [17:13:52] ↑ STATE  ELEVATED → LOW  0.1700 µSv/h
17:13:53	1787505233362789600,1787505233364335000,1787505233365753600,1787505233367829000,1787505233369384700		
17:13:54	1787505234548785000,1787505234552557800,1787505234553958100,1787505234554681600		
17:13:55	1787505235768156400,1787505235773674500,1787505235777049900		[17:13:55] ⚠⚠⚠ CPS UNIFORMITY LOCK  CPS=1 on 18/30s (60.0%)  zeros=12  highs=0  Poisson P<<0.001  CONTROLLED SOURCE CONFIRMED |   Natural Poisson: expected CPS=1 on ~9-13s  observed=18s  locked synthetic output indicated
17:13:57	1787505237189703700,1787505237195755300,1787505237197328000		[17:13:57] ⚡ OOK BURST PATTERN  CPS=2  burst=1.2s  gap=7.4s  duty=0.14  cycles=5 |   f=0.116Hz (SLF)  T=8.6s  CV_run=0.333  CV_gap=1.133  RF≈2.5W@0.5m |   ON/OFF KEYING SIGNATURE  identical CPS=2 repeated 5x  structured pulsed source confirmed
17:13:58	1787505238208070400,1787505238212331500	SIG#116 [1,1,0,1,0,0,1,1,0,1,0,0,1,1,0,1,0,1,1,1,0,1,0,1,1,1,0,1,0,1,1,0,0,1,0,1,1,0,0,1,0,1,1] pk=1	
17:13:59	1787505239702759400,1787505239705373200		
17:14:00	1787505240703045600,1787505240715824000		
17:14:02	1787505242958749000		[17:14:02] ⚠ EMF FINGERPRINT  score=4/7  n=3pk/2fl |   χ²/μ=0.001  m=1.309  SWR=0.28  CV_R=0.084  PSCI=0.141  CV_Re=0.037
17:14:04	1787505244169020000		[17:14:04] ⚡ CPS CLUSTER  17cts/10s  n=17  CV_IAT=1.372 |   RF est P=C·d²/K  @0.5m: 4.3-425.0W  (mid=21.3W)  CPS/s=1.7
17:14:05	1787505245362049000		
17:14:06	1787505246566125000		
17:14:07	1787505247762283000,1787505247766797800		
17:14:09	1787505249192345000,1787505249211426000		
17:14:10	1787505250209808400,1787505250213576700		[Min 005  17:13:09]  CPM=00114  ✓ COMPLETE
17:14:11	1787505251694749700,1787505251698614300		
17:14:12	1787505252695524000,1787505252700259000,1787505252706134300		
17:14:14	1787505254952275200,1787505254957996500,1787505254961550300		
17:14:16	1787505256163367200,1787505256165305300,1787505256166546000		
17:14:17	1787505257368554500,1787505257373668400		[17:14:17] ↓ STATE  LOW → FLAT  0.0900 µSv/h | [17:14:17] 🔄 FLOOR RECURRENCE  dr=0.0900 µSv/h  prior=17:12:54  interval=82.8s  (1.38min)
17:14:18	1787505258555100700,1787505258561924000,1787505258572745500		[17:14:18] ↑ STATE  FLAT → LOW  0.1200 µSv/h | [17:14:18] ↓ STATE  LOW → FLAT  0.0900 µSv/h
17:14:19	1787505259754745000,1787505259763511800		[17:14:19] ⚡ CPS CLUSTER  18cts/10s  n=18  CV_IAT=1.429 |   RF est P=C·d²/K  @0.5m: 4.5-450.0W  (mid=22.5W)  CPS/s=1.8 | [17:14:19] ↑ STATE  FLAT → LOW  0.1100 µSv/h | [17:14:19] ↓ STATE  LOW → FLAT  0.0900 µSv/h | [17:14:19] ↑ STATE  FLAT → LOW  0.1000 µSv/h
17:14:21	1787505261203209200,1787505261208238000,1787505261210543600		[17:14:21] ↓ STATE  LOW → FLAT  0.0900 µSv/h | [17:14:21] ↑ STATE  FLAT → LOW  0.1000 µSv/h
17:14:22	1787505262207007000,1787505262210812000		[17:14:22] ↓ STATE  LOW → FLAT  0.0900 µSv/h | [17:14:22] ↑ STATE  FLAT → LOW  0.1000 µSv/h
17:14:23	1787505263700082000,1787505263706908700		[17:14:23] ↓ STATE  LOW → FLAT  0.0900 µSv/h | [17:14:23] ↑ STATE  FLAT → LOW  0.1000 µSv/h | [17:14:23] ⚠⚠⚠ POWER LEVEL LOCK  dr=0.1000 µSv/h  hits=153  avg_interval=2.0s (0.03min)  CV=6.277 |   Source returns to identical power level 153x  Natural decay cannot reproduce fixed amplitude  Controlled RF source confirmed
17:14:24	1787505264685024500,1787505264691236000,1787505264705975800		[17:14:24] ↓ STATE  LOW → FLAT  0.0900 µSv/h | [17:14:24] ↑ STATE  FLAT → LOW  0.1000 µSv/h
17:14:26	1787505266951952400,1787505266959474700,1787505266966848300		[17:14:26] ↓ STATE  LOW → FLAT  0.0900 µSv/h | [17:14:26] ↑ STATE  FLAT → LOW  0.1000 µSv/h
17:14:28	1787505268162001700,1787505268170754300,1787505268175730200		
17:14:29	1787505269353215500,1787505269366790400,1787505269375396400,1787505269377244400		
17:14:30	1787505270561095000,1787505270566468000,1787505270569384000		
17:14:31	1787505271752125700,1787505271756887300,1787505271760059000,1787505271765896700		
17:14:33	1787505273189532200,1787505273192660000,1787505273194308600,1787505273197986300		[17:14:33] ⚠⚠ EMF FINGERPRINT  score=5/7  n=4pk/2fl |   χ²/μ=0.001  m=1.316  SWR=0.23  CV_R=0.103  PSCI=0.089  CV_Re=0.053
17:14:34	1787505274198079500,1787505274201048000,1787505274204735500		
17:14:35	1787505275692941300,1787505275694133000,1787505275695401500		[17:14:35] ⚡ CPS CLUSTER  28cts/10s  n=25  CV_IAT=1.553 |   RF est P=C·d²/K  @0.5m: 7.0-700.0W  (mid=35.0W)  CPS/s=2.8
17:14:36	1787505276692964600,1787505276695064600,1787505276698202400		
17:14:38	1787505278952722200,1787505278956682500		
17:14:40	1787505280150773800,1787505280157753900		
17:14:41	1787505281346159400	SIG#128 [1,0,1,0,0,0,1,0,1,0,0,0,1,0,1,0,1,0,1,0,1,0,1,0,1,0,1,0,1,0,0,0,1,0,1,0,0,0,1,0,1,0,0,0,1,0,1,0,0,0,1,0,1,0,0,0,1,0,1,0,0,0,1,0,1,0,0,0,1,0,1,0,0,0,1,0,1,0,0,1,1,0,1,0,0,1,0,0,1,0,0,1,0,1,1,0,0,1,0,1,1,0,0,1,0,1,1,0,0,1,0,1,1,0,2,1,0,1,1,0,2,0,0,1,1,0,2,0,0,1,1,0,2,0,0,0,1,0,2,0,0,0,1,0,2,0,0,0,1,0,2,0,0,0,1] pk=2	
17:14:42	1787505282559748900		[17:14:42] ⚡ OOK BURST PATTERN  CPS=1  burst=1.0s  gap=1.0s  duty=0.50  cycles=3 |   f=0.500Hz (SLF)  T=2.0s  CV_run=0.000  CV_gap=0.000  RF≈1.3W@0.5m |   ON/OFF KEYING SIGNATURE  identical CPS=1 repeated 3x  structured pulsed source confirmed
17:14:43	1787505283754075100,1787505283757801700		
17:14:45	1787505285201761800,1787505285205985300		
17:14:46	1787505286209935600		
17:14:47	1787505287687635200		
17:14:48	1787505288694992000,1787505288709459500		
17:14:50	1787505290956280000,1787505290963084800		[17:14:50] ⚡ CPS CLUSTER  10cts/10s  n=10  CV_IAT=0.725 |   RF est P=C·d²/K  @0.5m: 2.5-250.0W  (mid=12.5W)  CPS/s=1.0
17:14:52	1787505292157342200,1787505292164937200		
17:14:53	1787505293358478600	SIG#136 [1,0,0,0,1,0,1,0,0,0,1,0,1,0,0,0,1] pk=1	
17:14:54	1787505294548293000		
17:14:55	1787505295754800600,1787505295767128000		
17:14:57	1787505297200992800,1787505297207371300		[17:14:57] ↓ STATE  LOW → FLAT  0.0900 µSv/h | [17:14:57] 🔄 FLOOR RECURRENCE  dr=0.0900 µSv/h  prior=17:14:26  interval=30.3s  (0.50min)
17:14:58	1787505298199465000		[17:14:58] ↑ STATE  FLAT → LOW  0.1300 µSv/h | [17:14:58] ↓ STATE  LOW → FLAT  0.0900 µSv/h
17:14:59	1787505299696063700		[17:14:59] ↑ STATE  FLAT → LOW  0.1200 µSv/h | [17:14:59] ↓ STATE  LOW → FLAT  0.0900 µSv/h
17:15:00	1787505300689017900		[17:15:00] ↑ STATE  FLAT → LOW  0.1100 µSv/h | [17:15:00] ↓ STATE  LOW → FLAT  0.0900 µSv/h
17:15:02	1787505302964208600		[17:15:02] ↑ STATE  FLAT → LOW  0.1100 µSv/h | [17:15:02] ↓ STATE  LOW → FLAT  0.0900 µSv/h
17:15:04	1787505304158402300		[17:15:04] ↑ STATE  FLAT → LOW  0.1000 µSv/h | [17:15:04] ⚠⚠⚠ EMF FINGERPRINT  score=6/7  n=5pk/6fl |   χ²/μ=0.004  m=1.368  SWR=0.36  CV_R=0.184  PSCI=0.109  CV_Re=0.180 | [17:15:04] ↓ STATE  LOW → FLAT  0.0900 µSv/h
17:15:05	1787505305363123700		
17:15:06	1787505306559449000		[17:15:06] ⚡ CPS CLUSTER  8cts/10s  n=8  CV_IAT=0.537 |   RF est P=C·d²/K  @0.5m: 2.0-200.0W  (mid=10.0W)  CPS/s=0.8
17:15:07	1787505307763650800		
17:15:09	1787505309211659500		
17:15:10	1787505310200697000,1787505310207191600		[Min 006  17:14:09]  CPM=00100  ✓ COMPLETE
17:15:11	1787505311699085600,1787505311702911200		
17:15:12	1787505312688074000,1787505312690992400		
17:15:14	1787505314202499300,1787505314206981000	SIG#151 [1,0,0,0,1,0,1,0,0,0,1,0,1,0,0,0,1] pk=1	
17:15:15	1787505315199270000,1787505315204417000,1787505315205327000		
17:15:16	1787505316193478400,1787505316197896000,1787505316198841900		
17:15:17	1787505317189977600,1787505317192523000,1787505317193018000,1787505317194718200		
17:15:18	1787505318691820800,1787505318693846000,1787505318698759700,1787505318701214000		
17:15:19	1787505319700551000,1787505319701308700,1787505319703586300,1787505319705589200		[17:15:19] ↑ STATE  FLAT → LOW  0.1000 µSv/h
17:15:21	1787505321957195300,1787505321958921500,1787505321961938200,1787505321964017000		[17:15:21] ⚡ CPS CLUSTER  23cts/10s  n=23  CV_IAT=1.571 |   RF est P=C·d²/K  @0.5m: 5.8-575.0W  (mid=28.8W)  CPS/s=2.3 | [17:15:21] ↓ STATE  LOW → FLAT  0.0700 µSv/h | [17:15:21] ⚠⚠⚠ CPS UNIFORMITY LOCK  CPS=1 on 18/30s (60.0%)  zeros=12  highs=0  Poisson P<<0.001  CONTROLLED SOURCE CONFIRMED |   Natural Poisson: expected CPS=1 on ~9-13s  observed=18s  locked synthetic output indicated | [17:15:21] ↑ STATE  FLAT → LOW  0.1000 µSv/h
17:15:23	1787505323160144100,1787505323165779200,1787505323170504000,1787505323191134700		[17:15:23] ↓ STATE  LOW → FLAT  0.0800 µSv/h | [17:15:23] ↑ STATE  FLAT → LOW  0.1000 µSv/h
17:15:24	1787505324348981800,1787505324355836000,1787505324364389000		[17:15:24] ↓ STATE  LOW → FLAT  0.0800 µSv/h | [17:15:24] ↑ STATE  FLAT → LOW  0.1000 µSv/h | [17:15:24] ⚠⚠⚠ POWER LEVEL LOCK  dr=0.1000 µSv/h  hits=172  avg_interval=2.2s (0.04min)  CV=5.650 |   Source returns to identical power level 172x  Natural decay cannot reproduce fixed amplitude  Controlled RF source confirmed
17:15:25	1787505325548419000,1787505325550279200,1787505325553501000		[17:15:25] ↓ STATE  LOW → FLAT  0.0900 µSv/h | [17:15:25] ↑ STATE  FLAT → LOW  0.1000 µSv/h
17:15:26	1787505326755965400,1787505326766669600		[17:15:26] ↓ STATE  LOW → FLAT  0.0900 µSv/h | [17:15:26] ↑ STATE  FLAT → LOW  0.1000 µSv/h
17:15:28	1787505328197849600,1787505328204476700	SIG#152 [1,0,0,1,0,0,1,0,0,1,1,0,1,0,0,1,1,0,1,0,0,1,1,0,1,0,0,1,1,0,1,1,0,1,1,0,1,1,0,1,1,0,1,1,0,0,1,0,1,1,0,0,1,0,1,1,0,0,1,0,1,1,0,0,1,0,0,1,0,0,1] pk=1	[17:15:28] ⚡ OOK BURST PATTERN  CPS=1  burst=1.0s  gap=1.0s  duty=0.50  cycles=3 |   f=0.500Hz (SLF)  T=2.0s  CV_run=0.000  CV_gap=0.000  RF≈1.3W@0.5m |   ON/OFF KEYING SIGNATURE  identical CPS=1 repeated 3x  structured pulsed source confirmed
17:15:29	1787505329199032300,1787505329219971000		
17:15:30	1787505330199341800,1787505330212179700		
17:15:31	1787505331231167200	SIG#153 [1,0,0,0,1,0,1,0,0,0,1,0,1,0,0,0,1] pk=1	
17:15:32	1787505332689811500		
17:15:33	1787505333689144300		
17:15:35	1787505335950154800		[17:15:35] ⚠⚠⚠ EMF FINGERPRINT  score=6/7  n=3pk/5fl |   χ²/μ=0.002  m=1.273  SWR=0.23  CV_R=0.120  PSCI=0.058  CV_Re=0.129
17:15:37			[17:15:37] ⚡ CPS CLUSTER  10cts/10s  n=10  CV_IAT=0.825 |   RF est P=C·d²/K  @0.5m: 2.5-250.0W  (mid=12.5W)  CPS/s=1.0
17:15:38			
17:15:39			
17:15:40	1787505340763546600		
17:15:41	1787505341952013000,1787505341952761000		[17:15:41] ↓ STATE  LOW → FLAT  0.0900 µSv/h | [17:15:41] 🔄 FLOOR RECURRENCE  dr=0.0900 µSv/h  prior=17:15:26  interval=15.2s  (0.25min)
17:15:43	1787505343186205200,1787505343191599400		[17:15:43] ↑ STATE  FLAT → LOW  0.1300 µSv/h | [17:15:43] ↓ STATE  LOW → FLAT  0.0900 µSv/h
17:15:44	1787505344358235600,1787505344359185700,1787505344360920600		[17:15:44] ↑ STATE  FLAT → LOW  0.1300 µSv/h | [17:15:44] ↓ STATE  LOW → FLAT  0.0900 µSv/h
17:15:45	1787505345549109000,1787505345550228500,1787505345554099200		[17:15:45] ↑ STATE  FLAT → LOW  0.1200 µSv/h | [17:15:45] ↓ STATE  LOW → FLAT  0.0900 µSv/h
17:15:46	1787505346756539100,1787505346757312800,1787505346758854400		[17:15:46] ↑ STATE  FLAT → LOW  0.1100 µSv/h | [17:15:46] ↓ STATE  LOW → FLAT  0.0900 µSv/h
17:15:48	1787505348203064300,1787505348204138000,1787505348205636900,1787505348207662600		[17:15:48] ↑ STATE  FLAT → LOW  0.1000 µSv/h | [17:15:48] ↓ STATE  LOW → FLAT  0.0900 µSv/h
17:15:49	1787505349193004300,1787505349195635200,1787505349198827000,1787505349199539500		
17:15:50	1787505350702731800,1787505350705687800,1787505350706673700,1787505350707485400		[17:15:50] ↑ STATE  FLAT → LOW  0.1000 µSv/h
17:15:51	1787505351699992600,1787505351704539000,1787505351706106600,1787505351707017500		[17:15:51] ↓ STATE  LOW → FLAT  0.0900 µSv/h | [17:15:51] 小刀 PAINTBRUSH BURST  4 consecutive ticks  total=4cts  avg=1.0CPS  RF~1.3W@0.5m  bars merge = dense burst | [17:15:51] ↑ STATE  FLAT → LOW  0.1000 µSv/h
17:15:53	1787505353968648200,1787505353972244500,1787505353974311400		[17:15:53] ⚡ CPS CLUSTER  25cts/10s  n=25  CV_IAT=1.752 |   RF est P=C·d²/K  @0.5m: 6.3-625.0W  (mid=31.3W)  CPS/s=2.5 | [17:15:53] ↓ STATE  LOW → FLAT  0.0900 µSv/h | [17:15:53] ↑ STATE  FLAT → LOW  0.1000 µSv/h
17:15:55	1787505355176457500,1787505355179048000,1787505355180819000		[17:15:55] ↓ STATE  LOW → FLAT  0.0900 µSv/h | [17:15:55] ↑ STATE  FLAT → LOW  0.1000 µSv/h
17:15:56	1787505356363666700,1787505356368707600,1787505356370893300	SIG#161 [1,1,0,1,0,0,1,1,0,1,0,0,1,1,0,1,0,0,1,1,0,1,0,0,1,1,0,1,0,0,1,1,0,1,0,0,1,1,1,1,0,0,1,1,1,0,0,0,1,1,1,0,0,0,1,1,1,0,0,0,1,1,1] pk=1	[17:15:56] ↓ STATE  LOW → FLAT  0.0900 µSv/h | [17:15:56] ↑ STATE  FLAT → LOW  0.1000 µSv/h
17:15:57	1787505357552620000,1787505357554348800		[17:15:57] ↓ STATE  LOW → FLAT  0.0900 µSv/h | [17:15:57] ↑ STATE  FLAT → LOW  0.1000 µSv/h
17:15:58	1787505358755672600		
17:16:00			
17:16:01	1787505361207449000		
17:16:02	1787505362702921200		
17:16:03	1787505363710971600,1787505363715963600		
17:16:05	1787505365956065300,1787505365960179200		
17:16:07	1787505367174708700,1787505367180421000		
17:16:08	1787505368362526700,1787505368364861200		
17:16:09	1787505369563665000,1787505369566095400	SIG#166 [1,0,1,0,0,0,1,0,1,0,0,0,1,0,1,0,0,0,1,0,1,0,0,0,1,0,1] pk=1	[17:16:09] ⚡ CPS CLUSTER  11cts/10s  n=11  CV_IAT=0.895 |   RF est P=C·d²/K  @0.5m: 2.8-275.0W  (mid=13.8W)  CPS/s=1.1 | [17:16:09] ↓ STATE  LOW → FLAT  0.0900 µSv/h
17:16:10	1787505370756498400		[Min 007  17:15:09]  CPM=00106  ✓ COMPLETE | [17:16:10] ↑ STATE  FLAT → LOW  0.1100 µSv/h | [17:16:10] ↓ STATE  LOW → FLAT  0.0900 µSv/h
17:16:12	1787505372200463000		[17:16:12] ↑ STATE  FLAT → LOW  0.1100 µSv/h | [17:16:12] ↓ STATE  LOW → FLAT  0.0900 µSv/h | [17:16:12] 🔄 FLOOR RECURRENCE  dr=0.0900 µSv/h  prior=17:16:10  interval=1.4s  (0.02min)
17:16:13	1787505373220504800		[17:16:13] ↑ STATE  FLAT → LOW  0.1000 µSv/h | [17:16:13] ⚡ OOK BURST PATTERN  CPS=1  burst=1.0s  gap=1.0s  duty=0.50  cycles=3 |   f=0.500Hz (SLF)  T=2.0s  CV_run=0.000  CV_gap=0.000  RF≈1.3W@0.5m |   ON/OFF KEYING SIGNATURE  identical CPS=1 repeated 3x  structured pulsed source confirmed | [17:16:13] ↓ STATE  LOW → FLAT  0.0900 µSv/h
17:16:14	1787505374715645000,1787505374718244600		[17:16:14] ↑ STATE  FLAT → LOW  0.1000 µSv/h | [17:16:14] ↓ STATE  LOW → FLAT  0.0900 µSv/h
17:16:15	1787505375707838200,1787505375710133500,1787505375713748700		[17:16:15] ↑ STATE  FLAT → LOW  0.1000 µSv/h | [17:16:15] ↓ STATE  LOW → FLAT  0.0900 µSv/h | [17:16:15] ⚠⚠ EMF FINGERPRINT  score=5/7  n=2pk/4fl |   χ²/μ=0.001  m=1.235  SWR=0.20  CV_R=0.110  PSCI=0.048  CV_Re=0.132
17:16:17	1787505377974996500,1787505377979020300,1787505377982407000,1787505377987412200		
17:16:19	1787505379178758400,1787505379180824600,1787505379185151000,1787505379187328000,1787505379189856500		[17:16:19] 小刀 PAINTBRUSH BURST  4 consecutive ticks  total=5cts  avg=1.3CPS  RF~1.6W@0.5m  bars merge = dense burst
17:16:20	1787505380357708800,1787505380359890200,1787505380362161400,1787505380369238800,1787505380372071400		[17:16:20] ⚠⚠⚠ CONFIRMED ATTACK  CONSECUTIVE CPS CLUSTER  run=5s  total_counts=6  avg=1.20CPS/s  dr=0.0800  span=1.2s |   Poisson P(run≥5)<<0.001  NON-NATURAL SOURCE CONFIRMED  start=17:16:19 | [17:16:20] ↑ STATE  FLAT → LOW  0.1000 µSv/h
17:16:21	1787505381553452300,1787505381555229200,1787505381556074000,1787505381556773000,1787505381557554400		[17:16:21] ↓ STATE  LOW → FLAT  0.0700 µSv/h | [17:16:21] ⚠ EQUAL BURST SPACING  n=4  CPS≥2  interval=1.2s  CV=0.006  spacings=[1.2,1.2,1.2]  span=3.6s |   ⚠⚠ HIGHLY PERIODIC  f=0.840Hz  T=1.2s  total_counts=4 | [17:16:21] ⚠⚠⚠ CPS UNIFORMITY LOCK  CPS=1 on 18/30s (60.0%)  zeros=8  highs=4  Poisson P<<0.001  CONTROLLED SOURCE CONFIRMED |   Natural Poisson: expected CPS=1 on ~9-13s  observed=18s  locked synthetic output indicated | [17:16:21] ↑ STATE  FLAT → LOW  0.1000 µSv/h
17:16:22	1787505382753728000,1787505382757281000,1787505382759227400,1787505382761318000		[17:16:22] ↓ STATE  LOW → FLAT  0.0700 µSv/h | [17:16:22] ↑ STATE  FLAT → LOW  0.1000 µSv/h
17:16:24	1787505384193198300,1787505384196729000,1787505384199543000,1787505384209102600		[17:16:24] ↓ STATE  LOW → FLAT  0.0700 µSv/h | [17:16:24] ↑ STATE  FLAT → LOW  0.1000 µSv/h
17:16:25	1787505385203609600,1787505385205513000,1787505385214481200		[17:16:25] ⚡ CPS CLUSTER  38cts/10s  n=31  CV_IAT=1.892 |   RF est P=C·d²/K  @0.5m: 9.5-950.0W  (mid=47.5W)  CPS/s=3.8 | [17:16:25] ↓ STATE  LOW → FLAT  0.0700 µSv/h | [17:16:25] ↑ STATE  FLAT → LOW  0.1000 µSv/h | [17:16:25] ⚠⚠⚠ POWER LEVEL LOCK  dr=0.1000 µSv/h  hits=229  avg_interval=1.9s (0.03min)  CV=5.626 |   Source returns to identical power level 229x  Natural decay cannot reproduce fixed amplitude  Controlled RF source confirmed
17:16:26	1787505386203544000,1787505386211907600		[17:16:26] ↓ STATE  LOW → FLAT  0.0900 µSv/h | [17:16:26] ↑ STATE  FLAT → LOW  0.1000 µSv/h
17:16:27	1787505387706524200	SIG#171 [1,1,1,0,0,0,1,1,1,2,0,0,1,1,1,2,1,0,1,1,1,2,1,0,1,1,1,2,1,0,0,1,1,2,1,0,0,0,1,2,1,0,0,0,1,2,1,0,0,0,1,0,1,0,0,0,1] pk=2	
17:16:28	1787505388715795200,1787505388752149200		
17:16:30	1787505390954499000,1787505390959841500,1787505390961360400		
17:16:32	1787505392163172600,1787505392173650700,1787505392175509000,1787505392177018000		
17:16:33	1787505393359712000,1787505393361635800,1787505393363489500,1787505393366122000		
17:16:34	1787505394556276500,1787505394557164000,1787505394558038800,1787505394558960400		
17:16:35	1787505395769918200,1787505395771117000,1787505395773843200,1787505395776496000,1787505395779730200		
17:16:37	1787505397203339800,1787505397207758600,1787505397210830000,1787505397213281500,1787505397218276900		[17:16:37] 🔒 CPS LOCK  CPS=1 x4+ consecutive  P(Poisson)<<0.001  RF≈1.3W@0.5m | [17:16:37] 🔒 CPS LOCK END  was CPS=1 x4  now CPS=0 | [17:16:37] ⚠⚠⚠ CONFIRMED ATTACK  CONSECUTIVE CPS CLUSTER  run=5s  total_counts=5  avg=1.00CPS/s  dr=0.1800  span=1.4s |   Poisson P(run≥5)<<0.001  NON-NATURAL SOURCE CONFIRMED  start=17:16:35
17:16:38	1787505398213236000,1787505398215142000,1787505398216999700,1787505398222928400,1787505398227566300		[17:16:38] ⚡ BEAT INTERFERENCE CONFIRMED |   y = A1·sin(2πf₁t) + A2·sin(2πf₂t) |   A1=0.2300µSv/h  A2=0.1700µSv/h  A2/A1=0.739  floor/peak=0.739 |   f_beat=|f₁-f₂|=0.09348Hz  T_beat=10.7s  band=ELF |   RF P≈C·d²/K: carrier1≈0.07W  carrier2≈0.04W  @d=0.5m (K=0.2) |   TWO-SOURCE INTERFERENCE  dominant=0.2300µSv/h  secondary=0.1700µSv/h  freq-sep≈0.09348Hz  CV_env=0.100
17:16:39	1787505399693321700,1787505399696164900,1787505399705060600,1787505399711467300		
17:16:40	1787505400703155700,1787505400715223300,1787505400718455600		[17:16:40] ⚡ CPS CLUSTER  35cts/10s  n=35  CV_IAT=1.802 |   RF est P=C·d²/K  @0.5m: 8.8-875.0W  (mid=43.8W)  CPS/s=3.5
17:16:42	1787505402957211100,1787505402960262400		
17:16:44	1787505404168383700,1787505404173561600,1787505404186923500		
17:16:45	1787505405366008600,1787505405380177200,1787505405383494100		
17:16:46	1787505406553256200,1787505406559036400,1787505406560307500		[17:16:46] ⚠ EMF FINGERPRINT  score=4/7  n=8pk/5fl |   χ²/μ=0.001  m=1.165  SWR=0.11  CV_R=0.060  PSCI=0.018  CV_Re=0.046
17:16:47	1787505407763624700,1787505407764476000,1787505407765782000	SIG#173 [1,0,0,0,1,0,1,0,0,0,1,1,1,0,0,0,1,1,1,0,0,0,1,1,1,1,0,0,1,1,1,1,0,0,1,1,1,1,0,1,1,1,1,1,0,1,0,1,1,1,0,1,0,1,1,1,0,1,0,1,0,1,0,1,0,1,0,0,0,1,0,1,0,0,0,1,0,1,0,0,0,1,0,1,0,0,0,1,2,1,0,0,0,1,2] pk=2	
17:16:49	1787505409216594000,1787505409218226400,1787505409225535000		
17:16:50	1787505410206934000,1787505410210444000,1787505410214872600		
17:16:51	1787505411203378000,1787505411208964600,1787505411215345200		
17:16:52	1787505412702860800,1787505412706605300	SIG#174 [1,2,0,2,0,0,1,2,0,2,0,0,1,2,0,2,0,0,1,2,0,2,0,0,0,2,0,2] pk=2	
17:16:53	1787505413705739800,1787505413715405300		
17:16:55	1787505415963479800,1787505415969489700,1787505415970568700		[17:16:55] ⚡ CPS CLUSTER  33cts/10s  n=20  CV_IAT=1.397 |   RF est P=C·d²/K  @0.5m: 8.3-825.0W  (mid=41.3W)  CPS/s=3.3
17:16:57	1787505417178797600,1787505417179655000		
17:16:58	1787505418380705300,1787505418385505300,1787505418390515200		[17:16:58] ⚡ OOK BURST PATTERN  CPS=2  burst=2.2s  gap=5.2s  duty=0.30  cycles=6 |   f=0.136Hz (SLF)  T=7.3s  CV_run=0.620  CV_gap=0.769  RF≈2.5W@0.5m |   ON/OFF KEYING SIGNATURE  identical CPS=2 repeated 6x  structured pulsed source confirmed
17:16:59	1787505419579523000,1787505419582163700,1787505419587649300		
17:17:00	1787505420760784000,1787505420762120200,1787505420765815600		[17:17:00] ↑ STATE  LOW → ELEVATED  0.2000 µSv/h | [17:17:00] 🔄 PEAK RECURRENCE  dr=0.2000 µSv/h  seen 14x in log
17:17:02	1787505422209750500,1787505422211412500,1787505422214684700		[17:17:02] ↑ STATE  ELEVATED → LOW  0.1800 µSv/h | [17:17:02] ↑ STATE  LOW → ELEVATED  0.2000 µSv/h
17:17:03	1787505423203664100,1787505423208733200	SIG#179 [1,2,0,1,0,0,1,2,0,1,0,0,1,2,0,1,0,0,1,2,0,1,0,0,0,2,0,1] pk=2	[17:17:03] ↑ STATE  ELEVATED → LOW  0.1800 µSv/h | [17:17:03] ↑ STATE  LOW → ELEVATED  0.2000 µSv/h
17:17:04	1787505424716474400		[17:17:04] ↑ STATE  ELEVATED → LOW  0.1900 µSv/h | [17:17:04] ↑ STATE  LOW → ELEVATED  0.2000 µSv/h
17:17:05	1787505425703934200,1787505425733710600		[17:17:05] ↑ STATE  ELEVATED → LOW  0.1900 µSv/h | [17:17:05] ↑ STATE  LOW → ELEVATED  0.2000 µSv/h
17:17:07	1787505427992144100,1787505427995093800		[17:17:07] ↑ STATE  ELEVATED → LOW  0.1900 µSv/h | [17:17:07] ↑ STATE  LOW → ELEVATED  0.2000 µSv/h
17:17:09	1787505429193164300,1787505429196262100,1787505429198759000		
17:17:10	1787505430384875500,1787505430386909700,1787505430388824000		[Min 008  17:16:09]  CPM=00165  ✓ COMPLETE
17:17:11	1787505431579801900,1787505431581779700,1787505431583460600		[17:17:11] ⚡ CPS CLUSTER  23cts/10s  n=16  CV_IAT=1.315 |   RF est P=C·d²/K  @0.5m: 5.8-575.0W  (mid=28.8W)  CPS/s=2.3 | [17:17:11] ⚠⚠ STRUCTURED BURST PAIR  pairs=3  interval=1.2s  CV=0.002  spacings=[1.2,1.2]  span=2.4s |   f=0.839Hz  T=1.2s  pair_width=2s  CPS≥2  structured burst-pair source
17:17:12	1787505432760200400,1787505432762135800,1787505432764786400		
17:17:13	1787505433963412500,1787505433966167600,1787505433967774200,1787505433972530000		
17:17:15	1787505435172258000,1787505435175165700,1787505435180983800		
17:17:16	1787505436357991400,1787505436363066600		
17:17:17	1787505437567155700,1787505437573408500	SIG#184 [1,2,2,0,0,0,1,2,2,0,0,0,1,2,2,0,0,0,1,2,2,0,0,0,1,2,2,0,0,0,1,2,2,0,0,0,1,0,2,0,0,0,1] pk=2	
17:17:18	1787505438775848200,1787505438779045000		
17:17:20	1787505440217698300,1787505440225310700,1787505440228535300		
17:17:21	1787505441197589800,1787505441207473000,1787505441214477000,1787505441216010000		
17:17:22	1787505442711890000,1787505442714903800,1787505442715692500		
17:17:23	1787505443710928400,1787505443719329800,1787505443725077200,1787505443730303200		
17:17:25	1787505445961382100,1787505445972658200,1787505445976306000,1787505445982834200,1787505445984332800		[17:17:25] ⚠⚠⚠ POWER LEVEL LOCK  dr=0.2200 µSv/h  hits=131  avg_interval=2.6s (0.04min)  CV=7.072 |   Source returns to identical power level 131x  Natural decay cannot reproduce fixed amplitude  Controlled RF source confirmed
17:17:27	1787505447172479000,1787505447174600200,1787505447179155700,1787505447182105900		[17:17:27] ⚡ CPS CLUSTER  25cts/10s  n=23  CV_IAT=1.712 |   RF est P=C·d²/K  @0.5m: 6.3-625.0W  (mid=31.3W)  CPS/s=2.5
17:17:28	1787505448361642200,1787505448365654300,1787505448369790700,1787505448371728000		
17:17:29	1787505449573793000,1787505449579286000,1787505449581609000		
17:17:30	1787505450762837000,1787505450764411600,1787505450770850800	SIG#185 [1,0,0,1,0,0,1,0,0,1,0,0,1,0,0,1,0,1,1,0,0,1,0,1,1,0,0,1,0,1,1,0,0,1,0,1,1,0,2,1,0,1,1,0,2,1,0,1,1,0,2,1,0,1,1,0,2,1,0,0,1,0,2,1] pk=2	[17:17:30] 🔄 PEAK RECURRENCE  dr=0.2400 µSv/h  seen 2x in log
17:17:32	1787505452203179500,1787505452210035500,1787505452224818400		
17:17:33	1787505453211147500,1787505453218222600,1787505453223292200		
17:17:34	1787505454705597700,1787505454707035400		
17:17:35	1787505455706301000,1787505455712970500,1787505455719292400		
17:17:37	1787505457964936400,1787505457966780000,1787505457968622800		
17:17:39	1787505459173650700,1787505459181973800,1787505459185916000,1787505459191495700		
17:17:40	1787505460369267500,1787505460377238500,1787505460383292000		
17:17:41	1787505461571208700,1787505461578038300,1787505461582692000,1787505461585523200		
17:17:42	1787505462775655200,1787505462778758700,1787505462781113900		[17:17:42] ⚡ CPS CLUSTER  27cts/10s  n=22  CV_IAT=1.655 |   RF est P=C·d²/K  @0.5m: 6.8-675.0W  (mid=33.8W)  CPS/s=2.7
17:17:44	1787505464199666400,1787505464208151300,1787505464215106300		[17:17:44] ⚡ OOK BURST PATTERN  CPS=1  burst=2.0s  gap=2.0s  duty=0.50  cycles=3 |   f=0.250Hz (SLF)  T=4.0s  CV_run=0.000  CV_gap=0.000  RF≈1.3W@0.5m |   ON/OFF KEYING SIGNATURE  identical CPS=1 repeated 3x  structured pulsed source confirmed
17:17:45	1787505465219067400,1787505465221352400		
17:17:46	1787505466203206400,1787505466206748200,1787505466215258400		[17:17:46] ⚡ BEAT INTERFERENCE CONFIRMED |   y = A1·sin(2πf₁t) + A2·sin(2πf₂t) |   A1=0.2500µSv/h  A2=0.1700µSv/h  A2/A1=0.680  floor/peak=0.680 |   f_beat=|f₁-f₂|=0.33334Hz  T_beat=3.0s  band=SLF |   RF P≈C·d²/K: carrier1≈0.08W  carrier2≈0.04W  @d=0.5m (K=0.2) |   TWO-SOURCE INTERFERENCE  dominant=0.2500µSv/h  secondary=0.1700µSv/h  freq-sep≈0.33334Hz  CV_env=0.122
17:17:47	1787505467704560400,1787505467707584800		
17:17:48	1787505468708565500,1787505468725932500,1787505468738433800		
17:17:50	1787505470976584700,1787505470978874000,1787505470980057000		
17:17:52	1787505472175106800,1787505472176672000,1787505472177349000		
17:17:53	1787505473366113800,1787505473372963000,1787505473376702000,1787505473381248000		[17:17:53] ⚠ EMF FINGERPRINT  score=4/7  n=3pk/4fl |   χ²/μ=0.001  m=1.147  SWR=0.11  CV_R=0.063  PSCI=0.019  CV_Re=0.052
17:17:54	1787505474563015200,1787505474564787500,1787505474565559600,1787505474566917600		
17:17:55	1787505475767757300,1787505475770602500,1787505475774240500		
17:17:57	1787505477203340500,1787505477204872200,1787505477206618400		
17:17:58	1787505478213343000,1787505478225819000	SIG#186 [2,1,0,0,0,1,2,1,0,0,0,1,0,1,0,0,0,1,0,1,0,0,0,1,0,1,0,0,0,1,0,1,0,2,0,1,0,1,0,2,0,1,0,1,0,2,0,1,0,1,0,2,0,1,0,1,0,2,0,1,0,1,0,2,0,1,0,1,0,2,0,1,0,1,0,0,0,1,0,1,0,0,0,1,0,1,0,0,0,2,0,1,0,0,0,2,0,1,0,0,0,2,0,1,0,0,0,2,0,1,2,0,0,2,0,1,2,0,0,2,0,1,2,0,1,2,0,1,2,0,1,0,0,1,2,0,1,0,0,1,2,0,1,0,0,0,2,0,1] pk=2	[17:17:58] ⚡ CPS CLUSTER  36cts/10s  n=24  CV_IAT=1.581 |   RF est P=C·d²/K  @0.5m: 9.0-900.0W  (mid=45.0W)  CPS/s=3.6 | [17:17:58] ↑ STATE  ELEVATED → LOW  0.1900 µSv/h
17:17:59	1787505479220924000		[17:17:59] ↑ STATE  LOW → ELEVATED  0.2000 µSv/h | [17:17:59] ↑ STATE  ELEVATED → LOW  0.1900 µSv/h
17:18:00	1787505480699901200,1787505480719790600		[17:18:00] ↑ STATE  LOW → ELEVATED  0.2000 µSv/h | [17:18:00] ↑ STATE  ELEVATED → LOW  0.1900 µSv/h
17:18:01	1787505481730280200		[17:18:01] ↑ STATE  LOW → ELEVATED  0.2000 µSv/h | [17:18:01] 🔄 PEAK RECURRENCE  dr=0.2000 µSv/h  seen 61x in log | [17:18:01] ↑ STATE  ELEVATED → LOW  0.1900 µSv/h
17:18:03	1787505483970462700,1787505483973747000		[17:18:03] ↑ STATE  LOW → ELEVATED  0.2000 µSv/h | [17:18:03] ↑ STATE  ELEVATED → LOW  0.1900 µSv/h
17:18:05	1787505485181763300,1787505485191844000,1787505485195323000		[17:18:05] ↑ STATE  LOW → ELEVATED  0.2000 µSv/h | [17:18:05] ↑ STATE  ELEVATED → LOW  0.1900 µSv/h
17:18:06	1787505486378268000,1787505486386251800,1787505486390270200		
17:18:07	1787505487564829400,1787505487566551800,1787505487567273000		
17:18:08	1787505488763225000,1787505488768524800,1787505488770459400		
17:18:10	1787505490216415000,1787505490218668300	SIG#191 [1,0,1,0,0,0,1,0,1,1,0,0,1,0,1,1,0,0,1,0,1,1,0,0,1,0,1,1] pk=1	[Min 009  17:17:09]  CPM=00175  ✓ COMPLETE
17:18:11	1787505491207875300,1787505491209318400		
17:18:12	1787505492709436000,1787505492722414800		
17:18:13	1787505493719007000,1787505493721995000		[17:18:13] ⚡ CPS CLUSTER  21cts/10s  n=20  CV_IAT=1.314 |   RF est P=C·d²/K  @0.5m: 5.3-525.0W  (mid=26.3W)  CPS/s=2.1
17:18:15	1787505495979414000,1787505495989573000,1787505495991947800		
17:18:17	1787505497179701500,1787505497185207800,1787505497187217000		
17:18:18	1787505498377840000,1787505498380521000,1787505498382380000,1787505498394986500		
17:18:19	1787505499584930000,1787505499587215600,1787505499588557800,1787505499592150000		
17:18:20	1787505500773847600,1787505500776568600,1787505500778966000,1787505500787727400		
17:18:22	1787505502213699600,1787505502217239300,1787505502223363600		
17:18:23	1787505503212320000,1787505503217531400	SIG#197 [2,1,1,0,0,0,2,1,1,0,0,0,2,1,1,0,1,0,2,1,1,0,1,0,2,1,1,0,1,0,0,1,1,0,1,0,0,0,1,0,1] pk=2	
17:18:24	1787505504716021200		[17:18:24] ⚠ EMF FINGERPRINT  score=4/7  n=3pk/8fl |   χ²/μ=0.000  m=1.168  SWR=0.12  CV_R=0.054  PSCI=0.053  CV_Re=0.022
17:18:25	1787505505719031800		
17:18:27			[17:18:27] ⚠⚠⚠ POWER LEVEL LOCK  dr=0.1700 µSv/h  hits=236  avg_interval=2.2s (0.04min)  CV=5.594 |   Source returns to identical power level 236x  Natural decay cannot reproduce fixed amplitude  Controlled RF source confirmed
17:18:29	1787505509200637400		[17:18:29] ⚡ CPS CLUSTER  17cts/10s  n=15  CV_IAT=1.360 |   RF est P=C·d²/K  @0.5m: 4.3-425.0W  (mid=21.3W)  CPS/s=1.7 | [17:18:29] ⚡ OOK BURST PATTERN  CPS=1  burst=2.2s  gap=2.8s  duty=0.44  cycles=5 |   f=0.200Hz (SLF)  T=5.0s  CV_run=0.340  CV_gap=0.267  RF≈1.3W@0.5m |   ON/OFF KEYING SIGNATURE  identical CPS=1 repeated 5x  structured pulsed source confirmed
17:18:30	1787505510390155300		
17:18:31	1787505511582606000		
17:18:32	1787505512787886000,1787505512791686400		
17:18:34	1787505514230202600,1787505514238698500		
17:18:35	1787505515224985600,1787505515230223600		
17:18:36	1787505516219438800,1787505516225573400,1787505516228465400		
17:18:37	1787505517727774200,1787505517731338000		
17:18:38	1787505518710493000,1787505518715053300		
17:18:40	1787505520968787500,1787505520974900200,1787505520982964000		
17:18:42	1787505522190752800,1787505522198932200,1787505522201018600		[17:18:42] ⚠ BURST PAIR  pairs=7  interval=15.5s  CV=2.064  spacings=[1.2,1.2,1.2,1.2,1.2,87.0]  span=93.0s |   f=0.065Hz  T=15.5s  pair_width=2s  CPS≥2  structured burst-pair source
17:18:43	1787505523380458800,1787505523384312000,1787505523385310700,1787505523386526500		
17:18:44	1787505524570986000,1787505524574895000,1787505524575942400,1787505524576833300		[17:18:44] ⚡ CPS CLUSTER  30cts/10s  n=20  CV_IAT=1.393 |   RF est P=C·d²/K  @0.5m: 7.5-750.0W  (mid=37.5W)  CPS/s=3.0 | [17:18:44] 小刀 PAINTBRUSH BURST  4 consecutive ticks  total=6cts  avg=1.5CPS  RF~1.9W@0.5m  bars merge = dense burst
17:18:45	1787505525780793000,1787505525785090600,1787505525791207700		
17:18:46	1787505526983158500,1787505526984011300,1787505526984795100		
17:18:48	1787505528183133700,1787505528188384500,1787505528191265000	SIG#203 [1,0,0,2,0,0,1,0,0,2,0,0,1,0,0,2,0,0,1,0,0,2,0,0,1,0,0,2,0,0,1,0,0,2,0,0,1,0,0,2,0,0,1,0,0,2,0,0,1,0,0,2,2,0,1,0,0,2,2,1,1,0,0,2,2,1,0,0,0,2,2,1,0,0,0,2,2,1,0,0,0,2,2,1] pk=2	[17:18:48] ⚡ BEAT INTERFERENCE CONFIRMED |   y = A1·sin(2πf₁t) + A2·sin(2πf₂t) |   A1=0.2000µSv/h  A2=0.1700µSv/h  A2/A1=0.850  floor/peak=0.850 |   f_beat=|f₁-f₂|=0.40902Hz  T_beat=2.4s  band=SLF |   RF P≈C·d²/K: carrier1≈0.05W  carrier2≈0.04W  @d=0.5m (K=0.2) |   TWO-SOURCE INTERFERENCE  dominant=0.2000µSv/h  secondary=0.1700µSv/h  freq-sep≈0.40902Hz  CV_env=0.060
17:18:49	1787505529366928600,1787505529368594000		
17:18:50	1787505530573256200,1787505530589733000		[17:18:50] ↑ STATE  LOW → ELEVATED  0.2000 µSv/h | [17:18:50] 🔄 PEAK RECURRENCE  dr=0.2000 µSv/h  seen 64x in log
17:18:51	1787505531810115000		[17:18:51] ↑ STATE  ELEVATED → LOW  0.1500 µSv/h | [17:18:51] ↑ STATE  LOW → ELEVATED  0.2000 µSv/h
17:18:53	1787505533222124800		[17:18:53] ↑ STATE  ELEVATED → LOW  0.1600 µSv/h | [17:18:53] ↑ STATE  LOW → ELEVATED  0.2000 µSv/h
17:18:54	1787505534230964500,1787505534234264600		[17:18:54] ↑ STATE  ELEVATED → LOW  0.1800 µSv/h | [17:18:54] ↑ STATE  LOW → ELEVATED  0.2000 µSv/h
17:18:55	1787505535732276200,1787505535738514200		[17:18:55] ↑ STATE  ELEVATED → LOW  0.1900 µSv/h | [17:18:55] ⚠⚠⚠ EMF FINGERPRINT  score=6/7  n=7pk/4fl |   χ²/μ=0.003  m=1.234  SWR=0.21  CV_R=0.133  PSCI=0.091  CV_Re=0.094 | [17:18:55] ↑ STATE  LOW → ELEVATED  0.2000 µSv/h | [17:18:55] ↑ STATE  ELEVATED → LOW  0.1900 µSv/h
17:18:56	1787505536731832300,1787505536739773400		[17:18:56] ↑ STATE  LOW → ELEVATED  0.2000 µSv/h | [17:18:56] ↑ STATE  ELEVATED → LOW  0.1900 µSv/h
17:18:58	1787505538978256400,1787505538985851000,1787505538990205700		[17:18:58] ↑ STATE  LOW → ELEVATED  0.2000 µSv/h | [17:18:58] ↑ STATE  ELEVATED → LOW  0.1900 µSv/h
17:19:00	1787505540190407000,1787505540192569600		[17:19:00] ⚡ CPS CLUSTER  13cts/10s  n=13  CV_IAT=1.076 |   RF est P=C·d²/K  @0.5m: 3.3-325.0W  (mid=16.3W)  CPS/s=1.3 | [17:19:00] ↑ STATE  LOW → ELEVATED  0.2100 µSv/h | [17:19:00] ↑ STATE  ELEVATED → LOW  0.1900 µSv/h
17:19:01	1787505541371160000,1787505541374146600		[17:19:01] ↑ STATE  LOW → ELEVATED  0.2000 µSv/h | [17:19:01] ↑ STATE  ELEVATED → LOW  0.1900 µSv/h
17:19:02	1787505542571039700,1787505542576979200		[17:19:02] ↑ STATE  LOW → ELEVATED  0.2000 µSv/h | [17:19:02] ↑ STATE  ELEVATED → LOW  0.1900 µSv/h
17:19:03	1787505543784470500,1787505543791213300	SIG#209 [1,0,0,1,0,0,1,0,0,1,0,0,1,0,0,1,0,0,1,0,0,1,0,0,1,0,0,1,0,0,1,0,0,1,0,0,1,0,0,1,0,0,1] pk=1	
17:19:05	1787505545222025700,1787505545246727700		
17:19:06	1787505546213230800,1787505546231400700		
17:19:07	1787505547717654500,1787505547721415000	SIG#210 [1,0,0,0,1,0,1,0,0,0,1,0,1,0,0,0,1] pk=1	
17:19:08	1787505548718254800,1787505548727425300,1787505548731688200		[17:19:08] ⚠ BURST PAIR  pairs=13  interval=10.0s  CV=2.393  spacings=[1.2,1.2,1.2,1.2,1.2,87.0,1.2,1.2,1.2,1.2,1.2,20.5]  span=119.5s |   f=0.100Hz  T=10.0s  pair_width=2s  CPS≥2  structured burst-pair source
17:19:10	1787505550980937700,1787505550989426200,1787505550991169000,1787505550992584000		[Min 010  17:18:09]  CPM=00135  ✓ COMPLETE
17:19:12	1787505552183311600,1787505552187382300,1787505552188613400,1787505552190141200		[17:19:12] 小刀 PAINTBRUSH BURST  4 consecutive ticks  total=6cts  avg=1.5CPS  RF~1.9W@0.5m  bars merge = dense burst
17:19:13	1787505553386883800,1787505553389579000,1787505553391408000		
17:19:14	1787505554584508000,1787505554585276200,1787505554586055000		[17:19:14] ⚡ OOK BURST PATTERN  CPS=1  burst=1.3s  gap=2.3s  duty=0.36  cycles=4 |   f=0.286Hz (SLF)  T=3.5s  CV_run=0.346  CV_gap=0.192  RF≈1.3W@0.5m |   ON/OFF KEYING SIGNATURE  identical CPS=1 repeated 4x  structured pulsed source confirmed
17:19:15	1787505555773637000,1787505555777065700,1787505555779184000	SIG#211 [1,0,0,2,0,0,1,0,0,2,2,0,1,0,0,2,2,1,1,0,0,2,2,1,0,0,0,2,2,1,0,0,0,2,2,1,0,0,0,2,2,1] pk=2	[17:19:15] ⚡ CPS CLUSTER  34cts/10s  n=22  CV_IAT=1.485 |   RF est P=C·d²/K  @0.5m: 8.5-850.0W  (mid=42.5W)  CPS/s=3.4
17:19:17	1787505557229642500,1787505557231791400,1787505557238932700		
17:19:18	1787505558212948500,1787505558224873700,1787505558227023400		
17:19:19	1787505559741371400,1787505559744335000		[17:19:19] ↑ STATE  LOW → ELEVATED  0.2000 µSv/h
17:19:20	1787505560716191000,1787505560720125000		[17:19:20] ↑ STATE  ELEVATED → LOW  0.1400 µSv/h | [17:19:20] ↑ STATE  LOW → ELEVATED  0.2000 µSv/h | [17:19:20] 🔄 PEAK RECURRENCE  dr=0.2000 µSv/h  seen 67x in log
17:19:22	1787505562982742500,1787505562985587000		[17:19:22] ↑ STATE  ELEVATED → LOW  0.1500 µSv/h | [17:19:22] ↑ STATE  LOW → ELEVATED  0.2000 µSv/h
17:19:24	1787505564182203000,1787505564186063000		[17:19:24] ↑ STATE  ELEVATED → LOW  0.1600 µSv/h | [17:19:24] ⚠ BURST PAIR  pairs=20  interval=6.9s  CV=2.799  spacings=[1.2,1.2,87.0,1.2,1.2,1.2,1.2,1.2,20.5,2.3,1.2,1.2,1.2,1.2,2.4,1.5,1.0,2.3,1.2]  span=131.4s |   f=0.145Hz  T=6.9s  pair_width=2s  CPS≥2  structured burst-pair source | [17:19:24] ↑ STATE  LOW → ELEVATED  0.2000 µSv/h
17:19:25	1787505565373571800,1787505565377277400		[17:19:25] ↑ STATE  ELEVATED → LOW  0.1900 µSv/h | [17:19:25] ↑ STATE  LOW → ELEVATED  0.2000 µSv/h
17:19:26	1787505566583249400		[17:19:26] ↑ STATE  ELEVATED → LOW  0.1900 µSv/h | [17:19:26] ⚠⚠⚠ EMF FINGERPRINT  score=6/7  n=4pk/6fl |   χ²/μ=0.005  m=1.296  SWR=0.27  CV_R=0.179  PSCI=0.118  CV_Re=0.127 | [17:19:26] ↑ STATE  LOW → ELEVATED  0.2000 µSv/h
17:19:27			
17:19:29			[17:19:29] ⚠⚠⚠ POWER LEVEL LOCK  dr=0.2000 µSv/h  hits=141  avg_interval=3.3s (0.06min)  CV=5.826 |   Source returns to identical power level 141x  Natural decay cannot reproduce fixed amplitude  Controlled RF source confirmed | [17:19:29] ↑ STATE  ELEVATED → LOW  0.1600 µSv/h
17:19:30	1787505570247101000		[17:19:30] ↑ STATE  LOW → ELEVATED  0.2000 µSv/h | [17:19:30] ↑ STATE  ELEVATED → LOW  0.1600 µSv/h
17:19:31	1787505571732772400		[17:19:31] ⚡ CPS CLUSTER  15cts/10s  n=8  CV_IAT=1.162 |   RF est P=C·d²/K  @0.5m: 3.8-375.0W  (mid=18.8W)  CPS/s=1.5 | [17:19:31] ↑ STATE  LOW → ELEVATED  0.2000 µSv/h | [17:19:31] ↑ STATE  ELEVATED → LOW  0.1600 µSv/h
17:19:32	1787505572722257200		[17:19:32] ↑ STATE  LOW → ELEVATED  0.2000 µSv/h | [17:19:32] ↑ STATE  ELEVATED → LOW  0.1600 µSv/h
17:19:34	1787505574995881500		[17:19:34] ↑ STATE  LOW → ELEVATED  0.2000 µSv/h | [17:19:34] ↑ STATE  ELEVATED → LOW  0.1600 µSv/h
17:19:35			
17:19:36	1787505576185823000,1787505576189316000		[17:19:36] ↑ STATE  LOW → ELEVATED  0.2000 µSv/h | [17:19:36] ↑ STATE  ELEVATED → LOW  0.1600 µSv/h
17:19:37	1787505577387946000,1787505577405686800,1787505577408623600		[17:19:37] ↓ STATE  LOW → FLAT  0.0900 µSv/h | [17:19:37] 🔄 FLOOR RECURRENCE  dr=0.0900 µSv/h  prior=17:16:26  interval=191.2s  (3.19min)
17:19:38	1787505578577688300,1787505578584464400,1787505578586732300,1787505578588580900		[17:19:38] ↑ STATE  FLAT → LOW  0.1500 µSv/h | [17:19:38] ↓ STATE  LOW → FLAT  0.0900 µSv/h
17:19:39	1787505579786795500,1787505579789679400,1787505579791897600		[17:19:39] ↑ STATE  FLAT → LOW  0.1400 µSv/h | [17:19:39] ↓ STATE  LOW → FLAT  0.0900 µSv/h
17:19:41	1787505581229826300,1787505581235144000,1787505581240423200		[17:19:41] ↑ STATE  FLAT → LOW  0.1200 µSv/h | [17:19:41] ↓ STATE  LOW → FLAT  0.0900 µSv/h
17:19:42	1787505582216341500,1787505582220999000,1787505582225069300		[17:19:42] ↑ STATE  FLAT → LOW  0.1100 µSv/h | [17:19:42] ↓ STATE  LOW → FLAT  0.0900 µSv/h
17:19:43	1787505583713386000,1787505583717495000,1787505583722209300	SIG#225 [1,0,0,0,1,0,1,0,0,0,1,1,1,0,0,0,1,1,1,0,0,0,1,1,1,0,0,0,1,1,1,0,0,0,1,1,1,0,0,0,1,1,1] pk=1	[17:19:43] ↑ STATE  FLAT → LOW  0.1000 µSv/h | [17:19:43] ↓ STATE  LOW → FLAT  0.0900 µSv/h
17:19:44	1787505584718307600,1787505584726050800		
17:19:46	1787505586971188700		[17:19:46] ⚡ CPS CLUSTER  22cts/10s  n=22  CV_IAT=1.489 |   RF est P=C·d²/K  @0.5m: 5.5-550.0W  (mid=27.5W)  CPS/s=2.2
17:19:48			
17:19:49			[17:19:49] ↑ STATE  FLAT → LOW  0.1000 µSv/h
17:19:50			[17:19:50] ↓ STATE  LOW → FLAT  0.0900 µSv/h | [17:19:50] ↑ STATE  FLAT → LOW  0.1000 µSv/h
17:19:51	1787505591807211000		[17:19:51] ↓ STATE  LOW → FLAT  0.0900 µSv/h | [17:19:51] ↑ STATE  FLAT → LOW  0.1000 µSv/h
17:19:53	1787505593264796700		[17:19:53] ↓ STATE  LOW → FLAT  0.0900 µSv/h | [17:19:53] ↑ STATE  FLAT → LOW  0.1000 µSv/h
17:19:54	1787505594231856000		[17:19:54] ↓ STATE  LOW → FLAT  0.0900 µSv/h | [17:19:54] ↑ STATE  FLAT → LOW  0.1000 µSv/h
17:19:55	1787505595718005500		[17:19:55] ↓ STATE  LOW → FLAT  0.0900 µSv/h | [17:19:55] ↑ STATE  FLAT → LOW  0.1000 µSv/h
17:19:56	1787505596725068500		
17:19:58	1787505598986364200		
17:20:00	1787505600192892000		[17:20:00] ⚡ OOK BURST PATTERN  CPS=1  burst=1.0s  gap=3.6s  duty=0.22  cycles=5 |   f=0.217Hz (SLF)  T=4.6s  CV_run=0.000  CV_gap=0.136  RF≈1.3W@0.5m |   ON/OFF KEYING SIGNATURE  identical CPS=1 repeated 5x  structured pulsed source confirmed | [17:20:00] ↓ STATE  LOW → FLAT  0.0900 µSv/h
17:20:01			[17:20:01] ↑ STATE  FLAT → LOW  0.1000 µSv/h | [17:20:01] ↓ STATE  LOW → FLAT  0.0900 µSv/h
17:20:02			[17:20:02] ⚡ STRUCTURED CLUSTER  6cts/10s  n=6  CV_IAT=0.343  non-Poisson |   RF est P=C·d²/K  @0.5m: 1.5-150.0W  (mid=7.5W)  CPS/s=0.6 | [17:20:02] ↑ STATE  FLAT → LOW  0.1100 µSv/h | [17:20:02] ↓ STATE  LOW → FLAT  0.0900 µSv/h
17:20:03			[17:20:03] ↑ STATE  FLAT → LOW  0.1100 µSv/h | [17:20:03] ⚠ EMF FINGERPRINT  score=4/7  n=2pk/3fl |   χ²/μ=0.000  m=1.269  SWR=0.15  CV_R=0.069  PSCI=0.000  CV_Re=0.054 | [17:20:03] ↓ STATE  LOW → FLAT  0.0900 µSv/h
17:20:04	1787505604978378500		[17:20:04] ↑ STATE  FLAT → LOW  0.1000 µSv/h | [17:20:04] ↓ STATE  LOW → FLAT  0.0900 µSv/h
17:20:06	1787505606201085200,1787505606205335300		[17:20:06] ↑ STATE  FLAT → LOW  0.1000 µSv/h | [17:20:06] ↓ STATE  LOW → FLAT  0.0900 µSv/h | [17:20:06] ⚠ BURST PAIR  pairs=20  interval=9.0s  CV=2.302  spacings=[87.0,1.2,1.2,1.2,1.2,1.2,20.5,2.3,1.2,1.2,1.2,1.2,2.4,1.5,1.0,2.3,1.2,1.2,40.8]  span=171.0s |   f=0.111Hz  T=9.0s  pair_width=2s  CPS≥2  structured burst-pair source
17:20:07	1787505607392414200,1787505607398156300,1787505607400324600		
17:20:08	1787505608599689000,1787505608606981400,1787505608613361000		[17:20:08] 🔄 FLOOR RECURRENCE  dr=0.0900 µSv/h  prior=17:20:07  interval=1.2s  (0.02min)
17:20:09	1787505609789148400,1787505609790976300,1787505609797903600		
17:20:11	1787505611229852200,1787505611233204200,1787505611236819700		[Min 011  17:19:09]  CPM=00115  ✓ COMPLETE | [17:20:11] ↑ STATE  FLAT → LOW  0.1100 µSv/h
17:20:12	1787505612218788000,1787505612220414000,1787505612221212700	SIG#237 [2,2,1,0,0,0,2,2,1,0,0,0,2,2,1,0,0,0,2,2,1,0,0,0,2,2,1] pk=2	[17:20:12] ↓ STATE  LOW → FLAT  0.0600 µSv/h | [17:20:12] ↑ STATE  FLAT → LOW  0.1100 µSv/h
17:20:13	1787505613712561400,1787505613715136500		[17:20:13] ↓ STATE  LOW → FLAT  0.0600 µSv/h | [17:20:13] ↑ STATE  FLAT → LOW  0.1100 µSv/h
17:20:14	1787505614716451600		[17:20:14] ↓ STATE  LOW → FLAT  0.0700 µSv/h | [17:20:14] ↑ STATE  FLAT → LOW  0.1100 µSv/h
17:20:16	1787505616988602000		[17:20:16] ↓ STATE  LOW → FLAT  0.0800 µSv/h | [17:20:16] ↑ STATE  FLAT → LOW  0.1100 µSv/h
17:20:18	1787505618215926800,1787505618217269500		[17:20:18] ⚡ CPS CLUSTER  25cts/10s  n=16  CV_IAT=1.314 |   RF est P=C·d²/K  @0.5m: 6.3-625.0W  (mid=31.3W)  CPS/s=2.5 | [17:20:18] ↓ STATE  LOW → FLAT  0.0800 µSv/h | [17:20:18] ↑ STATE  FLAT → LOW  0.1100 µSv/h
17:20:19	1787505619388865800,1787505619389478400,1787505619390404900		
17:20:20	1787505620574042400,1787505620574611000,1787505620575794000		
17:20:21	1787505621800959200,1787505621802979600,1787505621809975300		
17:20:23	1787505623224731600,1787505623226022000,1787505623228982800		
17:20:24	1787505624233333800,1787505624235611400,1787505624237446400	SIG#242 [1,1,1,0,0,0,1,1,1,0,0,0,1,1,1,0,0,0,1,1,1,0,0,0,1,1,1] pk=1	
17:20:25	1787505625722989600,1787505625725174300		
17:20:26	1787505626729914600,1787505626740353300		
17:20:28	1787505628997012200		
17:20:29			
17:20:30	1787505630199610400		[17:20:30] ⚠⚠⚠ POWER LEVEL LOCK  dr=0.1400 µSv/h  hits=295  avg_interval=2.3s (0.04min)  CV=3.917 |   Source returns to identical power level 295x  Natural decay cannot reproduce fixed amplitude  Controlled RF source confirmed
17:20:31	1787505631395823400		
17:20:32	1787505632589319000		
17:20:33	1787505633787586300		[17:20:33] ⚡ CPS CLUSTER  11cts/10s  n=11  CV_IAT=0.898 |   RF est P=C·d²/K  @0.5m: 2.8-275.0W  (mid=13.8W)  CPS/s=1.1 | [17:20:33] ⚠ EMF FINGERPRINT  score=4/7  n=2pk/4fl |   χ²/μ=0.001  m=1.265  SWR=0.17  CV_R=0.082  PSCI=0.032  CV_Re=0.068
17:20:35	1787505635230784500		[17:20:35] ↓ STATE  LOW → FLAT  0.0900 µSv/h
17:20:36			[17:20:36] ↑ STATE  FLAT → LOW  0.1400 µSv/h | [17:20:36] ↓ STATE  LOW → FLAT  0.0900 µSv/h
17:20:37			[17:20:37] ↑ STATE  FLAT → LOW  0.1300 µSv/h | [17:20:37] ↓ STATE  LOW → FLAT  0.0900 µSv/h
17:20:38	1787505638728849400		[17:20:38] ↑ STATE  FLAT → LOW  0.1200 µSv/h | [17:20:38] ↓ STATE  LOW → FLAT  0.0900 µSv/h | [17:20:38] 🔄 FLOOR RECURRENCE  dr=0.0900 µSv/h  prior=17:20:37  interval=1.5s  (0.02min)
17:20:39	1787505639728656600,1787505639731518200		[17:20:39] ↑ STATE  FLAT → LOW  0.1100 µSv/h | [17:20:39] ↓ STATE  LOW → FLAT  0.0900 µSv/h
17:20:41	1787505641989265400,1787505641990475000,1787505641991970300		[17:20:41] ↑ STATE  FLAT → LOW  0.1000 µSv/h | [17:20:41] ↓ STATE  LOW → FLAT  0.0900 µSv/h
17:20:43	1787505643198514700,1787505643200990000,1787505643203920600,1787505643206325000		
17:20:44	1787505644391580200,1787505644395612000,1787505644398986200,1787505644401037800		[17:20:44] 小刀 PAINTBRUSH BURST  4 consecutive ticks  total=5cts  avg=1.3CPS  RF~1.6W@0.5m  bars merge = dense burst | [17:20:44] ↑ STATE  FLAT → LOW  0.1000 µSv/h
17:20:45	1787505645576690200,1787505645577491500,1787505645578478000,1787505645579535000		[17:20:45] ⚡ OOK BURST PATTERN  CPS=1  burst=7.4s  gap=24.2s  duty=0.23  cycles=5 |   f=0.032Hz (ELF)  T=31.6s  CV_run=1.530  CV_gap=1.732  RF≈1.3W@0.5m |   ON/OFF KEYING SIGNATURE  identical CPS=1 repeated 5x  structured pulsed source confirmed | [17:20:45] ↓ STATE  LOW → FLAT  0.0800 µSv/h | [17:20:45] ↑ STATE  FLAT → LOW  0.1000 µSv/h
17:20:46	1787505646783645200,1787505646790496500,1787505646795487700,1787505646799731700		[17:20:46] ↓ STATE  LOW → FLAT  0.0800 µSv/h | [17:20:46] ↑ STATE  FLAT → LOW  0.1000 µSv/h
17:20:48	1787505648220755200,1787505648225233200,1787505648227648800	SIG#254 [2,1,1,0,0,0,2,1,1,1,0,0,2,1,1,1,0,0,2,1,1,1,0,0,2,1,1,1,0,0,0,1,1,1] pk=2	[17:20:48] ↓ STATE  LOW → FLAT  0.0800 µSv/h | [17:20:48] ↑ STATE  FLAT → LOW  0.1000 µSv/h
17:20:49	1787505649232080600,1787505649236669200		[17:20:49] ⚡ CPS CLUSTER  31cts/10s  n=25  CV_IAT=1.635 |   RF est P=C·d²/K  @0.5m: 7.8-775.0W  (mid=38.8W)  CPS/s=3.1 | [17:20:49] ↓ STATE  LOW → FLAT  0.0900 µSv/h | [17:20:49] ↑ STATE  FLAT → LOW  0.1000 µSv/h
17:20:50	1787505650223495700		[17:20:50] ↓ STATE  LOW → FLAT  0.0900 µSv/h | [17:20:50] ↑ STATE  FLAT → LOW  0.1000 µSv/h
17:20:51			
17:20:52			
17:20:54			
17:20:55			
17:20:56			
17:20:57			
17:20:58			
17:21:00			
17:21:01	1787505661006808300		
17:21:02	1787505662198100200,1787505662198782500		
17:21:03	1787505663407459600,1787505663411657700,1787505663416305700		
17:21:04	1787505664595468300,1787505664596282000,1787505664597283000,1787505664598099200		[17:21:04] ⚡ CPS CLUSTER  8cts/10s  n=6  CV_IAT=1.217 |   RF est P=C·d²/K  @0.5m: 2.0-200.0W  (mid=10.0W)  CPS/s=0.8
17:21:05	1787505665790590700,1787505665792825300,1787505665794692000,1787505665796203300		[17:21:05] 小刀 PAINTBRUSH BURST  4 consecutive ticks  total=5cts  avg=1.3CPS  RF~1.6W@0.5m  bars merge = dense burst | [17:21:05] ⚠ EMF FINGERPRINT  score=4/7  n=2pk/4fl |   χ²/μ=0.001  m=1.200  SWR=0.16  CV_R=0.090  PSCI=0.037  CV_Re=0.074
17:21:07	1787505667244010200,1787505667244800000,1787505667245469700,1787505667246195000		
17:21:08	1787505668233280500,1787505668237793000,1787505668241295600,1787505668244393200		
17:21:09	1787505669743038200,1787505669745604600,1787505669748126200,1787505669759570200		
17:21:10	1787505670743686700,1787505670747045400,1787505670759566800,1787505670761830700		[Min 012  17:20:09]  CPM=00111  ✓ COMPLETE
17:21:13	1787505673002682400,1787505673006492000,1787505673007307800		
17:21:14	1787505674212426000,1787505674215834000	SIG#259 [1,2,1,0,0,0,1,2,1,1,0,0,1,2,1,1,0,0,1,2,1,1,0,0,1,2,1,1,0,0,0,2,1,1,0,0,0,1,1,1,0,0,0,1,1,1,0,0,0,1,1] pk=2	
17:21:15	1787505675409390300,1787505675415599900,1787505675425694700		
17:21:16	1787505676604431400,1787505676605244400,1787505676609594600		
17:21:17	1787505677793429000,1787505677796596200,1787505677824530700		
17:21:19	1787505679233298000,1787505679243424800,1787505679251095300		[17:21:19] ⚡ BEAT INTERFERENCE CONFIRMED |   y = A1·sin(2πf₁t) + A2·sin(2πf₂t) |   A1=0.2000µSv/h  A2=0.1300µSv/h  A2/A1=0.650  floor/peak=0.650 |   f_beat=|f₁-f₂|=0.14447Hz  T_beat=6.9s  band=SLF |   RF P≈C·d²/K: carrier1≈0.05W  carrier2≈0.02W  @d=0.5m (K=0.2) |   TWO-SOURCE INTERFERENCE  dominant=0.2000µSv/h  secondary=0.1300µSv/h  freq-sep≈0.14447Hz  CV_env=0.139
17:21:20	1787505680242505000,1787505680247704600		[17:21:20] ⚡ CPS CLUSTER  21cts/10s  n=21  CV_IAT=1.582 |   RF est P=C·d²/K  @0.5m: 5.3-525.0W  (mid=26.3W)  CPS/s=2.1
17:21:21	1787505681243189200,1787505681253867800,1787505681261469700		
17:21:22	1787505682733062000,1787505682737009400,1787505682738608600		
17:21:23	1787505683745681700,1787505683748236300,1787505683749498000		
17:21:26	1787505686003060700,1787505686004766000,1787505686006189000		
17:21:27	1787505687200950000,1787505687204021000,1787505687205420800		
17:21:28	1787505688407186700,1787505688408581600		
17:21:29	1787505689601342700,1787505689604009200	SIG#261 [1,1,0,0,1,0,1,1,0,0,1,0,1,1,0,0,1,0,0,1,0,0,1,0,0,1,0,0,1,0,0,1,0,0,1,0,0,1,0,1,1,0,0,1,0,1,0,0,0,1,0,1,0,1,0,1,0,1,0,1,0,1,0,1,0,1,0,0,0,1,0,1,0,0,0,1,0,1] pk=1	
17:21:30	1787505690805824500		[17:21:30] ⚡ OOK BURST PATTERN  CPS=1  burst=2.6s  gap=2.4s  duty=0.52  cycles=5 |   f=0.200Hz (SLF)  T=5.0s  CV_run=0.188  CV_gap=0.204  RF≈1.3W@0.5m |   ON/OFF KEYING SIGNATURE  identical CPS=1 repeated 5x  structured pulsed source confirmed | [17:21:30] ⚠⚠⚠ POWER LEVEL LOCK  dr=0.1900 µSv/h  hits=159  avg_interval=4.2s (0.07min)  CV=4.591 |   Source returns to identical power level 159x  Natural decay cannot reproduce fixed amplitude  Controlled RF source confirmed
17:21:32	1787505692243343000		
17:21:33	1787505693272869400		
17:21:34	1787505694774523100		
17:21:35	1787505695754321200,1787505695757723600		[17:21:35] ⚡ CPS CLUSTER  14cts/10s  n=14  CV_IAT=0.938 |   RF est P=C·d²/K  @0.5m: 3.5-350.0W  (mid=17.5W)  CPS/s=1.4
17:21:37	1787505697262202000,1787505697267841500		[17:21:37] ⚠⚠⚠ EMF FINGERPRINT  score=6/7  n=3pk/6fl |   χ²/μ=0.003  m=1.241  SWR=0.21  CV_R=0.124  PSCI=0.045  CV_Re=0.118
17:21:38	1787505698252125000,1787505698262388500		
17:21:39	1787505699251914200,1787505699257537300		
17:21:40	1787505700749457400,1787505700763458600	SIG#266 [1,0,1,0,0,0,1,0,1,0,0,0,1,0,1,0,0,0,1,0,1,0,0,0,1,0,1] pk=1	
17:21:41	1787505701756489700,1787505701765328100		
17:21:43	1787505703241028000,1787505703246111000		
17:21:44	1787505704253088500		
17:21:45	1787505705265421800,1787505705283871500		
17:21:46	1787505706745344000,1787505706755779300		
17:21:47	1787505707759268000,1787505707769117700		
17:21:50	1787505710007050500,1787505710017872600		
17:21:51	1787505711221670000	SIG#271 [2,0,0,1,0,0,2,0,0,1,0,0,2,0,0,1,0,0,2,0,0,1] pk=2	[17:21:51] ⚡ CPS CLUSTER  20cts/10s  n=13  CV_IAT=1.084 |   RF est P=C·d²/K  @0.5m: 5.0-500.0W  (mid=25.0W)  CPS/s=2.0
17:21:52	1787505712405736700		
17:21:53	1787505713602866200,1787505713616511500		
17:21:54	1787505714815241500		
17:21:56	1787505716270322700,1787505716272823300		
17:21:57	1787505717261664000,1787505717267208200		
17:21:58	1787505718757916400,1787505718760035600		
17:21:59	1787505719756062200,1787505719758536700		
17:22:02	1787505722023269000,1787505722028993500	SIG#277 [1,0,1,0,0,0,1,0,1,0,0,0,1,0,1,0,0,0,1,0,1,0,0,0,1,0,1] pk=1	
17:22:03	1787505723227376400,1787505723230435600		
17:22:04	1787505724408443000,1787505724425305000,1787505724427071500		
17:22:05	1787505725618661400,1787505725619235600		
17:22:06	1787505726833457400,1787505726836228600		[17:22:06] ⚡ CPS CLUSTER  15cts/10s  n=15  CV_IAT=1.234 |   RF est P=C·d²/K  @0.5m: 3.8-375.0W  (mid=18.8W)  CPS/s=1.5
17:22:08	1787505728265992400,1787505728266685400		
17:22:09	1787505729261259000,1787505729261932500,1787505729266012000		
17:22:10	1787505730763264500,1787505730765890800,1787505730773286100		[Min 013  17:21:09]  CPM=00105  ✓ COMPLETE
17:22:11	1787505731758459100,1787505731771459800		
17:22:14	1787505734017609000	SIG#284 [1,1,0,0,0,1,1,1,0,0,0,1,0,1,0,0,0,1] pk=1	
17:22:15	1787505735238535700		[17:22:15] ⚠ EMF FINGERPRINT  score=4/7  n=3pk/3fl |   χ²/μ=0.001  m=1.154  SWR=0.14  CV_R=0.075  PSCI=0.054  CV_Re=0.063
17:22:16	1787505736421377300		[17:22:16] ⚡ OOK BURST PATTERN  CPS=1  burst=1.0s  gap=2.0s  duty=0.33  cycles=3 |   f=0.333Hz (SLF)  T=3.0s  CV_run=0.000  CV_gap=0.000  RF≈1.3W@0.5m |   ON/OFF KEYING SIGNATURE  identical CPS=1 repeated 3x  structured pulsed source confirmed
17:22:17	1787505737623244300		
17:22:18			
17:22:20			[17:22:20] ⚡ BEAT INTERFERENCE CONFIRMED |   y = A1·sin(2πf₁t) + A2·sin(2πf₂t) |   A1=0.1900µSv/h  A2=0.1300µSv/h  A2/A1=0.684  floor/peak=0.684 |   f_beat=|f₁-f₂|=0.38421Hz  T_beat=2.6s  band=SLF |   RF P≈C·d²/K: carrier1≈0.05W  carrier2≈0.02W  @d=0.5m (K=0.2) |   TWO-SOURCE INTERFERENCE  dominant=0.1900µSv/h  secondary=0.1300µSv/h  freq-sep≈0.38421Hz  CV_env=0.126 | [17:22:20] ↓ STATE  LOW → FLAT  0.0900 µSv/h | [17:22:20] 🔄 FLOOR RECURRENCE  dr=0.0900 µSv/h  prior=17:20:50  interval=90.0s  (1.50min)
17:22:21			[17:22:21] ↑ STATE  FLAT → LOW  0.1200 µSv/h | [17:22:21] ↓ STATE  LOW → FLAT  0.0900 µSv/h
17:22:22	1787505742769270000		[17:22:22] ↑ STATE  FLAT → LOW  0.1100 µSv/h | [17:22:22] ↓ STATE  LOW → FLAT  0.0900 µSv/h | [17:22:22] ⚡ CPS CLUSTER  5cts/10s  n=5  CV_IAT=0.781 |   RF est P=C·d²/K  @0.5m: 1.3-125.0W  (mid=6.3W)  CPS/s=0.5
17:22:23	1787505743772548600		[17:22:23] ↑ STATE  FLAT → LOW  0.1100 µSv/h | [17:22:23] ↓ STATE  LOW → FLAT  0.0900 µSv/h
17:22:26	1787505746043741400,1787505746051882000		[17:22:26] ↑ STATE  FLAT → LOW  0.1100 µSv/h | [17:22:26] ↓ STATE  LOW → FLAT  0.0900 µSv/h
17:22:27	1787505747230846500,1787505747236793900		[17:22:27] ↑ STATE  FLAT → LOW  0.1000 µSv/h | [17:22:27] ↓ STATE  LOW → FLAT  0.0900 µSv/h
17:22:28	1787505748439586800,1787505748451042600		
17:22:29	1787505749634570800,1787505749636294400		[17:22:29] ⚠ EQUAL BURST SPACING  n=4  CPS≥2  interval=1.2s  CV=0.012  spacings=[1.2,1.2,1.2]  span=3.6s |   ⚠⚠ HIGHLY PERIODIC  f=0.837Hz  T=1.2s  total_counts=4
17:22:30	1787505750827876900,1787505750832162600	SIG#291 [1,0,2,0,0,0,1,0,2,0,0,0,1,0,2,0,0,0,1,0,2,0,0,0,1,0,2] pk=2	
17:22:32	1787505752031131600		
17:22:33	1787505753236259300		
17:22:34	1787505754438985000		
17:22:35	1787505755636653000		
17:22:36	1787505756844771600,1787505756847731700		
17:22:38	1787505758282324200,1787505758285462000		[17:22:38] ⚡ CPS CLUSTER  17cts/10s  n=12  CV_IAT=0.751 |   RF est P=C·d²/K  @0.5m: 4.3-425.0W  (mid=21.3W)  CPS/s=1.7 | [17:22:38] ↑ STATE  FLAT → LOW  0.1000 µSv/h | [17:22:38] ⚠⚠⚠ POWER LEVEL LOCK  dr=0.1000 µSv/h  hits=337  avg_interval=2.4s (0.04min)  CV=5.837 |   Source returns to identical power level 337x  Natural decay cannot reproduce fixed amplitude  Controlled RF source confirmed
17:22:39	1787505759279873800,1787505759282603000		[17:22:39] ↓ STATE  LOW → FLAT  0.0800 µSv/h | [17:22:39] ↑ STATE  FLAT → LOW  0.1000 µSv/h
17:22:40	1787505760776347000,1787505760781099500		[17:22:40] ↓ STATE  LOW → FLAT  0.0800 µSv/h | [17:22:40] ↑ STATE  FLAT → LOW  0.1000 µSv/h
17:22:41	1787505761773629200,1787505761779800300	SIG#296 [1,0,1,0,0,0,1,0,1,0,0,0,1,0,1,0,0,0,1,0,1,0,0,0,1,0,1] pk=1	[17:22:41] ↓ STATE  LOW → FLAT  0.0800 µSv/h | [17:22:41] ↑ STATE  FLAT → LOW  0.1000 µSv/h
17:22:44	1787505764041152000,1787505764056563700		[17:22:44] ↓ STATE  LOW → FLAT  0.0800 µSv/h | [17:22:44] ↑ STATE  FLAT → LOW  0.1000 µSv/h
17:22:45	1787505765226163200,1787505765231297000		[17:22:45] ↓ STATE  LOW → FLAT  0.0800 µSv/h | [17:22:45] ↑ STATE  FLAT → LOW  0.1000 µSv/h
17:22:46	1787505766437178600		
17:22:47	1787505767636069000,1787505767638434800		[17:22:47] ⚠⚠ EMF FINGERPRINT  score=5/7  n=3pk/2fl |   χ²/μ=0.002  m=1.222  SWR=0.21  CV_R=0.157  PSCI=0.074  CV_Re=0.111
17:22:48	1787505768831702300,1787505768837983500		
17:22:50	1787505770267283000,1787505770280490200		
17:22:51	1787505771260245500,1787505771273873400		
17:22:52	1787505772768952300	SIG#301 [1,0,0,1,0,0,1,0,0,1,0,0,1,0,0,1,0,0,1,0,0,1] pk=1	
17:22:53	1787505773778782700		[17:22:53] ⚡ CPS CLUSTER  14cts/10s  n=14  CV_IAT=0.930 |   RF est P=C·d²/K  @0.5m: 3.5-350.0W  (mid=17.5W)  CPS/s=1.4
17:22:56	1787505776023331800,1787505776032104200		
17:22:57	1787505777246472700,1787505777248289000		
17:22:58	1787505778425698600,1787505778426921200,1787505778427524600		
17:22:59	1787505779644813300,1787505779647234600,1787505779648598000,1787505779650140400		
17:23:00	1787505780838065000,1787505780839129300,1787505780839927600,1787505780840815600		[17:23:00] 小刀 PAINTBRUSH BURST  4 consecutive ticks  total=4cts  avg=1.0CPS  RF~1.3W@0.5m  bars merge = dense burst
17:23:02	1787505782277421800,1787505782279043600,1787505782280221000,1787505782282264300		[17:23:02] ⚡ OOK BURST PATTERN  CPS=1  burst=1.0s  gap=1.0s  duty=0.50  cycles=3 |   f=0.500Hz (SLF)  T=2.0s  CV_run=0.000  CV_gap=0.000  RF≈1.3W@0.5m |   ON/OFF KEYING SIGNATURE  identical CPS=1 repeated 3x  structured pulsed source confirmed
17:23:03	1787505783267214800,1787505783269868000,1787505783271163100,1787505783272824300		[17:23:03] ⚠⚠⚠ CPS UNIFORMITY LOCK  CPS=1 on 18/30s (60.0%)  zeros=12  highs=0  Poisson P<<0.001  CONTROLLED SOURCE CONFIRMED |   Natural Poisson: expected CPS=1 on ~9-13s  observed=18s  locked synthetic output indicated
17:23:04	1787505784773371400,1787505784775837400,1787505784777435000	SIG#307 [1,1,1,0,0,0,1,1,1,1,0,0,1,1,1,1,0,0,1,1,1,1,0,0,1,1,1,1,0,0,0,1,1,1] pk=1	
17:23:05	1787505785768268500,1787505785769468000		
17:23:08	1787505788033133300,1787505788039815400		
17:23:09	1787505789242025200		[17:23:09] ⚡ CPS CLUSTER  23cts/10s  n=23  CV_IAT=1.731 |   RF est P=C·d²/K  @0.5m: 5.8-575.0W  (mid=28.8W)  CPS/s=2.3
17:23:10	1787505790427706000,1787505790429160000		[Min 014  17:22:09]  CPM=00087  ✓ COMPLETE
17:23:11	1787505791646495500,1787505791653124000		
17:23:12	1787505792837611500,1787505792842136800,1787505792845811700		
17:23:14	1787505794271955500,1787505794273534500,1787505794275009500		
17:23:15	1787505795283609300,1787505795286486800,1787505795288782800		
17:23:16	1787505796775777300,1787505796778646300,1787505796784923600		
17:23:17	1787505797779030300,1787505797785670700,1787505797794941200		[17:23:17] ⚠ EMF FINGERPRINT  score=4/7  n=4pk/2fl |   χ²/μ=0.001  m=1.333  SWR=0.25  CV_R=0.095  PSCI=0.099  CV_Re=0.083
17:23:20	1787505800034311000,1787505800036615400		
17:23:21	1787505801243450000,1787505801251280000,1787505801257302800		[17:23:21] ⚡ BEAT INTERFERENCE CONFIRMED |   y = A1·sin(2πf₁t) + A2·sin(2πf₂t) |   A1=0.1800µSv/h  A2=0.1000µSv/h  A2/A1=0.556  floor/peak=0.556 |   f_beat=|f₁-f₂|=0.31689Hz  T_beat=3.2s  band=SLF |   RF P≈C·d²/K: carrier1≈0.04W  carrier2≈0.01W  @d=0.5m (K=0.2) |   TWO-SOURCE INTERFERENCE  dominant=0.1800µSv/h  secondary=0.1000µSv/h  freq-sep≈0.31689Hz  CV_env=0.212
17:23:22	1787505802449258500,1787505802462699000		
17:23:23	1787505803644951600,1787505803647690200		
17:23:24	1787505804832356900,1787505804835683300		[17:23:24] ⚡ CPS CLUSTER  24cts/10s  n=19  CV_IAT=1.320 |   RF est P=C·d²/K  @0.5m: 6.0-600.0W  (mid=30.0W)  CPS/s=2.4
17:23:26	1787505806278851800	SIG#312 [1,0,1,0,0,0,1,0,1,0,0,0,1,0,1,0,2,0,1,0,1,0,2,0,1,0,1,0,2,0,0,0,1,0,2,0,0,1,1,0,2,0,0,1,0,0,2,0,0,1,0,0,2,0,0,1,0,0,1,0,0,1,0,0,1,0,0,1,0,0,1,0,0,1,0,0,1] pk=2	
17:23:27	1787505807278727400		
17:23:28	1787505808773479000		
17:23:29			
17:23:32			
17:23:33	1787505813240559900		
17:23:34	1787505814450229200		
17:23:35	1787505815638521300		
17:23:36	1787505816838315000		
17:23:38	1787505818285264400		[17:23:38] ⚠⚠⚠ POWER LEVEL LOCK  dr=0.1200 µSv/h  hits=291  avg_interval=2.9s (0.05min)  CV=5.078 |   Source returns to identical power level 291x  Natural decay cannot reproduce fixed amplitude  Controlled RF source confirmed
17:23:39	1787505819286307300,1787505819294406100		[17:23:39] ↓ STATE  LOW → FLAT  0.0900 µSv/h | [17:23:39] 🔄 FLOOR RECURRENCE  dr=0.0900 µSv/h  prior=17:22:29  interval=69.7s  (1.16min)
17:23:40	1787505820272811800,1787505820279970300,1787505820281121300		[17:23:40] ⚡ STRUCTURED CLUSTER  8cts/10s  n=8  CV_IAT=0.430  non-Poisson |   RF est P=C·d²/K  @0.5m: 2.0-200.0W  (mid=10.0W)  CPS/s=0.8 | [17:23:40] ↑ STATE  FLAT → LOW  0.1300 µSv/h | [17:23:40] ↓ STATE  LOW → FLAT  0.0900 µSv/h
17:23:41	1787505821788432100,1787505821792576000		[17:23:41] ↑ STATE  FLAT → LOW  0.1200 µSv/h | [17:23:41] ↓ STATE  LOW → FLAT  0.0900 µSv/h
17:23:42	1787505822790743300,1787505822792865500		[17:23:42] ↑ STATE  FLAT → LOW  0.1100 µSv/h | [17:23:42] ↓ STATE  LOW → FLAT  0.0900 µSv/h
17:23:45	1787505825055177200,1787505825062398200		[17:23:45] ↑ STATE  FLAT → LOW  0.1100 µSv/h | [17:23:45] ↓ STATE  LOW → FLAT  0.0900 µSv/h
17:23:46	1787505826254918000,1787505826257239800,1787505826266539300		[17:23:46] ↑ STATE  FLAT → LOW  0.1000 µSv/h | [17:23:46] ↓ STATE  LOW → FLAT  0.0900 µSv/h
17:23:47	1787505827435964400,1787505827440537300,1787505827458418700		[17:23:47] ⚡ OOK BURST PATTERN  CPS=1  burst=1.3s  gap=1.7s  duty=0.44  cycles=3 |   f=0.333Hz (SLF)  T=3.0s  CV_run=0.354  CV_gap=0.283  RF≈1.3W@0.5m |   ON/OFF KEYING SIGNATURE  identical CPS=1 repeated 3x  structured pulsed source confirmed
17:23:48	1787505828642976500,1787505828647899400		[17:23:48] ⚠⚠⚠ EMF FINGERPRINT  score=6/7  n=5pk/3fl |   χ²/μ=0.002  m=1.333  SWR=0.30  CV_R=0.151  PSCI=0.118  CV_Re=0.091
17:23:49	1787505829847002400	SIG#327 [1,1,0,0,0,1,1,1,0,0,0,1,0,1,0,0,0,1] pk=1	
17:23:51	1787505831289568000		
17:23:52	1787505832279365000		
17:23:53	1787505833782792400,1787505833792630300		
17:23:54	1787505834789703400,1787505834790501000		
17:23:57	1787505837047806200,1787505837048625700,1787505837049383000		[17:23:57] ⚡ CPS CLUSTER  14cts/10s  n=12  CV_IAT=0.929 |   RF est P=C·d²/K  @0.5m: 3.5-350.0W  (mid=17.5W)  CPS/s=1.4
17:23:58	1787505838245187000,1787505838246228200,1787505838246959400		
17:23:59	1787505839456258300,1787505839457209300,1787505839459103000		[17:23:59] ↑ STATE  FLAT → LOW  0.1000 µSv/h
17:24:00	1787505840645281800,1787505840646961200,1787505840648264200		[17:24:00] ↓ STATE  LOW → FLAT  0.0700 µSv/h | [17:24:00] ↑ STATE  FLAT → LOW  0.1000 µSv/h
17:24:01	1787505841835727600,1787505841839885600,1787505841842958600	SIG#334 [2,1,1,0,0,0,2,1,1,0,0,0,2,1,1,0,0,0,2,1,1,0,0,0,2,1,1] pk=2	[17:24:01] ↓ STATE  LOW → FLAT  0.0700 µSv/h | [17:24:01] ↑ STATE  FLAT → LOW  0.1000 µSv/h
17:24:03	1787505843300770800,1787505843304985300		[17:24:03] ↓ STATE  LOW → FLAT  0.0800 µSv/h | [17:24:03] ↑ STATE  FLAT → LOW  0.1000 µSv/h
17:24:04	1787505844300529700		[17:24:04] ↓ STATE  LOW → FLAT  0.0900 µSv/h | [17:24:04] ↑ STATE  FLAT → LOW  0.1000 µSv/h
17:24:05			[17:24:05] ↓ STATE  LOW → FLAT  0.0900 µSv/h | [17:24:05] ↑ STATE  FLAT → LOW  0.1000 µSv/h
17:24:06	1787505846793789700		
17:24:09	1787505849058369000		
17:24:10	1787505850257639400		[Min 015  17:23:09]  CPM=00098  ✓ COMPLETE
17:24:11	1787505851450300200		
17:24:12	1787505852655566300		[17:24:12] ⚡ CPS CLUSTER  7cts/10s  n=7  CV_IAT=0.611 |   RF est P=C·d²/K  @0.5m: 1.8-175.0W  (mid=8.8W)  CPS/s=0.7
17:24:13	1787505853855230000,1787505853864092200		
17:24:15	1787505855062928400,1787505855071117800		
17:24:16	1787505856247170000		
17:24:17	1787505857450270000		
17:24:18	1787505858656204800		
17:24:19	1787505859842367500		[17:24:19] ↓ STATE  LOW → FLAT  0.0900 µSv/h | [17:24:19] 🔄 FLOOR RECURRENCE  dr=0.0900 µSv/h  prior=17:24:05  interval=14.1s  (0.23min)
17:24:21	1787505861293586400		[17:24:21] ↑ STATE  FLAT → LOW  0.1200 µSv/h | [17:24:21] ⚡ BEAT INTERFERENCE CONFIRMED |   y = A1·sin(2πf₁t) + A2·sin(2πf₂t) |   A1=0.1700µSv/h  A2=0.1000µSv/h  A2/A1=0.588  floor/peak=0.588 |   f_beat=|f₁-f₂|=0.36886Hz  T_beat=2.7s  band=SLF |   RF P≈C·d²/K: carrier1≈0.04W  carrier2≈0.01W  @d=0.5m (K=0.2) |   TWO-SOURCE INTERFERENCE  dominant=0.1700µSv/h  secondary=0.1000µSv/h  freq-sep≈0.36886Hz  CV_env=0.170 | [17:24:21] ↓ STATE  LOW → FLAT  0.0900 µSv/h
17:24:22			[17:24:22] ↑ STATE  FLAT → LOW  0.1100 µSv/h | [17:24:22] ↓ STATE  LOW → FLAT  0.0900 µSv/h
17:24:23			[17:24:23] ↑ STATE  FLAT → LOW  0.1100 µSv/h | [17:24:23] ⚠⚠ EMF FINGERPRINT  score=5/7  n=2pk/4fl |   χ²/μ=0.001  m=1.211  SWR=0.18  CV_R=0.103  PSCI=0.043  CV_Re=0.118 | [17:24:23] ↓ STATE  LOW → FLAT  0.0900 µSv/h
17:24:24			[17:24:24] ↑ STATE  FLAT → LOW  0.1000 µSv/h | [17:24:24] ↓ STATE  LOW → FLAT  0.0900 µSv/h
17:24:27			[17:24:27] ↑ STATE  FLAT → LOW  0.1000 µSv/h | [17:24:27] ↓ STATE  LOW → FLAT  0.0900 µSv/h
17:24:28			
17:24:29			
17:24:30	1787505870663447300		
17:24:31	1787505871849791500		
17:24:33	1787505873311157800,1787505873314837500		[17:24:33] ⚡ OOK BURST PATTERN  CPS=1  burst=4.7s  gap=26.0s  duty=0.15  cycles=6 |   f=0.033Hz (ELF)  T=30.7s  CV_run=1.376  CV_gap=1.961  RF≈1.3W@0.5m |   ON/OFF KEYING SIGNATURE  identical CPS=1 repeated 6x  structured pulsed source confirmed | [17:24:33] ⚡ STRUCTURED CLUSTER  6cts/10s  n=3  CV_IAT=0.104  non-Poisson |   RF est P=C·d²/K  @0.5m: 1.5-150.0W  (mid=7.5W)  CPS/s=0.6
17:24:34	1787505874291694000,1787505874295348000		
17:24:35	1787505875786581500,1787505875790648000		
17:24:36	1787505876787193900,1787505876791959000		[17:24:36] ↑ STATE  FLAT → LOW  0.1000 µSv/h
17:24:39	1787505879062990800,1787505879064966700	SIG#352 [2,0,2,0,0,0,2,0,2,0,0,0,2,0,2,0,0,0,2,0,2,0,0,0,2,0,2] pk=2	[17:24:39] ↓ STATE  LOW → FLAT  0.0800 µSv/h | [17:24:39] ↑ STATE  FLAT → LOW  0.1000 µSv/h | [17:24:39] ⚠⚠⚠ POWER LEVEL LOCK  dr=0.1000 µSv/h  hits=401  avg_interval=2.3s (0.04min)  CV=5.594 |   Source returns to identical power level 401x  Natural decay cannot reproduce fixed amplitude  Controlled RF source confirmed
17:24:40	1787505880244103000,1787505880247495400		[17:24:40] ↓ STATE  LOW → FLAT  0.0800 µSv/h | [17:24:40] ↑ STATE  FLAT → LOW  0.1000 µSv/h
17:24:41	1787505881443260200,1787505881459974100		[17:24:41] ↓ STATE  LOW → FLAT  0.0800 µSv/h | [17:24:41] ↑ STATE  FLAT → LOW  0.1000 µSv/h
17:24:42	1787505882656779500,1787505882658289700		[17:24:42] ↓ STATE  LOW → FLAT  0.0900 µSv/h | [17:24:42] ↑ STATE  FLAT → LOW  0.1000 µSv/h
17:24:43	1787505883862930000,1787505883866032000		[17:24:43] ↓ STATE  LOW → FLAT  0.0900 µSv/h | [17:24:43] ↑ STATE  FLAT → LOW  0.1000 µSv/h
17:24:45	1787505885295371500,1787505885296814300		
17:24:46	1787505886303384800,1787505886305674500		
17:24:47	1787505887783229200,1787505887785006300	SIG#356 [1,0,1,0,0,0,1,0,1,0,0,0,1,0,1,0,0,0,1,0,1,0,0,0,1,0,1] pk=1	
17:24:48	1787505888786476500		[17:24:48] ⚡ CPS CLUSTER  20cts/10s  n=16  CV_IAT=1.076 |   RF est P=C·d²/K  @0.5m: 5.0-500.0W  (mid=25.0W)  CPS/s=2.0
17:24:51	1787505891053131500		
17:24:52			
17:24:53			
17:24:54			[17:24:54] ⚠ EMF FINGERPRINT  score=4/7  n=2pk/4fl |   χ²/μ=0.001  m=1.286  SWR=0.20  CV_R=0.094  PSCI=0.037  CV_Re=0.106
17:24:55			
17:24:57	1787505897320585200		
17:24:58	1787505898309880000		[17:24:58] ↓ STATE  LOW → FLAT  0.0900 µSv/h | [17:24:58] 🔄 FLOOR RECURRENCE  dr=0.0900 µSv/h  prior=17:24:43  interval=14.5s  (0.24min)
17:24:59	1787505899797117200		[17:24:59] ↑ STATE  FLAT → LOW  0.1400 µSv/h | [17:24:59] ↓ STATE  LOW → FLAT  0.0900 µSv/h
17:25:00	1787505900799275800,1787505900804823300		[17:25:00] ↑ STATE  FLAT → LOW  0.1300 µSv/h | [17:25:00] ↓ STATE  LOW → FLAT  0.0900 µSv/h
17:25:03	1787505903068083000,1787505903078263300		[17:25:03] ↑ STATE  FLAT → LOW  0.1300 µSv/h | [17:25:03] ↓ STATE  LOW → FLAT  0.0900 µSv/h
17:25:04	1787505904254856200,1787505904256943600		[17:25:04] ⚡ CPS CLUSTER  7cts/10s  n=7  CV_IAT=0.828 |   RF est P=C·d²/K  @0.5m: 1.8-175.0W  (mid=8.8W)  CPS/s=0.7 | [17:25:04] ↑ STATE  FLAT → LOW  0.1200 µSv/h | [17:25:04] ↓ STATE  LOW → FLAT  0.0900 µSv/h
17:25:05	1787505905443196700,1787505905455043300,1787505905464894700		[17:25:05] ↑ STATE  FLAT → LOW  0.1000 µSv/h | [17:25:05] ↓ STATE  LOW → FLAT  0.0900 µSv/h
17:25:06	1787505906645687600,1787505906648337000		
17:25:07	1787505907850849800,1787505907855923500		
17:25:09	1787505909063322400,1787505909070038800		
17:25:10	1787505910253990400	SIG#362 [1,0,0,1,0,0,1,0,0,1,0,0,1,0,0,1,0,0,1,0,0,1,0,0,1,0,0,1,0,0,1,0,0,1,0,0,1,0,0,1,0,0,1] pk=1	[Min 016  17:24:09]  CPM=00072  ✓ COMPLETE
17:25:11	1787505911455051000		
17:25:12	1787505912651891700		
17:25:13			
17:25:15	1787505915062133000		
17:25:16	1787505916274609400		
17:25:17	1787505917459576000		
17:25:18	1787505918652643300		[17:25:18] ⚡ OOK BURST PATTERN  CPS=1  burst=6.3s  gap=37.3s  duty=0.14  cycles=4 |   f=0.023Hz (ELF)  T=43.5s  CV_run=1.178  CV_gap=1.593  RF≈1.3W@0.5m |   ON/OFF KEYING SIGNATURE  identical CPS=1 repeated 4x  structured pulsed source confirmed
17:25:19	1787505919851707400		[17:25:19] ⚡ STRUCTURED CLUSTER  7cts/10s  n=7  CV_IAT=0.323  non-Poisson |   RF est P=C·d²/K  @0.5m: 1.8-175.0W  (mid=8.8W)  CPS/s=0.7
17:25:21	1787505921316154000		[17:25:21] ⚡ BEAT INTERFERENCE CONFIRMED |   y = A1·sin(2πf₁t) + A2·sin(2πf₂t) |   A1=0.1400µSv/h  A2=0.0800µSv/h  A2/A1=0.571  floor/peak=0.571 |   f_beat=|f₁-f₂|=0.44970Hz  T_beat=2.2s  band=SLF |   RF P≈C·d²/K: carrier1≈0.02W  carrier2≈0.01W  @d=0.5m (K=0.2) |   TWO-SOURCE INTERFERENCE  dominant=0.1400µSv/h  secondary=0.0800µSv/h  freq-sep≈0.44970Hz  CV_env=0.148
17:25:22	1787505922302870500		
17:25:23			
17:25:24	1787505924806032100		
17:25:27	1787505927065369300		
17:25:28	1787505928263939600		
17:25:29	1787505929457682200,1787505929465735200		[17:25:29] 🔄 FLOOR RECURRENCE  dr=0.0800 µSv/h  prior=17:25:28  interval=1.2s  (0.02min)
17:25:30	1787505930657710800,1787505930664986600		
17:25:31	1787505931865302500,1787505931871436300		[17:25:31] ⚠ EMF FINGERPRINT  score=4/7  n=2pk/4fl |   χ²/μ=0.001  m=1.333  SWR=0.14  CV_R=0.083  PSCI=0.000  CV_Re=0.000
17:25:33	1787505933313230800,1787505933315796500		[17:25:33] ⚠ EQUAL BURST SPACING  n=4  CPS≥2  interval=1.3s  CV=0.089  spacings=[1.2,1.2,1.4]  span=3.9s |   ⚠⚠ HIGHLY PERIODIC  f=0.779Hz  T=1.3s  total_counts=4
17:25:34	1787505934319408000	SIG#376 [1,0,0,2,0,0,1,0,0,2,0,0,1,0,0,2,0,0,1,0,0,2] pk=2	
17:25:35	1787505935811594200		[17:25:35] ⚡ CPS CLUSTER  16cts/10s  n=11  CV_IAT=0.821 |   RF est P=C·d²/K  @0.5m: 4.0-400.0W  (mid=20.0W)  CPS/s=1.6
17:25:36	1787505936797740000		
17:25:39			
17:25:40	1787505940257602300		
17:25:41	1787505941467443000,1787505941468160000		
17:25:42	1787505942656649700,1787505942657122000		
17:25:43	1787505943872443400,1787505943874420000		
17:25:45	1787505945310718200,1787505945311732500		[17:25:45] ↑ STATE  FLAT → LOW  0.1000 µSv/h | [17:25:45] ⚠⚠⚠ POWER LEVEL LOCK  dr=0.1000 µSv/h  hits=414  avg_interval=2.4s (0.04min)  CV=5.364 |   Source returns to identical power level 414x  Natural decay cannot reproduce fixed amplitude  Controlled RF source confirmed
17:25:46	1787505946314918000,1787505946315575300		[17:25:46] ↓ STATE  LOW → FLAT  0.0900 µSv/h | [17:25:46] ↑ STATE  FLAT → LOW  0.1000 µSv/h
17:25:47	1787505947803592000,1787505947807708400		[17:25:47] ↓ STATE  LOW → FLAT  0.0900 µSv/h | [17:25:47] ↑ STATE  FLAT → LOW  0.1000 µSv/h
17:25:48	1787505948793639000		[17:25:48] ↓ STATE  LOW → FLAT  0.0900 µSv/h | [17:25:48] ↑ STATE  FLAT → LOW  0.1000 µSv/h
17:25:51			[17:25:51] ⚡ CPS CLUSTER  13cts/10s  n=13  CV_IAT=1.022 |   RF est P=C·d²/K  @0.5m: 3.3-325.0W  (mid=16.3W)  CPS/s=1.3 | [17:25:51] ↓ STATE  LOW → FLAT  0.0900 µSv/h | [17:25:51] ↑ STATE  FLAT → LOW  0.1000 µSv/h
17:25:52			[17:25:52] ↓ STATE  LOW → FLAT  0.0900 µSv/h | [17:25:52] ↑ STATE  FLAT → LOW  0.1000 µSv/h | [17:25:52] ↓ STATE  LOW → FLAT  0.0900 µSv/h
17:25:53			[17:25:53] ↑ STATE  FLAT → LOW  0.1000 µSv/h | [17:25:53] ↓ STATE  LOW → FLAT  0.0900 µSv/h
17:25:54			[17:25:54] ↑ STATE  FLAT → LOW  0.1000 µSv/h | [17:25:54] ↓ STATE  LOW → FLAT  0.0900 µSv/h
17:25:55			[17:25:55] ↑ STATE  FLAT → LOW  0.1000 µSv/h | [17:25:55] ↓ STATE  LOW → FLAT  0.0900 µSv/h
17:25:57			[17:25:57] ↑ STATE  FLAT → LOW  0.1000 µSv/h | [17:25:57] ↓ STATE  LOW → FLAT  0.0900 µSv/h
17:25:58	1787505958318300000		[17:25:58] ↑ STATE  FLAT → LOW  0.1000 µSv/h | [17:25:58] ↓ STATE  LOW → FLAT  0.0900 µSv/h
17:25:59	1787505959310021000,1787505959310989800		
17:26:00	1787505960798974000,1787505960801618700,1787505960804398000		[17:26:00] 🔄 FLOOR RECURRENCE  dr=0.0900 µSv/h  prior=17:25:59  interval=1.5s  (0.02min)
17:26:01	1787505961804845800,1787505961807074300,1787505961808797000		
17:26:03	1787505963308512300,1787505963309998300,1787505963311225300		[17:26:03] ⚠ EMF FINGERPRINT  score=4/7  n=2pk/3fl |   χ²/μ=0.002  m=1.188  SWR=0.18  CV_R=0.134  PSCI=0.053  CV_Re=0.102
17:26:04	1787505964318539000,1787505964321465600,1787505964322998500		[17:26:04] ⚡ OOK BURST PATTERN  CPS=1  burst=1.0s  gap=2.0s  duty=0.33  cycles=3 |   f=0.333Hz (SLF)  T=3.0s  CV_run=0.000  CV_gap=0.000  RF≈1.3W@0.5m |   ON/OFF KEYING SIGNATURE  identical CPS=1 repeated 3x  structured pulsed source confirmed
17:26:05	1787505965294043000,1787505965295884500,1787505965297278000	SIG#390 [1,1,1,0,0,0,1,1,1,0,0,0,1,1,1,0,0,0,1,1,1,0,0,0,1,1,1] pk=1	
17:26:06	1787505966797765400,1787505966799713000,1787505966802963200		[17:26:06] ⚡ CPS CLUSTER  19cts/10s  n=19  CV_IAT=1.291 |   RF est P=C·d²/K  @0.5m: 4.8-475.0W  (mid=23.8W)  CPS/s=1.9
17:26:07	1787505967802922000,1787505967807376400		
17:26:10	1787505970075050000		[Min 017  17:25:09]  CPM=00068  ✓ COMPLETE
17:26:11	1787505971255507000		
17:26:12	1787505972465492500		
17:26:13	1787505973669525500		
17:26:14	1787505974856200400,1787505974859554300		
17:26:16	1787505976335094800,1787505976337099300		
17:26:17	1787505977327230700,1787505977328173800,1787505977328765000		[17:26:17] ↑ STATE  FLAT → LOW  0.1000 µSv/h
17:26:18	1787505978818136300,1787505978819745300,1787505978820683000,1787505978823604000		[17:26:18] ↓ STATE  LOW → FLAT  0.0800 µSv/h | [17:26:18] ↑ STATE  FLAT → LOW  0.1000 µSv/h
17:26:19	1787505979812560100,1787505979817011200,1787505979819037700,1787505979823209200		[17:26:19] 小刀 PAINTBRUSH BURST  4 consecutive ticks  total=4cts  avg=1.0CPS  RF~1.3W@0.5m  bars merge = dense burst | [17:26:19] ↓ STATE  LOW → FLAT  0.0800 µSv/h | [17:26:19] ↑ STATE  FLAT → LOW  0.1000 µSv/h
17:26:22	1787505982070880800,1787505982073591800,1787505982075963100,1787505982079975700,1787505982084808400		[17:26:22] ⚡ BEAT INTERFERENCE CONFIRMED |   y = A1·sin(2πf₁t) + A2·sin(2πf₂t) |   A1=0.1400µSv/h  A2=0.0800µSv/h  A2/A1=0.571  floor/peak=0.571 |   f_beat=|f₁-f₂|=0.23095Hz  T_beat=4.3s  band=SLF |   RF P≈C·d²/K: carrier1≈0.02W  carrier2≈0.01W  @d=0.5m (K=0.2) |   TWO-SOURCE INTERFERENCE  dominant=0.1400µSv/h  secondary=0.0800µSv/h  freq-sep≈0.23095Hz  CV_env=0.187 | [17:26:22] ⚡ CPS CLUSTER  17cts/10s  n=17  CV_IAT=1.312 |   RF est P=C·d²/K  @0.5m: 4.3-425.0W  (mid=21.3W)  CPS/s=1.7 | [17:26:22] ↓ STATE  LOW → FLAT  0.0800 µSv/h | [17:26:22] ↑ STATE  FLAT → LOW  0.1000 µSv/h | [17:26:22] ⚠⚠⚠ CPS UNIFORMITY LOCK  CPS=1 on 18/30s (60.0%)  zeros=12  highs=0  Poisson P<<0.001  CONTROLLED SOURCE CONFIRMED |   Natural Poisson: expected CPS=1 on ~9-13s  observed=18s  locked synthetic output indicated
17:26:23	1787505983323256300,1787505983324495400,1787505983325260500,1787505983326061800,1787505983327234800		[17:26:23] ↓ STATE  LOW → FLAT  0.0900 µSv/h | [17:26:23] ↑ STATE  FLAT → LOW  0.1000 µSv/h | [17:26:23] 🔒 CPS LOCK  CPS=1 x4+ consecutive  P(Poisson)<<0.001  RF≈1.3W@0.5m | [17:26:23] 🔒 CPS LOCK END  was CPS=1 x4  now CPS=0 | [17:26:23] ⚠⚠⚠ CONFIRMED ATTACK  CONSECUTIVE CPS CLUSTER  run=5s  total_counts=5  avg=1.00CPS/s  dr=0.1100  span=1.2s |   Poisson P(run≥5)<<0.001  NON-NATURAL SOURCE CONFIRMED  start=17:26:22
17:26:24	1787505984323058700,1787505984324800300,1787505984325927400,1787505984327693300,1787505984330625000		[17:26:24] ↓ STATE  LOW → FLAT  0.0900 µSv/h | [17:26:24] ↑ STATE  FLAT → LOW  0.1000 µSv/h
17:26:25	1787505985803258600,1787505985804467000,1787505985805832400,1787505985807452700		
17:26:26	1787505986800988000,1787505986805278700,1787505986807765500		
17:26:29	1787505989071653400,1787505989079773700,1787505989090620200		
17:26:30	1787505990272740900,1787505990275082800,1787505990277312500		
17:26:31	1787505991465812500,1787505991473373200		
17:26:32	1787505992662989000,1787505992665692200,1787505992668515800		
17:26:33	1787505993875134700,1787505993877273900		[17:26:33] ⚠⚠⚠ EMF FINGERPRINT  score=6/7  n=5pk/5fl |   χ²/μ=0.003  m=1.321  SWR=0.30  CV_R=0.157  PSCI=0.116  CV_Re=0.154
17:26:35	1787505995320884500,1787505995325787600		
17:26:36	1787505996322619100,1787505996327126500		
17:26:37	1787505997802501000	SIG#401 [1,1,1,0,0,0,1,1,1,1,0,0,1,1,1,1,0,0,1,1,1,1,0,1,1,1,1,1,0,1,0,1,1,1,0,1,0,1,1,1,0,1,0,1,0,1,0,1,0,1,0,0,0,1,0,1,0,0,1,1,0,1,0,0,1,0,0,1,0,0,1,0,0,1,0,0,1,0,0,1,0,0,1,0,0,1,0,0,1,0,0,1,0,0,1,0,0,1] pk=1	[17:26:37] ⚡ CPS CLUSTER  17cts/10s  n=17  CV_IAT=1.289 |   RF est P=C·d²/K  @0.5m: 4.3-425.0W  (mid=21.3W)  CPS/s=1.7
17:26:38	1787505998801040000		
17:26:40	1787506000303633000		
17:26:41			
17:26:42			
17:26:43			
17:26:44			
17:26:47			[17:26:47] ⚠⚠⚠ POWER LEVEL LOCK  dr=0.1700 µSv/h  hits=329  avg_interval=3.1s (0.05min)  CV=5.486 |   Source returns to identical power level 329x  Natural decay cannot reproduce fixed amplitude  Controlled RF source confirmed | [17:26:47] ↓ STATE  LOW → FLAT  0.0900 µSv/h | [17:26:47] 🔄 FLOOR RECURRENCE  dr=0.0900 µSv/h  prior=17:26:24  interval=22.8s  (0.38min)
17:26:48			[17:26:48] ↑ STATE  FLAT → LOW  0.1600 µSv/h | [17:26:48] ↓ STATE  LOW → FLAT  0.0900 µSv/h
17:26:49			[17:26:49] ⚡ OOK BURST PATTERN  CPS=1  burst=1.0s  gap=2.0s  duty=0.33  cycles=3 |   f=0.333Hz (SLF)  T=3.0s  CV_run=0.000  CV_gap=0.000  RF≈1.3W@0.5m |   ON/OFF KEYING SIGNATURE  identical CPS=1 repeated 3x  structured pulsed source confirmed | [17:26:49] ↑ STATE  FLAT → LOW  0.1500 µSv/h | [17:26:49] ↓ STATE  LOW → FLAT  0.0900 µSv/h
17:26:50			[17:26:50] ↑ STATE  FLAT → LOW  0.1400 µSv/h | [17:26:50] ↓ STATE  LOW → FLAT  0.0900 µSv/h
17:26:51			[17:26:51] ↑ STATE  FLAT → LOW  0.1200 µSv/h | [17:26:51] ↓ STATE  LOW → FLAT  0.0900 µSv/h
17:26:53			[17:26:53] ↑ STATE  FLAT → LOW  0.1100 µSv/h | [17:26:53] ↓ STATE  LOW → FLAT  0.0900 µSv/h
17:26:54			
17:26:55			
17:26:56			
17:26:57	1787506017874711300		
17:26:59	1787506019346692600,1787506019350045700		
17:27:00	1787506020331419600,1787506020334835700,1787506020335866400		[17:27:00] ⚡ CPS CLUSTER  5cts/10s  n=5  CV_IAT=1.034 |   RF est P=C·d²/K  @0.5m: 1.3-125.0W  (mid=6.3W)  CPS/s=0.5
17:27:01	1787506021827569400,1787506021830708500,1787506021833084400		
17:27:02	1787506022831369000,1787506022834716400,1787506022836173000,1787506022840711000		
17:27:05	1787506025075446000,1787506025077422600,1787506025079174100,1787506025082713600		[17:27:05] ⚠⚠⚠ EMF FINGERPRINT  score=6/7  n=6pk/3fl |   χ²/μ=0.006  m=1.667  SWR=0.64  CV_R=0.363  PSCI=0.224  CV_Re=0.204
17:27:06	1787506026270989800,1787506026273076700,1787506026274431700,1787506026277585400		
17:27:07	1787506027473152000,1787506027474222300,1787506027475764500		[17:27:07] ↑ STATE  FLAT → LOW  0.1000 µSv/h
17:27:08	1787506028671229200,1787506028681863400	SIG#407 [1,1,1,0,0,0,1,1,1,0,0,0,1,1,1,0,2,0,1,1,1,0,2,0,1,1,1,0,2,0,0,1,1,0,2,0,0,0,1,0,2] pk=2	[17:27:08] ↓ STATE  LOW → FLAT  0.0300 µSv/h | [17:27:08] ↑ STATE  FLAT → LOW  0.1000 µSv/h
17:27:09	1787506029879750100		[17:27:09] ↓ STATE  LOW → FLAT  0.0400 µSv/h | [17:27:09] ↑ STATE  FLAT → LOW  0.1000 µSv/h
17:27:11	1787506031084638000		[Min 018  17:26:09]  CPM=00096  ✓ COMPLETE | [17:27:11] ↓ STATE  LOW → FLAT  0.0500 µSv/h | [17:27:11] ↑ STATE  FLAT → LOW  0.1000 µSv/h
17:27:12			[17:27:12] ↓ STATE  LOW → FLAT  0.0700 µSv/h | [17:27:12] ↑ STATE  FLAT → LOW  0.1000 µSv/h
17:27:13			[17:27:13] ↓ STATE  LOW → FLAT  0.0800 µSv/h | [17:27:13] ↑ STATE  FLAT → LOW  0.1000 µSv/h
17:27:14			
17:27:15	1787506035896121300		[17:27:15] ⚡ CPS CLUSTER  16cts/10s  n=11  CV_IAT=1.216 |   RF est P=C·d²/K  @0.5m: 4.0-400.0W  (mid=20.0W)  CPS/s=1.6
17:27:17	1787506037339169500		
17:27:18	1787506038325659000		
17:27:19	1787506039836861000,1787506039849860600		
17:27:20	1787506040813324800,1787506040819265000		
17:27:23	1787506043081826600,1787506043088449800		
17:27:24	1787506044088431000,1787506044103564300,1787506044132257000		
17:27:25	1787506045286263300,1787506045290848000,1787506045291635500		[17:27:25] ⚡ BEAT INTERFERENCE CONFIRMED |   y = A1·sin(2πf₁t) + A2·sin(2πf₂t) |   A1=0.1800µSv/h  A2=0.1300µSv/h  A2/A1=0.722  floor/peak=0.722 |   f_beat=|f₁-f₂|=0.32484Hz  T_beat=3.1s  band=SLF |   RF P≈C·d²/K: carrier1≈0.04W  carrier2≈0.02W  @d=0.5m (K=0.2) |   TWO-SOURCE INTERFERENCE  dominant=0.1800µSv/h  secondary=0.1300µSv/h  freq-sep≈0.32484Hz  CV_env=0.100
17:27:26	1787506046475197700,1787506046477552000,1787506046478359000		
17:27:27	1787506047668300800,1787506047679712000,1787506047687546600,1787506047693838600		
17:27:28	1787506048875460900,1787506048876355000,1787506048877838000		
17:27:30	1787506050325584100,1787506050329032400,1787506050333367000		
17:27:31	1787506051318883600,1787506051324544500,1787506051330023200,1787506051335607000		[17:27:31] ⚡ CPS CLUSTER  22cts/10s  n=22  CV_IAT=1.405 |   RF est P=C·d²/K  @0.5m: 5.5-550.0W  (mid=27.5W)  CPS/s=2.2
17:27:32	1787506052813788700,1787506052819839500,1787506052831384000		
17:27:33	1787506053809847600,1787506053813723600,1787506053817297200		
17:27:36	1787506056070714600,1787506056074921700,1787506056078119200		[17:27:36] ⚡ OOK BURST PATTERN  CPS=1  burst=11.3s  gap=19.3s  duty=0.37  cycles=3 |   f=0.033Hz (ELF)  T=30.7s  CV_run=1.228  CV_gap=1.232  RF≈1.3W@0.5m |   ON/OFF KEYING SIGNATURE  identical CPS=1 repeated 3x  structured pulsed source confirmed | [17:27:36] ⚠⚠ EMF FINGERPRINT  score=5/7  n=6pk/3fl |   χ²/μ=0.002  m=1.097  SWR=0.16  CV_R=0.125  PSCI=0.081  CV_Re=0.068
17:27:37	1787506057270933500,1787506057273498600		
17:27:38	1787506058486825200,1787506058490526200		
17:27:39	1787506059673542400,1787506059678834700	SIG#413 [1,0,0,1,0,0,1,0,0,1,0,0,1,0,0,1,0,0,1,0,0,1,0,0,1,0,0,1,0,0,1,1,0,1,0,0,1,1,0,1,0,0,1,1,0,1,0,0,1,1,0,1,0,0,1,1,0,1,0,0,1,1,0,1,0,0,2,1,0,1,0,0,2,0,0,1,0,0,2,0,1,1,0,0,2,0,1,0,0,0,2,0,1,0,0,0,2,0,1,0,0,0,2,0,1] pk=2	
17:27:40	1787506060868116500		
17:27:42	1787506062333178000,1787506062352671700		
17:27:43	1787506063323334000,1787506063325428700		
17:27:44	1787506064823702300,1787506064825878800		
17:27:45	1787506065814019300,1787506065815057400,1787506065816320500		
17:27:47	1787506067325159700,1787506067328214500,1787506067339268400,1787506067341700000		[17:27:47] ⚡ CPS CLUSTER  16cts/10s  n=14  CV_IAT=1.099 |   RF est P=C·d²/K  @0.5m: 4.0-400.0W  (mid=20.0W)  CPS/s=1.6 | [17:27:47] ⚠⚠⚠ POWER LEVEL LOCK  dr=0.1500 µSv/h  hits=484  avg_interval=2.2s (0.04min)  CV=4.797 |   Source returns to identical power level 484x  Natural decay cannot reproduce fixed amplitude  Controlled RF source confirmed
17:27:48	1787506068331238700,1787506068342757000,1787506068351500000,1787506068353340000,1787506068355308300		
17:27:49	1787506069323588000,1787506069327607300,1787506069337576400,1787506069340982500,1787506069345129500		[17:27:49] 🔒 CPS LOCK  CPS=1 x4+ consecutive  P(Poisson)<<0.001  RF≈1.3W@0.5m | [17:27:49] 小刀 PAINTBRUSH BURST  5 consecutive ticks  total=5cts  avg=1.0CPS  RF~1.3W@0.5m  bars merge = dense burst | [17:27:49] 🔒 CPS LOCK END  was CPS=1 x4  now CPS=0 | [17:27:49] ⚠⚠⚠ CONFIRMED ATTACK  CONSECUTIVE CPS CLUSTER  run=5s  total_counts=5  avg=1.00CPS/s  dr=0.1500  span=1.0s |   Poisson P(run≥5)<<0.001  NON-NATURAL SOURCE CONFIRMED  start=17:27:48 | [17:27:49] ⚠⚠⚠ CPS UNIFORMITY LOCK  CPS=1 on 18/30s (60.0%)  zeros=12  highs=0  Poisson P<<0.001  CONTROLLED SOURCE CONFIRMED |   Natural Poisson: expected CPS=1 on ~9-13s  observed=18s  locked synthetic output indicated
17:27:50	1787506070823288300,1787506070826049000,1787506070826998500,1787506070827814100		
17:27:51	1787506071824847400,1787506071829294300,1787506071833897700,1787506071843695600		
17:27:54	1787506074083069000,1787506074085970200,1787506074088687600,1787506074096313300,1787506074100086300		
17:27:55	1787506075282765800,1787506075284430600,1787506075287824600,1787506075290001400		
17:27:56	1787506076468086000,1787506076479365600,1787506076481726000		
17:27:57	1787506077684630000,1787506077686153200	SIG#419 [1,1,0,1,0,0,1,1,0,1,1,0,1,1,0,1,1,1,1,1,0,1,1,1,0,1,0,1,1,1,0,0,0,1,1,1,0,0,1,1,1,1,0,0,1,1,1,1,0,0,1,1,0,1,0,0,1,1] pk=1	
17:27:58	1787506078879253000,1787506078887277300		
17:28:00	1787506080322157000,1787506080325260000		
17:28:01	1787506081323864600,1787506081347286000		
17:28:02	1787506082825820700,1787506082826828300		[17:28:02] ⚡ CPS CLUSTER  20cts/10s  n=20  CV_IAT=1.462 |   RF est P=C·d²/K  @0.5m: 5.0-500.0W  (mid=25.0W)  CPS/s=2.0
17:28:03	1787506083827243000,1787506083829598700		
17:28:06	1787506086092041000,1787506086093695500		
17:28:07	1787506087275176400,1787506087275797200		
17:28:08	1787506088474864400,1787506088475905300		
17:28:09	1787506089669547300,1787506089670522600,1787506089674404000		
17:28:10	1787506090880005600,1787506090898709000		[Min 019  17:27:09]  CPM=00120  ✓ COMPLETE
17:28:12	1787506092336138000		
17:28:13	1787506093328169000		
17:28:14	1787506094823724300,1787506094837365500		
17:28:15	1787506095819303200,1787506095835448600,1787506095840255700		[17:28:15] ⚠ EMF FINGERPRINT  score=4/7  n=7pk/2fl |   χ²/μ=0.000  m=1.304  SWR=0.14  CV_R=0.055  PSCI=0.000  CV_Re=0.043
17:28:18	1787506098090151400,1787506098093036300,1787506098094055400		[17:28:18] ⚡ CPS CLUSTER  15cts/10s  n=15  CV_IAT=1.072 |   RF est P=C·d²/K  @0.5m: 3.8-375.0W  (mid=18.8W)  CPS/s=1.5
17:28:19	1787506099288522000,1787506099289610800	SIG#435 [1,0,0,0,1,0,1,0,0,0,1,1,1,0,0,0,1,1] pk=1	
17:28:20	1787506100488724200,1787506100493148400		
17:28:21	1787506101684068000,1787506101685533000		[17:28:21] ⚡ OOK BURST PATTERN  CPS=1  burst=1.0s  gap=3.0s  duty=0.25  cycles=3 |   f=0.250Hz (SLF)  T=4.0s  CV_run=0.000  CV_gap=0.000  RF≈1.3W@0.5m |   ON/OFF KEYING SIGNATURE  identical CPS=1 repeated 3x  structured pulsed source confirmed
17:28:22	1787506102883014700,1787506102886025200		
17:28:24	1787506104327952000		
17:28:25			
17:28:26			
17:28:27			[17:28:27] ↓ STATE  LOW → FLAT  0.0900 µSv/h | [17:28:27] 🔄 FLOOR RECURRENCE  dr=0.0900 µSv/h  prior=17:26:54  interval=93.6s  (1.56min)
17:28:30			[17:28:30] ↑ STATE  FLAT → LOW  0.1100 µSv/h | [17:28:30] ↓ STATE  LOW → FLAT  0.0900 µSv/h
17:28:31	1787506111289176000		[17:28:31] ↑ STATE  FLAT → LOW  0.1100 µSv/h | [17:28:31] ↓ STATE  LOW → FLAT  0.0900 µSv/h
17:28:32	1787506112513197300		[17:28:32] ↑ STATE  FLAT → LOW  0.1100 µSv/h | [17:28:32] ↓ STATE  LOW → FLAT  0.0900 µSv/h
17:28:33	1787506113685980700,1787506113687857200		[17:28:33] ↑ STATE  FLAT → LOW  0.1100 µSv/h | [17:28:33] ↓ STATE  LOW → FLAT  0.0900 µSv/h | [17:28:33] ⚡ CPS CLUSTER  5cts/10s  n=5  CV_IAT=1.159 |   RF est P=C·d²/K  @0.5m: 1.3-125.0W  (mid=6.3W)  CPS/s=0.5
17:28:34	1787506114884257800,1787506114885758500		[17:28:34] ↑ STATE  FLAT → LOW  0.1000 µSv/h | [17:28:34] ↓ STATE  LOW → FLAT  0.0900 µSv/h
17:28:36	1787506116347912200,1787506116352243200,1787506116356707600		
17:28:37	1787506117336369400,1787506117343616800,1787506117352086300		
17:28:38	1787506118823107000,1787506118830267600,1787506118836573200,1787506118843084800		
17:28:39	1787506119821116700,1787506119823617800,1787506119825481200		
17:28:42	1787506122103147000,1787506122106467300,1787506122109085200,1787506122112116200		
17:28:43	1787506123279359000,1787506123281255200,1787506123284770300		
17:28:44	1787506124480805000,1787506124492754200,1787506124502979600		
17:28:45	1787506125684230000,1787506125685573400,1787506125687723500		[17:28:45] ↑ STATE  FLAT → LOW  0.1000 µSv/h
17:28:46	1787506126893415700,1787506126899112200,1787506126907811300		[17:28:46] ↓ STATE  LOW → FLAT  0.0800 µSv/h | [17:28:46] ↑ STATE  FLAT → LOW  0.1000 µSv/h
17:28:48	1787506128335294200,1787506128340257800		[17:28:48] ↓ STATE  LOW → FLAT  0.0800 µSv/h | [17:28:48] ↑ STATE  FLAT → LOW  0.1000 µSv/h | [17:28:48] ⚠⚠⚠ POWER LEVEL LOCK  dr=0.1000 µSv/h  hits=472  avg_interval=2.5s (0.04min)  CV=5.074 |   Source returns to identical power level 472x  Natural decay cannot reproduce fixed amplitude  Controlled RF source confirmed
17:28:49	1787506129343550200,1787506129346161700		[17:28:49] ⚡ BEAT INTERFERENCE CONFIRMED |   y = A1·sin(2πf₁t) + A2·sin(2πf₂t) |   A1=0.1600µSv/h  A2=0.1300µSv/h  A2/A1=0.813  floor/peak=0.813 |   f_beat=|f₁-f₂|=0.20326Hz  T_beat=4.9s  band=SLF |   RF P≈C·d²/K: carrier1≈0.03W  carrier2≈0.02W  @d=0.5m (K=0.2) |   TWO-SOURCE INTERFERENCE  dominant=0.1600µSv/h  secondary=0.1300µSv/h  freq-sep≈0.20326Hz  CV_env=0.055 | [17:28:49] ⚡ CPS CLUSTER  26cts/10s  n=22  CV_IAT=1.488 |   RF est P=C·d²/K  @0.5m: 6.5-650.0W  (mid=32.5W)  CPS/s=2.6 | [17:28:49] ↓ STATE  LOW → FLAT  0.0900 µSv/h | [17:28:49] ↑ STATE  FLAT → LOW  0.1000 µSv/h
17:28:50	1787506130824972300,1787506130827684900	SIG#443 [1,0,1,0,0,0,1,0,1,0,0,0,1,0,1,0,2,0,1,0,1,0,2,0,1,0,1,0,2,0,1,0,1,0,2,0,1,0,1,0,2,0,1,0,1,0,2,0,1,0,1,0,2,0,1,0,1,0,0,0,1,0,1,0,0,1,1,0,1,0,0,1,0,0,1,0,0,1,0,0,1,0,0,1] pk=2	[17:28:50] ↓ STATE  LOW → FLAT  0.0900 µSv/h | [17:28:50] ↑ STATE  FLAT → LOW  0.1000 µSv/h
17:28:51	1787506131827181300,1787506131839812900		[17:28:51] ↓ STATE  LOW → FLAT  0.0900 µSv/h | [17:28:51] ↑ STATE  FLAT → LOW  0.1000 µSv/h | [17:28:51] ⚠⚠ EMF FINGERPRINT  score=5/7  n=5pk/2fl |   χ²/μ=0.003  m=1.365  SWR=0.38  CV_R=0.174  PSCI=0.186  CV_Re=0.059
17:28:54	1787506134103453000,1787506134113482500		
17:28:55	1787506135279316700	SIG#444 [1,0,0,0,1,0,1,0,0,0,1,0,1,0,0,0,1] pk=1	
17:28:56	1787506136487496400		
17:28:57	1787506137695104000		
17:28:58	1787506138892394500		
17:29:00	1787506140336109300		
17:29:01	1787506141383384300,1787506141385111300		
17:29:02	1787506142339141400,1787506142339885000,1787506142340668000		
17:29:03	1787506143855955200,1787506143858641400,1787506143862654700		
17:29:04	1787506144851894000,1787506144863095300,1787506144867280100		[17:29:04] ⚡ CPS CLUSTER  13cts/10s  n=13  CV_IAT=0.866 |   RF est P=C·d²/K  @0.5m: 3.3-325.0W  (mid=16.3W)  CPS/s=1.3
17:29:07	1787506147106630700,1787506147108558600,1787506147110600400		[17:29:07] ⚡ OOK BURST PATTERN  CPS=1  burst=2.0s  gap=2.0s  duty=0.50  cycles=3 |   f=0.250Hz (SLF)  T=4.0s  CV_run=0.000  CV_gap=0.000  RF≈1.3W@0.5m |   ON/OFF KEYING SIGNATURE  identical CPS=1 repeated 3x  structured pulsed source confirmed
17:29:08	1787506148289755100,1787506148290349000,1787506148291397600	SIG#451 [1,1,1,0,0,0,1,1,1,0,0,0,1,1,1,0,0,0,1,1,1,0,0,0,1,1,1] pk=1	
17:29:09	1787506149486357800,1787506149490730200		
17:29:10	1787506150688292400		[Min 020  17:28:09]  CPM=00097  ✓ COMPLETE
17:29:11			
17:29:13	1787506153372583700		
17:29:14	1787506154344275700		
17:29:15	1787506155841344000,1787506155845452300		
17:29:16	1787506156876813300,1787506156882403300,1787506156884145700		
17:29:19	1787506159120975400,1787506159122729200,1787506159123470300		
17:29:20	1787506160354119000,1787506160355737600,1787506160356485000,1787506160357845500		[17:29:20] ⚡ CPS CLUSTER  11cts/10s  n=11  CV_IAT=1.146 |   RF est P=C·d²/K  @0.5m: 2.8-275.0W  (mid=13.8W)  CPS/s=1.1
17:29:21	1787506161348555300,1787506161353113600,1787506161355215000,1787506161357823700,1787506161360819200		
17:29:22	1787506162836185600,1787506162838086400,1787506162841831200,1787506162845724700		[17:29:22] ⚠⚠ EMF FINGERPRINT  score=5/7  n=4pk/3fl |   χ²/μ=0.002  m=1.159  SWR=0.17  CV_R=0.122  PSCI=0.065  CV_Re=0.074 | [17:29:22] ⚠⚠⚠ CPS UNIFORMITY LOCK  CPS=1 on 18/30s (60.0%)  zeros=12  highs=0  Poisson P<<0.001  CONTROLLED SOURCE CONFIRMED |   Natural Poisson: expected CPS=1 on ~9-13s  observed=18s  locked synthetic output indicated
17:29:23	1787506163838092800,1787506163842791700,1787506163847001600,1787506163850004000,1787506163856823300		
17:29:26	1787506166103271400,1787506166110817000,1787506166115037000,1787506166124874500,1787506166128115700		
17:29:27	1787506167294632400,1787506167295459600,1787506167297054200,1787506167297948000		
17:29:28	1787506168493273000,1787506168496308200,1787506168499659800,1787506168501563100,1787506168504253400		
17:29:29	1787506169688385800,1787506169689929200,1787506169690636500,1787506169691861000,1787506169693409300		
17:29:30	1787506170896360000,1787506170897234700,1787506170898765300,1787506170899625500		
17:29:32	1787506172350971000,1787506172353317400,1787506172356802800,1787506172359078000		[17:29:32] ⚠ EQUAL BURST SPACING  n=4  CPS≥2  interval=1.3s  CV=0.096  spacings=[1.2,1.2,1.5]  span=3.9s |   ⚠⚠ HIGHLY PERIODIC  f=0.779Hz  T=1.3s  total_counts=4
17:29:33	1787506173343088400,1787506173351495200,1787506173357844200		
17:29:34	1787506174841386500,1787506174846049300	SIG#456 [1,0,1,0,0,0,1,0,1,1,0,0,1,0,1,1,0,0,1,0,1,1,0,1,1,0,1,1,0,1,1,0,1,1,0,1,1,0,1,1,0,1,1,0,1,1,0,1,1,0,1,1,0,1,1,0,1,1,0,1,1,0,1,1,0,2,1,0,1,1,0,2,1,0,1,1,0,2,1,0,1,1,0,2,1,0,0,1,0,2,1] pk=2	
17:29:35	1787506175832617200,1787506175836904400		[17:29:35] ⚡ CPS CLUSTER  40cts/10s  n=33  CV_IAT=1.737 |   RF est P=C·d²/K  @0.5m: 10.0-1000.0W  (mid=50.0W)  CPS/s=4.0
17:29:38	1787506178103910100		
17:29:39			
17:29:40	1787506180508627700		
17:29:41	1787506181719733000		
17:29:42	1787506182910530300,1787506182912850000		
17:29:44	1787506184367400700,1787506184372355600		
17:29:45	1787506185361579300,1787506185366804000		
17:29:46	1787506186849676300,1787506186859174700,1787506186866250500		
17:29:47	1787506187833124600,1787506187838249700,1787506187845191000		
17:29:50	1787506190117546500,1787506190126959600,1787506190135508200		[17:29:50] ⚠⚠⚠ POWER LEVEL LOCK  dr=0.1700 µSv/h  hits=343  avg_interval=3.5s (0.06min)  CV=5.159 |   Source returns to identical power level 343x  Natural decay cannot reproduce fixed amplitude  Controlled RF source confirmed | [17:29:50] ⚡ BEAT INTERFERENCE CONFIRMED |   y = A1·sin(2πf₁t) + A2·sin(2πf₂t) |   A1=0.1900µSv/h  A2=0.1300µSv/h  A2/A1=0.684  floor/peak=0.684 |   f_beat=|f₁-f₂|=0.53106Hz  T_beat=1.9s  band=SLF |   RF P≈C·d²/K: carrier1≈0.05W  carrier2≈0.02W  @d=0.5m (K=0.2) |   TWO-SOURCE INTERFERENCE  dominant=0.1900µSv/h  secondary=0.1300µSv/h  freq-sep≈0.53106Hz  CV_env=0.158
17:29:51	1787506191295988500,1787506191298832000,1787506191300527600		[17:29:51] ⚡ CPS CLUSTER  17cts/10s  n=17  CV_IAT=1.212 |   RF est P=C·d²/K  @0.5m: 4.3-425.0W  (mid=21.3W)  CPS/s=1.7
17:29:52	1787506192502119700,1787506192511209700		[17:29:52] ⚡ OOK BURST PATTERN  CPS=1  burst=2.2s  gap=2.8s  duty=0.43  cycles=6 |   f=0.200Hz (SLF)  T=5.0s  CV_run=0.414  CV_gap=0.317  RF≈1.3W@0.5m |   ON/OFF KEYING SIGNATURE  identical CPS=1 repeated 6x  structured pulsed source confirmed
17:29:53	1787506193704884000,1787506193707259400		[17:29:53] ⚠⚠⚠ EMF FINGERPRINT  score=6/7  n=4pk/5fl |   χ²/μ=0.003  m=1.215  SWR=0.23  CV_R=0.144  PSCI=0.064  CV_Re=0.129
17:29:54	1787506194892828700,1787506194894826000	SIG#462 [1,0,1,0,0,0,1,0,1,0,0,0,1,0,1,0,0,0,1,0,1,0,0,1,1,0,1,0,0,1,0,0,1,0,0,1,0,1,1,0,0,1,0,1,0,0,0,1,0,1,0,0,0,1,0,1,0,0,0,1,0,1] pk=1	
17:29:56	1787506196354369800		
17:29:57	1787506197363461600		
17:29:58			
17:29:59			
17:30:02			
17:30:03			
17:30:04			
17:30:05			
17:30:06			
17:30:08			
17:30:09			
17:30:10	1787506210850787300		[Min 021  17:29:09]  CPM=00098  ✓ COMPLETE
17:30:11	1787506211851687200,1787506211855224800		[17:30:11] ⚡ CPS CLUSTER  6cts/10s  n=3  CV_IAT=0.993 |   RF est P=C·d²/K  @0.5m: 1.5-150.0W  (mid=7.5W)  CPS/s=0.6 | [17:30:11] ⚠ BURST PAIR  pairs=20  interval=36.0s  CV=3.702  spacings=[20.5,2.3,1.2,1.2,1.2,1.2,2.4,1.5,1.0,2.3,1.2,1.2,40.8,1.2,1.2,1.2,1.4,1.0,599.6]  span=683.7s |   f=0.028Hz  T=36.0s  pair_width=2s  CPS≥2  structured burst-pair source
17:30:14	1787506214120083700,1787506214121360400		
17:30:15	1787506215311430000,1787506215312324600		
17:30:16	1787506216499344600,1787506216503420400		
17:30:17	1787506217704159000,1787506217704968200		
17:30:18	1787506218903435500,1787506218908873200,1787506218925851000		
17:30:20	1787506220335848400,1787506220343262500		
17:30:21	1787506221360486000		
17:30:22	1787506222365892400,1787506222377399000		
17:30:23	1787506223859922200,1787506223866739700		[17:30:23] ⚠ EMF FINGERPRINT  score=4/7  n=3pk/2fl |   χ²/μ=0.001  m=1.333  SWR=0.21  CV_R=0.093  PSCI=0.075  CV_Re=0.040
17:30:24	1787506224840679400,1787506224845593000,1787506224848399000		
17:30:27	1787506227106710000,1787506227111611400,1787506227114589400		[17:30:27] ⚡ CPS CLUSTER  21cts/10s  n=16  CV_IAT=1.152 |   RF est P=C·d²/K  @0.5m: 5.3-525.0W  (mid=26.3W)  CPS/s=2.1
17:30:28	1787506228307320300,1787506228308702200,1787506228310214400		
17:30:29	1787506229516679400,1787506229525690000,1787506229531314000		
17:30:30	1787506230699249700,1787506230701317600,1787506230703300000		
17:30:31	1787506231903112200,1787506231904932600		
17:30:33	1787506233363048400,1787506233365650400	SIG#475 [1,0,0,1,0,0,1,0,0,1,0,0,1,0,0,1,0,1,1,0,0,1,0,1,0,0,0,1,0,1,0,1,0,1,0,1,0,1,0,1,0,1,0,1,0,0,0,1,0,1,0,0,0,1,0,1] pk=1	
17:30:34	1787506234357266700		
17:30:35	1787506235843783700		
17:30:36	1787506236870736400		
17:30:39	1787506239123104800,1787506239125076500		[17:30:39] ⚡ OOK BURST PATTERN  CPS=1  burst=8.5s  gap=42.0s  duty=0.17  cycles=4 |   f=0.020Hz (ELF)  T=50.5s  CV_run=1.461  CV_gap=1.581  RF≈1.3W@0.5m |   ON/OFF KEYING SIGNATURE  identical CPS=1 repeated 4x  structured pulsed source confirmed
17:30:40	1787506240356554500,1787506240357201700,1787506240357949000		
17:30:41	1787506241357198600,1787506241358393600,1787506241359490800,1787506241360670200		
17:30:42	1787506242843051800,1787506242844030700,1787506242844795600,1787506242845539300		[17:30:42] 小刀 PAINTBRUSH BURST  4 consecutive ticks  total=4cts  avg=1.0CPS  RF~1.3W@0.5m  bars merge = dense burst | [17:30:42] ⚡ CPS CLUSTER  14cts/10s  n=14  CV_IAT=1.186 |   RF est P=C·d²/K  @0.5m: 3.5-350.0W  (mid=17.5W)  CPS/s=1.4
17:30:43	1787506243841477000,1787506243842238700,1787506243842881800,1787506243843602000,1787506243845866500		[17:30:43] ⚠⚠⚠ CPS UNIFORMITY LOCK  CPS=1 on 18/30s (60.0%)  zeros=12  highs=0  Poisson P<<0.001  CONTROLLED SOURCE CONFIRMED |   Natural Poisson: expected CPS=1 on ~9-13s  observed=18s  locked synthetic output indicated
17:30:46	1787506246102866200,1787506246104181200,1787506246105095000,1787506246106055400,1787506246107722500,1787506246108191700		[17:30:46] 🔒 CPS LOCK  CPS=1 x4+ consecutive  P(Poisson)<<0.001  RF≈1.3W@0.5m | [17:30:46] 🔒 CPS LOCK END  was CPS=1 x4  now CPS=0 | [17:30:46] ⚠⚠⚠ CONFIRMED ATTACK  CONSECUTIVE CPS CLUSTER  run=5s  total_counts=5  avg=1.00CPS/s  dr=0.1600  span=2.3s |   Poisson P(run≥5)<<0.001  NON-NATURAL SOURCE CONFIRMED  start=17:30:43
17:30:47	1787506247307605000,1787506247309194000,1787506247309966000,1787506247311419400,1787506247311950300		[17:30:47] 🔒 CPS LOCK END  was CPS=1 x4  now CPS=0
17:30:48	1787506248501164300,1787506248505260000,1787506248526290000,1787506248528022500,1787506248545022700		