09:04:04	1787475844890531000		[09:04:04] ↑ STATE  FLAT → LOW  0.1300 µSv/h | [09:04:04] ⚠⚠⚠ POWER LEVEL LOCK  dr=0.1200 µSv/h  hits=3  avg_interval=0.0s (0.00min)  CV=0.206 |   Source returns to identical power level 3x  Natural decay cannot reproduce fixed amplitude  Controlled RF source confirmed
09:04:06	1787475846352599000,1787475846356336400		[09:04:06] ⚡ CPS CLUSTER  5cts/10s  n=3  CV_IAT=0.995 |   RF est P=C·d²/K  @0.5m: 1.3-125.0W  (mid=6.3W)  CPS/s=0.5
09:04:07	1787475847351097600,1787475847353719600,1787475847354988500		
09:04:08	1787475848834475000,1787475848837264400,1787475848838158300		[09:04:08] ⚡ OOK BURST PATTERN  CPS=2  burst=1.3s  gap=3.7s  duty=0.27  cycles=3 |   f=0.200Hz (SLF)  T=5.0s  CV_run=0.354  CV_gap=0.643  RF≈2.5W@0.5m |   ON/OFF KEYING SIGNATURE  identical CPS=2 repeated 3x  structured pulsed source confirmed
09:04:09	1787475849843493000,1787475849846748700,1787475849847903000,1787475849849322500		
09:04:12	1787475852107387600,1787475852108699000,1787475852110329600		
09:04:13	1787475853306232300,1787475853307289300,1787475853309046000		
09:04:14	1787475854501954000,1787475854504693800,1787475854506479900,1787475854509130200		
09:04:15	1787475855703611400,1787475855705689900,1787475855707782100		
09:04:16	1787475856904988000,1787475856906950100,1787475856908711200		
09:04:18	1787475858333417200,1787475858336056800,1787475858337515300,1787475858338178800		
09:04:19	1787475859335509500,1787475859337013200,1787475859337770800		
09:04:20	1787475860845439500,1787475860847455500,1787475860848705800		
09:04:21	1787475861833851100,1787475861835891200,1787475861836647200		[09:04:21] ⚡ BEAT INTERFERENCE CONFIRMED |   y = A1·sin(2πf₁t) + A2·sin(2πf₂t) |   A1=0.1400µSv/h  A2=0.1300µSv/h  A2/A1=0.929  floor/peak=0.929 |   f_beat=|f₁-f₂|=0.19383Hz  T_beat=5.2s  band=SLF |   RF P≈C·d²/K: carrier1≈0.02W  carrier2≈0.02W  @d=0.5m (K=0.2) |   TWO-SOURCE INTERFERENCE  dominant=0.1400µSv/h  secondary=0.1300µSv/h  freq-sep≈0.19383Hz  CV_env=0.037 | [09:04:21] ⚡ CPS CLUSTER  27cts/10s  n=27  CV_IAT=1.514 |   RF est P=C·d²/K  @0.5m: 6.8-675.0W  (mid=33.8W)  CPS/s=2.7
09:04:24	1787475864106228700,1787475864107598600,1787475864111752400	SIG#2 [2,0,0,1,0,0,2,0,0,1,1,0,2,0,0,1,1,0,2,0,0,1,1,0,1,0,0,1,1,0,1,0,0,1,1,0,1,0,0,1,1,0,1,0,0,1,1,0,1,0,0,1,0,0,1,0,0,1,0,1,1,0,0,1,0,1,1,0,0,1,0,1,1,0,0,1,0,1,1,0,0,1,0,1,1] pk=2	
09:04:25	1787475865303626800,1787475865305131500,1787475865309281800		[09:04:25] ⚠ EMF FINGERPRINT  score=4/7  n=4pk/2fl |   χ²/μ=0.001  m=1.174  SWR=0.17  CV_R=0.101  PSCI=0.083  CV_Re=0.043
09:04:26	1787475866503699000,1787475866507550000,1787475866508988700		
09:04:27	1787475867706438000,1787475867707974100,1787475867708681200		
09:04:28	1787475868905425400,1787475868907086600,1787475868907896000		
09:04:30	1787475870349975000,1787475870351752400,1787475870352553700		
09:04:31	1787475871354159000,1787475871357860600,1787475871359412200,1787475871363718700		
09:04:32	1787475872834987000,1787475872835907000,1787475872842974200		
09:04:33	1787475873843417900,1787475873844815000,1787475873847583500		[09:04:33] ↑ STATE  LOW → ELEVATED  0.2000 µSv/h
09:04:35	1787475875333581600,1787475875339538200		[09:04:35] ↑ STATE  ELEVATED → LOW  0.1700 µSv/h | [09:04:35] ↑ STATE  LOW → ELEVATED  0.2000 µSv/h | [09:04:35] 🔄 PEAK RECURRENCE  dr=0.2000 µSv/h  seen 1x in log
09:04:36	1787475876340760600	SIG#3 [1,1,0,0,0,2,1,1,0,0,0,2,0,1,0,0,0,2,0,1,0,0,0,2,0,1,2,0,0,2,0,1,2,0,0,2,0,1,2,0,0,2,0,1,2,0,0,1,0,1,2,0,0,1,0,1,2,0,0,1,0,0,2,0,0,1] pk=2	[09:04:36] ↑ STATE  ELEVATED → LOW  0.1800 µSv/h | [09:04:36] ↑ STATE  LOW → ELEVATED  0.2000 µSv/h | [09:04:36] ↑ STATE  ELEVATED → LOW  0.1900 µSv/h
09:04:37	1787475877354768000,1787475877359704600		[09:04:37] ⚡ CPS CLUSTER  33cts/10s  n=22  CV_IAT=1.438 |   RF est P=C·d²/K  @0.5m: 8.3-825.0W  (mid=41.3W)  CPS/s=3.3 | [09:04:37] ↑ STATE  LOW → ELEVATED  0.2000 µSv/h | [09:04:37] ↑ STATE  ELEVATED → LOW  0.1900 µSv/h
09:04:38	1787475878843788800,1787475878851548200		[09:04:38] ↑ STATE  LOW → ELEVATED  0.2000 µSv/h | [09:04:38] ↑ STATE  ELEVATED → LOW  0.1900 µSv/h
09:04:39	1787475879852059000		[09:04:39] ↑ STATE  LOW → ELEVATED  0.2000 µSv/h | [09:04:39] ↑ STATE  ELEVATED → LOW  0.1900 µSv/h
09:04:42	1787475882113923000,1787475882117357800		[09:04:42] ↑ STATE  LOW → ELEVATED  0.2000 µSv/h | [09:04:42] ↑ STATE  ELEVATED → LOW  0.1900 µSv/h
09:04:43	1787475883312004900,1787475883314761700		[09:04:43] ↑ STATE  LOW → ELEVATED  0.2000 µSv/h | [09:04:43] ↑ STATE  ELEVATED → LOW  0.1900 µSv/h
09:04:44	1787475884514525200,1787475884516702200		
09:04:45	1787475885703510000,1787475885709911800,1787475885712097000		
09:04:46	1787475886915554800,1787475886921646000		
09:04:48	1787475888116183300,1787475888119101000		
09:04:49	1787475889317416400,1787475889321191700		
09:04:50	1787475890502619100	SIG#9 [2,0,0,1,0,0,2,0,0,1,0,0,2,0,0,1,0,0,2,0,0,1,0,0,3,0,0,1,0,0,3,0,0,1,0,0,3,0,0,1,0,0,3] pk=3	
09:04:51	1787475891714817800		
09:04:52	1787475892897115600,1787475892903299300		[09:04:52] ⚡ CPS CLUSTER  33cts/10s  n=16  CV_IAT=0.930 |   RF est P=C·d²/K  @0.5m: 8.3-825.0W  (mid=41.3W)  CPS/s=3.3
09:04:54	1787475894348711400		[09:04:54] ⚡ OOK BURST PATTERN  CPS=1  burst=1.0s  gap=2.0s  duty=0.33  cycles=3 |   f=0.333Hz (SLF)  T=3.0s  CV_run=0.000  CV_gap=0.000  RF≈1.3W@0.5m |   ON/OFF KEYING SIGNATURE  identical CPS=1 repeated 3x  structured pulsed source confirmed
09:04:55	1787475895346596900,1787475895348154400		
09:04:56	1787475896346272500,1787475896347735300		
09:04:57	1787475897845902600,1787475897847476500		
09:04:58	1787475898845167000,1787475898848356000		
09:05:01	1787475901113415700,1787475901117450000,1787475901120944400		
09:05:02	1787475902312546600,1787475902317370400		
09:05:03	1787475903503819500,1787475903507412200		[09:05:03] ⚠ EMF FINGERPRINT  score=4/7  n=3pk/3fl |   χ²/μ=0.001  m=1.125  SWR=0.11  CV_R=0.066  PSCI=0.045  CV_Re=0.051
09:05:04	1787475904703511800	SIG#15 [1,0,1,0,0,0,1,0,1,0,0,0,1,0,1,0,0,0,1,0,1,0,0,0,1,0,1,0,0,0,1,0,1,0,0,0,1,0,1,0,0,0,1] pk=1	
09:05:05	1787475905907026200		[Min 001  09:04:04]  CPM=00154  ✓ COMPLETE | [09:05:05] ⚠⚠⚠ POWER LEVEL LOCK  dr=0.1600 µSv/h  hits=30  avg_interval=1.4s (0.02min)  CV=3.025 |   Source returns to identical power level 30x  Natural decay cannot reproduce fixed amplitude  Controlled RF source confirmed
09:05:07	1787475907107012000		
09:05:08	1787475908322070500,1787475908328027400		[09:05:08] ⚡ CPS CLUSTER  13cts/10s  n=13  CV_IAT=0.915 |   RF est P=C·d²/K  @0.5m: 3.3-325.0W  (mid=16.3W)  CPS/s=1.3
09:05:09	1787475909524332800		
09:05:10	1787475910727215600,1787475910731296500		
09:05:11	1787475911918152200,1787475911920007000,1787475911921033200		
09:05:13	1787475913365595600,1787475913367723800,1787475913368764000		
09:05:14	1787475914364625000,1787475914366294300,1787475914367081000		[09:05:14] ⚠⚠ STRUCTURED BURST PAIR  pairs=3  interval=1.2s  CV=0.184  spacings=[1.4,1.0]  span=2.4s |   f=0.818Hz  T=1.2s  pair_width=2s  CPS≥2  structured burst-pair source
09:05:15	1787475915863309000,1787475915865269800,1787475915865981700		
09:05:16	1787475916856955400,1787475916858561300,1787475916863396400	SIG#22 [2,0,2,0,0,0,2,0,2,2,0,0,2,0,2,2,0,0,2,0,2,2,0,0,2,0,2,2] pk=2	
09:05:19	1787475919119610400,1787475919122349800,1787475919126713900		
09:05:20	1787475920330467300,1787475920337904400		[09:05:20] ↑ STATE  LOW → ELEVATED  0.2000 µSv/h | [09:05:20] 🔄 PEAK RECURRENCE  dr=0.2000 µSv/h  seen 14x in log
09:05:21	1787475921526827800	SIG#23 [2,2,0,0,0,1,2,2,0,0,0,1,0,2,0,0,0,1] pk=2	[09:05:21] ↑ STATE  ELEVATED → LOW  0.1300 µSv/h | [09:05:21] ↑ STATE  LOW → ELEVATED  0.2000 µSv/h
09:05:22	1787475922717376500,1787475922721434400		[09:05:22] ⚡ BEAT INTERFERENCE CONFIRMED |   y = A1·sin(2πf₁t) + A2·sin(2πf₂t) |   A1=0.2000µSv/h  A2=0.1300µSv/h  A2/A1=0.650  floor/peak=0.650 |   f_beat=|f₁-f₂|=0.41887Hz  T_beat=2.4s  band=SLF |   RF P≈C·d²/K: carrier1≈0.05W  carrier2≈0.02W  @d=0.5m (K=0.2) |   TWO-SOURCE INTERFERENCE  dominant=0.2000µSv/h  secondary=0.1300µSv/h  freq-sep≈0.41887Hz  CV_env=0.140 | [09:05:22] ↑ STATE  ELEVATED → LOW  0.1400 µSv/h | [09:05:22] ↑ STATE  LOW → ELEVATED  0.2000 µSv/h
09:05:23	1787475923914739200,1787475923918772000		[09:05:23] ⚡ CPS CLUSTER  28cts/10s  n=17  CV_IAT=1.373 |   RF est P=C·d²/K  @0.5m: 7.0-700.0W  (mid=35.0W)  CPS/s=2.8 | [09:05:23] ↑ STATE  ELEVATED → LOW  0.1600 µSv/h | [09:05:23] ↑ STATE  LOW → ELEVATED  0.2000 µSv/h
09:05:25	1787475925353843200,1787475925359643000		[09:05:25] ↑ STATE  ELEVATED → LOW  0.1700 µSv/h | [09:05:25] ↑ STATE  LOW → ELEVATED  0.2000 µSv/h
09:05:26	1787475926362985700	SIG#25 [1,0,0,0,1,0,1,0,0,0,1,0,1,0,0,0,1] pk=1	[09:05:26] ↑ STATE  ELEVATED → LOW  0.1900 µSv/h | [09:05:26] ↑ STATE  LOW → ELEVATED  0.2000 µSv/h
09:05:27	1787475927864904000		
09:05:28	1787475928856324600		
09:05:31	1787475931113764000		[09:05:31] ↑ STATE  ELEVATED → LOW  0.1900 µSv/h
09:05:32			[09:05:32] ↑ STATE  LOW → ELEVATED  0.2000 µSv/h | [09:05:32] ↑ STATE  ELEVATED → LOW  0.1900 µSv/h
09:05:33			[09:05:33] ↑ STATE  LOW → ELEVATED  0.2100 µSv/h | [09:05:33] ↑ STATE  ELEVATED → LOW  0.1900 µSv/h
09:05:34			[09:05:34] ↑ STATE  LOW → ELEVATED  0.2100 µSv/h | [09:05:34] ⚠ EMF FINGERPRINT  score=4/7  n=2pk/6fl |   χ²/μ=0.001  m=1.212  SWR=0.13  CV_R=0.060  PSCI=0.000  CV_Re=0.072 | [09:05:34] ↑ STATE  ELEVATED → LOW  0.1900 µSv/h
09:05:35	1787475935917310000		[09:05:35] ↑ STATE  LOW → ELEVATED  0.2000 µSv/h | [09:05:35] ↑ STATE  ELEVATED → LOW  0.1900 µSv/h
09:05:37	1787475937367892200		[09:05:37] ↑ STATE  LOW → ELEVATED  0.2000 µSv/h | [09:05:37] ↑ STATE  ELEVATED → LOW  0.1900 µSv/h | [09:05:37] ↓ STATE  LOW → FLAT  0.0900 µSv/h
09:05:38	1787475938367000600		[09:05:38] ↑ STATE  FLAT → LOW  0.1900 µSv/h | [09:05:38] ↓ STATE  LOW → FLAT  0.0900 µSv/h
09:05:39	1787475939877117200		[09:05:39] ⚡ OOK BURST PATTERN  CPS=2  burst=7.0s  gap=12.3s  duty=0.36  cycles=3 |   f=0.052Hz (ELF)  T=19.3s  CV_run=1.113  CV_gap=1.070  RF≈2.5W@0.5m |   ON/OFF KEYING SIGNATURE  identical CPS=2 repeated 3x  structured pulsed source confirmed | [09:05:39] ↑ STATE  FLAT → LOW  0.1700 µSv/h | [09:05:39] ⚡ CPS CLUSTER  5cts/10s  n=5  CV_IAT=0.694 |   RF est P=C·d²/K  @0.5m: 1.3-125.0W  (mid=6.3W)  CPS/s=0.5 | [09:05:39] ↓ STATE  LOW → FLAT  0.0900 µSv/h | [09:05:39] 🔄 FLOOR RECURRENCE  dr=0.0900 µSv/h  prior=09:05:38  interval=1.5s  (0.03min) |   FLOOR PATTERN  n=3  avg_interval=1.0s  (0.02min)  CV=0.000  PERIODIC ⚠
09:05:40	1787475940875412500		[09:05:40] ↑ STATE  FLAT → LOW  0.1600 µSv/h | [09:05:40] ↓ STATE  LOW → FLAT  0.0900 µSv/h
09:05:43	1787475943124705300		[09:05:43] ↑ STATE  FLAT → LOW  0.1400 µSv/h | [09:05:43] ↓ STATE  LOW → FLAT  0.0900 µSv/h
09:05:44	1787475944333356500,1787475944339605500		[09:05:44] ↑ STATE  FLAT → LOW  0.1300 µSv/h | [09:05:44] ↓ STATE  LOW → FLAT  0.0900 µSv/h
09:05:45	1787475945533102000		
09:05:46	1787475946732170500		
09:05:47	1787475947930226000		
09:05:49	1787475949361384400		
09:05:50	1787475950364878600		
09:05:51	1787475951871464400		
09:05:52			
09:05:55			[09:05:55] ⚡ STRUCTURED CLUSTER  6cts/10s  n=6  CV_IAT=0.142  non-Poisson |   RF est P=C·d²/K  @0.5m: 1.5-150.0W  (mid=7.5W)  CPS/s=0.6
09:05:56	1787475956338092000		
09:05:57	1787475957533659400,1787475957534637300		
09:05:58	1787475958739616500,1787475958741212200,1787475958742840800		
09:05:59	1787475959927669000,1787475959928600300,1787475959929613300		
09:06:01	1787475961376463000,1787475961377365000,1787475961378074600,1787475961379346400		
09:06:02	1787475962374891300,1787475962375945700,1787475962376687900,1787475962378321000		
09:06:03	1787475963863497000,1787475963869099000,1787475963870350600,1787475963872315100,1787475963874060500		[09:06:03] ⚠⚠⚠ CPS UNIFORMITY LOCK  CPS=1 on 18/30s (60.0%)  zeros=12  highs=0  Poisson P<<0.001  CONTROLLED SOURCE CONFIRMED |   Natural Poisson: expected CPS=1 on ~9-13s  observed=18s  locked synthetic output indicated | [09:06:03] ↑ STATE  FLAT → LOW  0.1100 µSv/h
09:06:04	1787475964868496000,1787475964870299100,1787475964872135700,1787475964873537000		[09:06:04] ↓ STATE  LOW → FLAT  0.0600 µSv/h | [09:06:04] ↑ STATE  FLAT → LOW  0.1100 µSv/h
09:06:07	1787475967121404400,1787475967123337200,1787475967125910500,1787475967130674700		[Min 002  09:05:04]  CPM=00104  ✓ COMPLETE | [09:06:07] ↓ STATE  LOW → FLAT  0.0600 µSv/h | [09:06:07] ↑ STATE  FLAT → LOW  0.1100 µSv/h | [09:06:07] ⚠⚠⚠ POWER LEVEL LOCK  dr=0.1100 µSv/h  hits=73  avg_interval=1.7s (0.03min)  CV=4.441 |   Source returns to identical power level 73x  Natural decay cannot reproduce fixed amplitude  Controlled RF source confirmed
09:06:08	1787475968345620700,1787475968347373000,1787475968349404400,1787475968350344400		[09:06:08] ↓ STATE  LOW → FLAT  0.0700 µSv/h | [09:06:08] ⚠⚠ EMF FINGERPRINT  score=5/7  n=5pk/2fl |   χ²/μ=0.005  m=1.631  SWR=0.56  CV_R=0.267  PSCI=0.228  CV_Re=0.077 | [09:06:08] ↑ STATE  FLAT → LOW  0.1100 µSv/h
09:06:09	1787475969533846000,1787475969535652000,1787475969539080000,1787475969540766500		[09:06:09] ↓ STATE  LOW → FLAT  0.0900 µSv/h | [09:06:09] ↑ STATE  FLAT → LOW  0.1100 µSv/h
09:06:10	1787475970725542400,1787475970728010500,1787475970729044200		[09:06:10] ⚡ CPS CLUSTER  39cts/10s  n=29  CV_IAT=2.022 |   RF est P=C·d²/K  @0.5m: 9.8-975.0W  (mid=48.8W)  CPS/s=3.9 | [09:06:10] ↓ STATE  LOW → FLAT  0.0900 µSv/h | [09:06:10] 🔄 FLOOR RECURRENCE  dr=0.0900 µSv/h  prior=09:06:09  interval=1.2s  (0.02min) | [09:06:10] ↑ STATE  FLAT → LOW  0.1100 µSv/h
09:06:11	1787475971923634200,1787475971925966600,1787475971926997500,1787475971929737700		
09:06:13	1787475973374615800,1787475973375582000,1787475973378012700		[09:06:13] ↑ STATE  LOW → ELEVATED  0.2000 µSv/h | [09:06:13] 🔄 PEAK RECURRENCE  dr=0.2000 µSv/h  seen 56x in log
09:06:14	1787475974373372200,1787475974374581800,1787475974377140700,1787475974378845700		[09:06:14] ↑ STATE  ELEVATED → LOW  0.1400 µSv/h | [09:06:14] ↑ STATE  LOW → ELEVATED  0.2000 µSv/h
09:06:15	1787475975883409400,1787475975887240700,1787475975888850400,1787475975889653500		[09:06:15] ↑ STATE  ELEVATED → LOW  0.1500 µSv/h | [09:06:15] ↑ STATE  LOW → ELEVATED  0.2000 µSv/h
09:06:16	1787475976876262100,1787475976881589500,1787475976883384300		[09:06:16] ↑ STATE  ELEVATED → LOW  0.1600 µSv/h | [09:06:16] ↑ STATE  LOW → ELEVATED  0.2000 µSv/h
09:06:19	1787475979145699300,1787475979147813600,1787475979149427000		[09:06:19] ↑ STATE  ELEVATED → LOW  0.1700 µSv/h | [09:06:19] ↑ STATE  LOW → ELEVATED  0.2000 µSv/h
09:06:20	1787475980343569400,1787475980346474000,1787475980347418000		[09:06:20] ↑ STATE  ELEVATED → LOW  0.1800 µSv/h | [09:06:20] ↑ STATE  LOW → ELEVATED  0.2000 µSv/h
09:06:21	1787475981525631000,1787475981526717700,1787475981530783500	SIG#46 [1,1,1,0,0,0,1,1,1,0,0,0,1,1,1,0,1,0,1,1,1,0,1,0,1,1,1,0,1,0,3,1,1,0,1,0,3,0,1,0,1,0,3,0,1,0,1,0,3,0,1,1,1,0,3,0,1,1,0,0,3,0,1,1,0,0,3,0,1,1,0,0,1,0,1,1,0,0,1,0,1,1,0,0,1,0,1,1,0,0,1,0,1,2,0,0,1,0,1,2,0,0,1,0,1,2,0,0,1,0,1,2] pk=3	
09:06:22	1787475982739307000,1787475982748404700,1787475982764512300,1787475982779142100		[09:06:22] ⚡ BEAT INTERFERENCE CONFIRMED |   y = A1·sin(2πf₁t) + A2·sin(2πf₂t) |   A1=0.2300µSv/h  A2=0.1100µSv/h  A2/A1=0.478  floor/peak=0.478 |   f_beat=|f₁-f₂|=0.41874Hz  T_beat=2.4s  band=SLF |   RF P≈C·d²/K: carrier1≈0.07W  carrier2≈0.02W  @d=0.5m (K=0.2) |   TWO-SOURCE INTERFERENCE  dominant=0.2300µSv/h  secondary=0.1100µSv/h  freq-sep≈0.41874Hz  CV_env=0.215
09:06:23	1787475983943673600,1787475983947292700,1787475983948111400,1787475983951942400		[09:06:23] ⚠ BURST PAIR  pairs=7  interval=12.0s  CV=1.968  spacings=[1.4,1.0,1.5,1.0,2.3,64.8]  span=72.0s |   f=0.083Hz  T=12.0s  pair_width=2s  CPS≥2  structured burst-pair source
09:06:25	1787475985387803000,1787475985389387800,1787475985390634200,1787475985391444500		[09:06:25] ⚡ OOK BURST PATTERN  CPS=2  burst=1.0s  gap=3.0s  duty=0.25  cycles=5 |   f=0.250Hz (SLF)  T=4.0s  CV_run=0.000  CV_gap=0.211  RF≈2.5W@0.5m |   ON/OFF KEYING SIGNATURE  identical CPS=2 repeated 5x  structured pulsed source confirmed
09:06:26	1787475986370539800,1787475986371746800,1787475986372760800,1787475986373588000		[09:06:26] 小刀 PAINTBRUSH BURST  4 consecutive ticks  total=6cts  avg=1.5CPS  RF~1.9W@0.5m  bars merge = dense burst | [09:06:26] ⚡ CPS CLUSTER  36cts/10s  n=24  CV_IAT=1.750 |   RF est P=C·d²/K  @0.5m: 9.0-900.0W  (mid=45.0W)  CPS/s=3.6
09:06:27	1787475987875290400,1787475987876930800,1787475987879744800,1787475987881472500		
09:06:28	1787475988878282000,1787475988882251000,1787475988884005600,1787475988885104000,1787475988887633200		
09:06:31	1787475991133846800,1787475991134864000,1787475991135754500,1787475991138523000,1787475991142205400		
09:06:32	1787475992353424100,1787475992356884000,1787475992360333300,1787475992361169400		
09:06:33	1787475993543478300,1787475993545828400,1787475993546753000		
09:06:34	1787475994737261300,1787475994738481700	SIG#47 [1,2,0,0,0,1,1,2,0,0,0,1,3,2,0,0,0,1,3,1,0,0,0,1,3,1,1,0,0,1,3,1,1,0,0,1,3,1,1,0,0,1,3,1,1,0,0,1,3,1,1,0,0,1,1,1,1,0,0,1,1,0,1,0,0,1,1] pk=3	
09:06:35	1787475995935692300,1787475995937334500		
09:06:37	1787475997373756400,1787475997374895900		
09:06:38	1787475998381595000,1787475998387895800		
09:06:39	1787475999884818700		[09:06:39] ↑ STATE  ELEVATED → LOW  0.1900 µSv/h
09:06:40	1787476000880841700,1787476000883313200		[09:06:40] ↑ STATE  LOW → ELEVATED  0.2300 µSv/h | [09:06:40] ↑ STATE  ELEVATED → LOW  0.1900 µSv/h
09:06:43	1787476003146600700,1787476003148246500		[09:06:43] ⚡ CPS CLUSTER  15cts/10s  n=14  CV_IAT=1.100 |   RF est P=C·d²/K  @0.5m: 3.8-375.0W  (mid=18.8W)  CPS/s=1.5 | [09:06:43] ↑ STATE  LOW → ELEVATED  0.2300 µSv/h | [09:06:43] ↑ STATE  ELEVATED → LOW  0.1900 µSv/h
09:06:44	1787476004346083800,1787476004347725600		[09:06:44] ↑ STATE  LOW → ELEVATED  0.2300 µSv/h | [09:06:44] 🔄 PEAK RECURRENCE  dr=0.2300 µSv/h  seen 48x in log | [09:06:44] ↑ STATE  ELEVATED → LOW  0.1900 µSv/h
09:06:45	1787476005536845300,1787476005539135500		[09:06:45] ↑ STATE  LOW → ELEVATED  0.2000 µSv/h | [09:06:45] ⚠ EMF FINGERPRINT  score=4/7  n=2pk/5fl |   χ²/μ=0.002  m=1.224  SWR=0.18  CV_R=0.096  PSCI=0.021  CV_Re=0.121 | [09:06:45] ↑ STATE  ELEVATED → LOW  0.1900 µSv/h
09:06:46	1787476006733381000,1787476006737125600,1787476006741859600		[09:06:46] ↑ STATE  LOW → ELEVATED  0.2000 µSv/h | [09:06:46] ↑ STATE  ELEVATED → LOW  0.1900 µSv/h
09:06:47	1787476007935004700,1787476007939534300		
09:06:49	1787476009393620000,1787476009401198600		
09:06:50	1787476010399578600	SIG#54 [1,0,2,0,0,0,1,0,2,0,0,0,1,0,2,0,0,0,1,0,2,0,0,0,1,0,2,0,0,0,2,0,2,0,0,0,2,0,2,0,0,0,2] pk=2	
09:06:51	1787476011879252700		
09:06:52	1787476012893295000,1787476012898636800		
09:06:55	1787476015143798800,1787476015147974100		
09:06:56	1787476016357910000		
09:06:57	1787476017546272500		
09:06:58	1787476018738320100		[09:06:58] ⚡ CPS CLUSTER  16cts/10s  n=10  CV_IAT=0.802 |   RF est P=C·d²/K  @0.5m: 4.0-400.0W  (mid=20.0W)  CPS/s=1.6
09:06:59	1787476019955042300		
09:07:01	1787476021393445400		
09:07:02			
09:07:03			
09:07:04	1787476024898467600		[Min 003  09:06:04]  CPM=00158  ✓ COMPLETE
09:07:07	1787476027158470000		[09:07:07] ⚠⚠⚠ POWER LEVEL LOCK  dr=0.1500 µSv/h  hits=96  avg_interval=1.7s (0.03min)  CV=4.201 |   Source returns to identical power level 96x  Natural decay cannot reproduce fixed amplitude  Controlled RF source confirmed
09:07:08	1787476028357543400		
09:07:09	1787476029549582800		
09:07:10	1787476030755140600		[09:07:10] ⚡ OOK BURST PATTERN  CPS=2  burst=3.0s  gap=10.0s  duty=0.23  cycles=4 |   f=0.077Hz (ELF)  T=13.0s  CV_run=1.155  CV_gap=1.155  RF≈2.5W@0.5m |   ON/OFF KEYING SIGNATURE  identical CPS=2 repeated 4x  structured pulsed source confirmed
09:07:11	1787476031947015000		
09:07:13	1787476033393516300,1787476033400470000		[09:07:13] ↓ STATE  LOW → FLAT  0.0900 µSv/h | [09:07:13] 🔄 FLOOR RECURRENCE  dr=0.0900 µSv/h  prior=09:06:10  interval=62.7s  (1.04min)
09:07:14	1787476034398317300,1787476034399091200		[09:07:14] ⚡ CPS CLUSTER  8cts/10s  n=8  CV_IAT=0.502 |   RF est P=C·d²/K  @0.5m: 2.0-200.0W  (mid=10.0W)  CPS/s=0.8 | [09:07:14] ↑ STATE  FLAT → LOW  0.1200 µSv/h | [09:07:14] ↓ STATE  LOW → FLAT  0.0900 µSv/h
09:07:15	1787476035894625000,1787476035895643000		[09:07:15] ↑ STATE  FLAT → LOW  0.1200 µSv/h | [09:07:15] ⚠⚠ EMF FINGERPRINT  score=5/7  n=2pk/4fl |   χ²/μ=0.002  m=1.381  SWR=0.24  CV_R=0.139  PSCI=0.034  CV_Re=0.106 | [09:07:15] ↓ STATE  LOW → FLAT  0.0900 µSv/h
09:07:16	1787476036896359000,1787476036897169400,1787476036898575000		[09:07:16] ↑ STATE  FLAT → LOW  0.1100 µSv/h | [09:07:16] ↓ STATE  LOW → FLAT  0.0900 µSv/h
09:07:19	1787476039146100500,1787476039148322000,1787476039150448400		[09:07:19] ↑ STATE  FLAT → LOW  0.1000 µSv/h | [09:07:19] ↓ STATE  LOW → FLAT  0.0900 µSv/h
09:07:20	1787476040368082200,1787476040369319700,1787476040371447300		[09:07:20] ↑ STATE  FLAT → LOW  0.1000 µSv/h | [09:07:20] ↓ STATE  LOW → FLAT  0.0900 µSv/h
09:07:21	1787476041548724200,1787476041550060500,1787476041552365800		
09:07:22	1787476042754134000,1787476042756114200	SIG#75 [1,1,0,1,0,0,1,1,0,1,0,0,1,1,0,1,0,0,1,1,0,1,0,0,0,1,0,1] pk=1	
09:07:23	1787476043963099000,1787476043982902800		
09:07:25	1787476045392537000,1787476045397604600		
09:07:26	1787476046395753700		
09:07:27	1787476047896118000		
09:07:28	1787476048896029400,1787476048900496400		
09:07:31	1787476051166513700,1787476051171820500,1787476051172776200		[09:07:31] ⚡ CPS CLUSTER  19cts/10s  n=13  CV_IAT=1.014 |   RF est P=C·d²/K  @0.5m: 4.8-475.0W  (mid=23.8W)  CPS/s=1.9 | [09:07:31] ↑ STATE  FLAT → LOW  0.1000 µSv/h
09:07:32	1787476052373696000,1787476052379091000,1787476052380664800		[09:07:32] ↓ STATE  LOW → FLAT  0.0900 µSv/h | [09:07:32] ↑ STATE  FLAT → LOW  0.1000 µSv/h
09:07:33	1787476053565743600,1787476053567453200	SIG#81 [2,0,0,0,2,0,2,0,0,0,2,1,2,0,0,0,2,1] pk=2	[09:07:33] ↓ STATE  LOW → FLAT  0.0900 µSv/h | [09:07:33] ↑ STATE  FLAT → LOW  0.1000 µSv/h
09:07:34	1787476054765059600,1787476054765946600		[09:07:34] ↓ STATE  LOW → FLAT  0.0900 µSv/h | [09:07:34] ↑ STATE  FLAT → LOW  0.1000 µSv/h
09:07:35	1787476055964073000,1787476055964976000		[09:07:35] ↓ STATE  LOW → FLAT  0.0800 µSv/h | [09:07:35] ↑ STATE  FLAT → LOW  0.1000 µSv/h
09:07:37	1787476057406901500,1787476057408888800,1787476057413461000		[09:07:37] ↓ STATE  LOW → FLAT  0.0900 µSv/h | [09:07:37] ↑ STATE  FLAT → LOW  0.1000 µSv/h
09:07:38	1787476058404915200,1787476058410655500,1787476058411714000		
09:07:39	1787476059908616200,1787476059909526800,1787476059910349000		
09:07:40	1787476060896399400,1787476060898270000,1787476060899869400		
09:07:43	1787476063149587200,1787476063150866700,1787476063152000000		
09:07:44	1787476064378221800,1787476064379793700,1787476064381431600,1787476064384809000		
09:07:45	1787476065573788700,1787476065576928500,1787476065578526500,1787476065582493000		[09:07:45] 小刀 PAINTBRUSH BURST  4 consecutive ticks  total=4cts  avg=1.0CPS  RF~1.3W@0.5m  bars merge = dense burst
09:07:46	1787476066773596400,1787476066776443100,1787476066780086300		[09:07:46] ⚡ CPS CLUSTER  25cts/10s  n=24  CV_IAT=1.601 |   RF est P=C·d²/K  @0.5m: 6.3-625.0W  (mid=31.3W)  CPS/s=2.5 | [09:07:46] ⚠⚠⚠ EMF FINGERPRINT  score=6/7  n=4pk/5fl |   χ²/μ=0.003  m=1.350  SWR=0.29  CV_R=0.146  PSCI=0.083  CV_Re=0.141
09:07:47	1787476067964134400,1787476067966769700,1787476067971135000		
09:07:49	1787476069406637600,1787476069409036300,1787476069409980400		
09:07:50	1787476070417799000,1787476070420935200,1787476070422346000		
09:07:51	1787476071903501800,1787476071906788000,1787476071907455700		
09:07:52	1787476072916969500,1787476072919028200	SIG#88 [1,1,1,0,0,0,1,1,1,0,0,0,1,1,1,0,0,0,1,1,1,0,0,1,1,1,1,0,0,1,0,1,1,0,0,1,0,0,1,0,0,1,0,0,1,0,0,1,0,0,1,1,0,1,0,0,1,1,0,1,0,0,1,1] pk=1	
09:07:55	1787476075164749300,1787476075165808600,1787476075169105200		
09:07:56	1787476076377418000,1787476076378964500,1787476076382661000		[09:07:56] ⚡ OOK BURST PATTERN  CPS=1  burst=1.0s  gap=4.0s  duty=0.20  cycles=4 |   f=0.200Hz (SLF)  T=5.0s  CV_run=0.000  CV_gap=0.000  RF≈1.3W@0.5m |   ON/OFF KEYING SIGNATURE  identical CPS=1 repeated 4x  structured pulsed source confirmed
09:07:57	1787476077558254600,1787476077562959000		
09:07:58	1787476078760973300	SIG#90 [1,1,0,0,0,1,1,1,0,0,0,1,0,1,0,0,0,1] pk=1	
09:07:59	1787476079959552300,1787476079962973700		
09:08:01	1787476081404921000,1787476081408514300,1787476081409187800		
09:08:02	1787476082418100200,1787476082422079500,1787476082423079700,1787476082424155600		[09:08:02] ⚡ CPS CLUSTER  18cts/10s  n=17  CV_IAT=1.206 |   RF est P=C·d²/K  @0.5m: 4.5-450.0W  (mid=22.5W)  CPS/s=1.8 | [09:08:02] ⚠ BURST PAIR  pairs=8  interval=24.4s  CV=1.533  spacings=[1.4,1.0,1.5,1.0,2.3,64.8,98.5]  span=170.5s |   f=0.041Hz  T=24.4s  pair_width=2s  CPS≥2  structured burst-pair source
09:08:03	1787476083918928600,1787476083919869400,1787476083921120000		
09:08:04	1787476084916826600,1787476084917668900,1787476084918780200		[Min 004  09:07:04]  CPM=00126  ✓ COMPLETE
09:08:07	1787476087178715600,1787476087179491300,1787476087180870400		[09:08:07] ⚠⚠⚠ POWER LEVEL LOCK  dr=0.1600 µSv/h  hits=117  avg_interval=1.9s (0.03min)  CV=3.421 |   Source returns to identical power level 117x  Natural decay cannot reproduce fixed amplitude  Controlled RF source confirmed
09:08:08	1787476088376189000,1787476088377275000,1787476088378039300	SIG#92 [1,0,0,0,1,0,1,0,0,0,1,2,1,0,0,0,1,2,2,0,0,0,1,2,2,0,0,0,1,2,2,0,0,0,1,2,2,0,0,0,1,2,2] pk=2	[09:08:08] ↑ STATE  LOW → ELEVATED  0.2000 µSv/h | [09:08:08] 🔄 PEAK RECURRENCE  dr=0.2000 µSv/h  seen 67x in log
09:08:09	1787476089573603000,1787476089575150800,1787476089580368000		[09:08:09] ↑ STATE  ELEVATED → LOW  0.1700 µSv/h | [09:08:09] ↑ STATE  LOW → ELEVATED  0.2000 µSv/h
09:08:10	1787476090773659400,1787476090778497500,1787476090779389400		[09:08:10] ↑ STATE  ELEVATED → LOW  0.1700 µSv/h | [09:08:10] ↑ STATE  LOW → ELEVATED  0.2000 µSv/h
09:08:11	1787476091976816400,1787476091977528300		[09:08:11] ↑ STATE  ELEVATED → LOW  0.1800 µSv/h | [09:08:11] ↑ STATE  LOW → ELEVATED  0.2000 µSv/h
09:08:13	1787476093421005800,1787476093422511000		[09:08:13] ↑ STATE  ELEVATED → LOW  0.1900 µSv/h | [09:08:13] ↑ STATE  LOW → ELEVATED  0.2000 µSv/h
09:08:14	1787476094419103200,1787476094420366800		[09:08:14] ↑ STATE  ELEVATED → LOW  0.1900 µSv/h | [09:08:14] ↑ STATE  LOW → ELEVATED  0.2000 µSv/h
09:08:15	1787476095915135200,1787476095916240000		
09:08:16	1787476096912656400,1787476096913971500,1787476096918960400		
09:08:19	1787476099184172000,1787476099190867200,1787476099191521000		[09:08:19] ⚡ CPS CLUSTER  21cts/10s  n=18  CV_IAT=1.277 |   RF est P=C·d²/K  @0.5m: 5.3-525.0W  (mid=26.3W)  CPS/s=2.1
09:08:20	1787476100390882600,1787476100391508500		
09:08:21	1787476101577617700,1787476101578323200		
09:08:22	1787476102788686600,1787476102789534000,1787476102792263400		
09:08:23	1787476103985867500,1787476103986548200,1787476103989779700		[09:08:23] ↑ STATE  ELEVATED → LOW  0.1900 µSv/h
09:08:25	1787476105423751400,1787476105424838100,1787476105426980900		[09:08:25] ↑ STATE  LOW → ELEVATED  0.2000 µSv/h | [09:08:25] ↑ STATE  ELEVATED → LOW  0.1900 µSv/h
09:08:26	1787476106413578500,1787476106416991000		[09:08:26] ↑ STATE  LOW → ELEVATED  0.2000 µSv/h | [09:08:26] ↑ STATE  ELEVATED → LOW  0.1900 µSv/h
09:08:27	1787476107928018200	SIG#105 [1,2,0,0,1,0,1,2,0,0,1,0,1,2,0,0,1,0,0,2,0,0,1] pk=2	[09:08:27] ↑ STATE  LOW → ELEVATED  0.2000 µSv/h | [09:08:27] ↑ STATE  ELEVATED → LOW  0.1900 µSv/h
09:08:28	1787476108912002000		[09:08:28] ↑ STATE  LOW → ELEVATED  0.2000 µSv/h | [09:08:28] ↑ STATE  ELEVATED → LOW  0.1900 µSv/h
09:08:30	1787476110423649000,1787476110431592700		[09:08:30] ↑ STATE  LOW → ELEVATED  0.2000 µSv/h | [09:08:30] ↑ STATE  ELEVATED → LOW  0.1900 µSv/h
09:08:31	1787476111429364000		
09:08:32	1787476112426546000		
09:08:33	1787476113925869300		
09:08:34	1787476114918449200		[09:08:34] ⚡ CPS CLUSTER  14cts/10s  n=12  CV_IAT=0.797 |   RF est P=C·d²/K  @0.5m: 3.5-350.0W  (mid=17.5W)  CPS/s=1.4
09:08:37	1787476117184996600		
09:08:38	1787476118390570000,1787476118399776300		
09:08:39	1787476119583153000		
09:08:40	1787476120780269600		[09:08:40] ⚠ EMF FINGERPRINT  score=4/7  n=7pk/3fl |   χ²/μ=0.000  m=1.106  SWR=0.11  CV_R=0.042  PSCI=0.040  CV_Re=0.028
09:08:41	1787476121977995300		[09:08:41] ⚡ OOK BURST PATTERN  CPS=1  burst=1.7s  gap=1.3s  duty=0.56  cycles=3 |   f=0.333Hz (SLF)  T=3.0s  CV_run=0.283  CV_gap=0.354  RF≈1.3W@0.5m |   ON/OFF KEYING SIGNATURE  identical CPS=1 repeated 3x  structured pulsed source confirmed
09:08:43	1787476123426320100		
09:08:44	1787476124437159000		
09:08:45	1787476125933644500		
09:08:46			
09:08:49	1787476129186244000		
09:08:50	1787476130399561200		[09:08:50] ⚡ STRUCTURED CLUSTER  6cts/10s  n=6  CV_IAT=0.479  non-Poisson |   RF est P=C·d²/K  @0.5m: 1.5-150.0W  (mid=7.5W)  CPS/s=0.6
09:08:51	1787476131596978200		[09:08:51] ↓ STATE  LOW → FLAT  0.0900 µSv/h | [09:08:51] 🔄 FLOOR RECURRENCE  dr=0.0900 µSv/h  prior=09:07:37  interval=74.2s  (1.24min)
09:08:52	1787476132790517200		[09:08:52] ↑ STATE  FLAT → LOW  0.1300 µSv/h | [09:08:52] ↓ STATE  LOW → FLAT  0.0900 µSv/h
09:08:53	1787476133988487700		[09:08:53] ↑ STATE  FLAT → LOW  0.1200 µSv/h | [09:08:53] ↓ STATE  LOW → FLAT  0.0900 µSv/h
09:08:55	1787476135424439300		[09:08:55] ↑ STATE  FLAT → LOW  0.1200 µSv/h | [09:08:55] ↓ STATE  LOW → FLAT  0.0900 µSv/h
09:08:56	1787476136433660400		[09:08:56] ↑ STATE  FLAT → LOW  0.1000 µSv/h | [09:08:56] ↓ STATE  LOW → FLAT  0.0900 µSv/h
09:08:57			[09:08:57] ↑ STATE  FLAT → LOW  0.1000 µSv/h | [09:08:57] ↓ STATE  LOW → FLAT  0.0900 µSv/h
09:08:58			
09:09:01	1787476141200681000		
09:09:02	1787476142398558000		
09:09:03	1787476143597607000		
09:09:04	1787476144795964400		
09:09:05	1787476145988211200		[Min 005  09:08:04]  CPM=00088  ✓ COMPLETE | [09:09:05] ⚡ CPS CLUSTER  5cts/10s  n=5  CV_IAT=0.739 |   RF est P=C·d²/K  @0.5m: 1.3-125.0W  (mid=6.3W)  CPS/s=0.5
09:09:07	1787476147435551700		
09:09:08	1787476148444163800,1787476148451911700		
09:09:09	1787476149433331200		
09:09:10	1787476150934303000		[09:09:10] ⚠⚠ EMF FINGERPRINT  score=5/7  n=5pk/2fl |   χ²/μ=0.003  m=1.556  SWR=0.48  CV_R=0.258  PSCI=0.202  CV_Re=0.111
09:09:11	1787476151935033000		
09:09:14	1787476154207852300		
09:09:15	1787476155414848000,1787476155422014500		
09:09:16	1787476156603394300,1787476156608755500		
09:09:17	1787476157807749000		
09:09:19	1787476159006108000,1787476159008152300		
09:09:20	1787476160448467500,1787476160450882800,1787476160452066600		
09:09:21	1787476161446633700,1787476161449537500,1787476161450866000		[09:09:21] ⚡ CPS CLUSTER  12cts/10s  n=12  CV_IAT=0.983 |   RF est P=C·d²/K  @0.5m: 3.0-300.0W  (mid=15.0W)  CPS/s=1.2
09:09:22	1787476162943680800,1787476162946983000,1787476162948596000		[09:09:22] 🔄 FLOOR RECURRENCE  dr=0.0500 µSv/h  prior=09:09:21  interval=1.5s  (0.02min)
09:09:23	1787476163946601700,1787476163947520800	SIG#146 [1,0,0,1,0,0,1,0,0,1,1,0,1,0,0,1,1,0,1,0,0,1,1] pk=1	
09:09:26	1787476166206133800,1787476166207303700,1787476166211438800		[09:09:26] ↑ STATE  FLAT → LOW  0.1000 µSv/h | [09:09:26] ⚠⚠⚠ POWER LEVEL LOCK  dr=0.1000 µSv/h  hits=64  avg_interval=4.1s (0.07min)  CV=4.022 |   Source returns to identical power level 64x  Natural decay cannot reproduce fixed amplitude  Controlled RF source confirmed
09:09:27	1787476167403427300,1787476167404810200,1787476167409131000		[09:09:27] ⚡ OOK BURST PATTERN  CPS=1  burst=1.7s  gap=1.3s  duty=0.56  cycles=3 |   f=0.333Hz (SLF)  T=3.0s  CV_run=0.283  CV_gap=0.354  RF≈1.3W@0.5m |   ON/OFF KEYING SIGNATURE  identical CPS=1 repeated 3x  structured pulsed source confirmed | [09:09:27] ↓ STATE  LOW → FLAT  0.0600 µSv/h | [09:09:27] ↑ STATE  FLAT → LOW  0.1000 µSv/h
09:09:28	1787476168603615500,1787476168607468300		[09:09:28] ↓ STATE  LOW → FLAT  0.0800 µSv/h | [09:09:28] ↑ STATE  FLAT → LOW  0.1000 µSv/h
09:09:29	1787476169806140700,1787476169808061200	SIG#148 [1,1,0,0,0,1,1,1,0,0,0,1,0,1,0,0,0,1] pk=1	[09:09:29] ↓ STATE  LOW → FLAT  0.0800 µSv/h | [09:09:29] ↑ STATE  FLAT → LOW  0.1000 µSv/h
09:09:30			[09:09:30] ↓ STATE  LOW → FLAT  0.0900 µSv/h
09:09:31	1787476171001180200,1787476171003887900		[09:09:31] ↑ STATE  FLAT → LOW  0.1000 µSv/h
09:09:32	1787476172446602000,1787476172449280000		[09:09:32] ↓ STATE  LOW → FLAT  0.0900 µSv/h | [09:09:32] ↑ STATE  FLAT → LOW  0.1000 µSv/h
09:09:33	1787476173454068700,1787476173457669000,1787476173462658800		[09:09:33] ⚠ EQUAL BURST SPACING  n=4  CPS≥2  interval=1.2s  CV=0.147  spacings=[1.2,1.4,1.0]  span=3.6s |   ⚠ PERIODIC  f=0.822Hz  T=1.2s  total_counts=4
09:09:34	1787476174460967400,1787476174464677400,1787476174465227800		
09:09:35	1787476175956355300,1787476175959987200,1787476175960736500		
09:09:36	1787476176938724600,1787476176942532000,1787476176943197400,1787476176945185800		[09:09:36] ⚡ CPS CLUSTER  28cts/10s  n=21  CV_IAT=1.242 |   RF est P=C·d²/K  @0.5m: 7.0-700.0W  (mid=35.0W)  CPS/s=2.8
09:09:39	1787476179203668500,1787476179204337000,1787476179206326800,1787476179207272000		
09:09:40	1787476180404614700,1787476180405212400,1787476180406646000,1787476180407267300		
09:09:41	1787476181613613300,1787476181616547000,1787476181618274300,1787476181619251500		[09:09:41] ⚠⚠⚠ EMF FINGERPRINT  score=6/7  n=4pk/3fl |   χ²/μ=0.001  m=1.250  SWR=0.22  CV_R=0.114  PSCI=0.089  CV_Re=0.082
09:09:42	1787476182810155800,1787476182813556700,1787476182814398700		[09:09:42] ⚠⚠⚠ CPS UNIFORMITY LOCK  CPS=1 on 18/30s (60.0%)  zeros=12  highs=0  Poisson P<<0.001  CONTROLLED SOURCE CONFIRMED |   Natural Poisson: expected CPS=1 on ~9-13s  observed=18s  locked synthetic output indicated
09:09:44	1787476184015513900,1787476184016262100	SIG#149 [1,0,0,2,0,0,1,0,0,2,0,0,1,0,0,2,0,0,1,0,0,2,0,0,1,0,0,2,0,0,1,1,0,2,0,0,1,1,0,2,0,0,1,1,0,1,0,0,1,1,0,1,1,0,1,1,0,1,1,0,1,1,0,1,1,0,0,1,0,1,1] pk=2	
09:09:45	1787476185453899800,1787476185457324500		
09:09:46	1787476186443476700		
09:09:47	1787476187957183000		
09:09:48	1787476188942382600		
09:09:51	1787476191204944000		
09:09:52	1787476192417225200		[09:09:52] ⚡ CPS CLUSTER  11cts/10s  n=11  CV_IAT=0.908 |   RF est P=C·d²/K  @0.5m: 2.8-275.0W  (mid=13.8W)  CPS/s=1.1
09:09:53	1787476193615028500		
09:09:54	1787476194805110000		
09:09:56	1787476196004006000		
09:09:57			[09:09:57] ↓ STATE  LOW → FLAT  0.0800 µSv/h | [09:09:57] 🔄 FLOOR RECURRENCE  dr=0.0800 µSv/h  prior=09:09:29  interval=27.7s  (0.46min)
09:09:58	1787476198461165800		[09:09:58] ↑ STATE  FLAT → LOW  0.1200 µSv/h | [09:09:58] ↓ STATE  LOW → FLAT  0.0800 µSv/h
09:09:59	1787476199974737000,1787476199975733500		[09:09:59] ↑ STATE  FLAT → LOW  0.1200 µSv/h | [09:09:59] ↓ STATE  LOW → FLAT  0.0800 µSv/h
09:10:00	1787476200971091500,1787476200972229000		[09:10:00] ↑ STATE  FLAT → LOW  0.1100 µSv/h | [09:10:00] ↓ STATE  LOW → FLAT  0.0800 µSv/h
09:10:03	1787476203231292400,1787476203232864000		[09:10:03] ↑ STATE  FLAT → LOW  0.1100 µSv/h | [09:10:03] ↓ STATE  LOW → FLAT  0.0800 µSv/h
09:10:04	1787476204431221800,1787476204432224000		[09:10:04] ↑ STATE  FLAT → LOW  0.1000 µSv/h | [09:10:04] ↓ STATE  LOW → FLAT  0.0800 µSv/h
09:10:05	1787476205614609000,1787476205615676700		[Min 006  09:09:04]  CPM=00096  ✓ COMPLETE
09:10:06	1787476206823642400,1787476206826462200,1787476206830810000		
09:10:08	1787476208023657700,1787476208028981500		[09:10:08] ⚡ CPS CLUSTER  16cts/10s  n=15  CV_IAT=1.077 |   RF est P=C·d²/K  @0.5m: 4.0-400.0W  (mid=20.0W)  CPS/s=1.6
09:10:09	1787476209477004300,1787476209478486800		[09:10:09] ↑ STATE  FLAT → LOW  0.1000 µSv/h
09:10:10	1787476210456372000,1787476210457998300,1787476210458907000		[09:10:10] ↓ STATE  LOW → FLAT  0.0700 µSv/h | [09:10:10] ↑ STATE  FLAT → LOW  0.1000 µSv/h
09:10:11	1787476211965694200,1787476211968957000,1787476211970342400		[09:10:11] ↓ STATE  LOW → FLAT  0.0700 µSv/h | [09:10:11] ↑ STATE  FLAT → LOW  0.1000 µSv/h
09:10:12	1787476212954554000,1787476212956064500,1787476212956845300		[09:10:12] ⚡ OOK BURST PATTERN  CPS=1  burst=1.3s  gap=3.0s  duty=0.31  cycles=3 |   f=0.231Hz (SLF)  T=4.3s  CV_run=0.354  CV_gap=0.272  RF≈1.3W@0.5m |   ON/OFF KEYING SIGNATURE  identical CPS=1 repeated 3x  structured pulsed source confirmed | [09:10:12] ↓ STATE  LOW → FLAT  0.0700 µSv/h | [09:10:12] ↑ STATE  FLAT → LOW  0.1000 µSv/h
09:10:15	1787476215233530600,1787476215235437000,1787476215236174800		[09:10:15] ↓ STATE  LOW → FLAT  0.0800 µSv/h | [09:10:15] ↑ STATE  FLAT → LOW  0.1000 µSv/h
09:10:16	1787476216414473000,1787476216415513000	SIG#169 [2,0,1,0,0,0,2,0,1,1,0,0,2,0,1,1,0,0,2,0,1,1,0,0,2,0,1,1] pk=2	[09:10:16] ↓ STATE  LOW → FLAT  0.0800 µSv/h | [09:10:16] ↑ STATE  FLAT → LOW  0.1000 µSv/h | [09:10:16] ⚠⚠ EMF FINGERPRINT  score=5/7  n=6pk/2fl |   χ²/μ=0.004  m=1.467  SWR=0.48  CV_R=0.221  PSCI=0.235  CV_Re=0.067
09:10:17	1787476217610165000,1787476217611367700,1787476217616665600		
09:10:18	1787476218813101800,1787476218817741300		
09:10:20	1787476220026595600		
09:10:21	1787476221456775000,1787476221459896300		
09:10:22	1787476222487229000,1787476222490036500		
09:10:23	1787476223484472600,1787476223487346000		[09:10:23] ⚡ CPS CLUSTER  16cts/10s  n=15  CV_IAT=1.159 |   RF est P=C·d²/K  @0.5m: 4.0-400.0W  (mid=20.0W)  CPS/s=1.6
09:10:24	1787476224963587000,1787476224967875300		
09:10:25	1787476225965904600	SIG#175 [1,0,0,1,0,0,1,0,0,1,0,0,1,0,0,1,0,0,1,0,0,1] pk=1	
09:10:27	1787476227461947400,1787476227466665000		[09:10:27] ⚠⚠⚠ POWER LEVEL LOCK  dr=0.1700 µSv/h  hits=145  avg_interval=2.5s (0.04min)  CV=4.581 |   Source returns to identical power level 145x  Natural decay cannot reproduce fixed amplitude  Controlled RF source confirmed
09:10:28	1787476228476677600,1787476228481232400		
09:10:29	1787476229477622000		
09:10:30	1787476230959275000		
09:10:31	1787476231974496800		
09:10:33	1787476233474427100		
09:10:34	1787476234473677800,1787476234481027600		[09:10:34] ↓ STATE  LOW → FLAT  0.0900 µSv/h | [09:10:34] 🔄 FLOOR RECURRENCE  dr=0.0900 µSv/h  prior=09:09:32  interval=62.0s  (1.03min)
09:10:35	1787476235487767300		[09:10:35] ↑ STATE  FLAT → LOW  0.1400 µSv/h | [09:10:35] ↓ STATE  LOW → FLAT  0.0900 µSv/h
09:10:36	1787476236967484000,1787476236969234200		[09:10:36] ↑ STATE  FLAT → LOW  0.1300 µSv/h | [09:10:36] ↓ STATE  LOW → FLAT  0.0900 µSv/h
09:10:37	1787476237966643500,1787476237968033300		[09:10:37] ↑ STATE  FLAT → LOW  0.1200 µSv/h | [09:10:37] ↓ STATE  LOW → FLAT  0.0900 µSv/h
09:10:40	1787476240242850800,1787476240245404000		[09:10:40] ⚡ CPS CLUSTER  10cts/10s  n=10  CV_IAT=0.744 |   RF est P=C·d²/K  @0.5m: 2.5-250.0W  (mid=12.5W)  CPS/s=1.0 | [09:10:40] ↑ STATE  FLAT → LOW  0.1100 µSv/h | [09:10:40] ↓ STATE  LOW → FLAT  0.0900 µSv/h | [09:10:40] ↑ STATE  FLAT → LOW  0.1000 µSv/h
09:10:41	1787476241424728300,1787476241426970000,1787476241429169400		[09:10:41] ↓ STATE  LOW → FLAT  0.0900 µSv/h | [09:10:41] ↑ STATE  FLAT → LOW  0.1000 µSv/h
09:10:42	1787476242623639800,1787476242625455000,1787476242627641600		[09:10:42] ↓ STATE  LOW → FLAT  0.0900 µSv/h | [09:10:42] ↑ STATE  FLAT → LOW  0.1000 µSv/h
09:10:43	1787476243821472000,1787476243824468200		[09:10:43] ↓ STATE  LOW → FLAT  0.0900 µSv/h | [09:10:43] ↑ STATE  FLAT → LOW  0.1000 µSv/h
09:10:45	1787476245033624300,1787476245037281300		[09:10:45] ↓ STATE  LOW → FLAT  0.0900 µSv/h | [09:10:45] ↑ STATE  FLAT → LOW  0.1000 µSv/h
09:10:46	1787476246486256000	SIG#187 [1,0,1,0,0,0,1,0,1,0,0,0,1,0,1,0,0,0,1,0,1,0,0,1,1,0,1,0,0,1,0,0,1,0,0,1,0,0,1,0,0,1] pk=1	[09:10:46] ↓ STATE  LOW → FLAT  0.0900 µSv/h | [09:10:46] ↑ STATE  FLAT → LOW  0.1000 µSv/h | [09:10:46] ⚠⚠ EMF FINGERPRINT  score=5/7  n=7pk/2fl |   χ²/μ=0.002  m=1.365  SWR=0.25  CV_R=0.133  PSCI=0.084  CV_Re=0.000
09:10:47	1787476247480808400,1787476247485613000		
09:10:48	1787476248977503000,1787476248983000600		
09:10:49	1787476249964980500,1787476249966335500		
09:10:52	1787476252242316000,1787476252244108800		
09:10:53	1787476253487198000,1787476253488342000		
09:10:54	1787476254481876500,1787476254483056000		
09:10:55	1787476255973615600,1787476255975480300	SIG#192 [1,0,1,0,0,0,1,0,1,0,0,0,1,0,1,0,0,0,1,0,1,0,0,0,1,0,1] pk=1	[09:10:55] ⚡ CPS CLUSTER  14cts/10s  n=14  CV_IAT=1.019 |   RF est P=C·d²/K  @0.5m: 3.5-350.0W  (mid=17.5W)  CPS/s=1.4
09:10:56	1787476256969920000		
09:10:59	1787476259245659000		[09:10:59] ⚡ OOK BURST PATTERN  CPS=1  burst=2.0s  gap=2.0s  duty=0.50  cycles=3 |   f=0.250Hz (SLF)  T=4.0s  CV_run=0.000  CV_gap=0.000  RF≈1.3W@0.5m |   ON/OFF KEYING SIGNATURE  identical CPS=1 repeated 3x  structured pulsed source confirmed
09:11:00			
09:11:01			
09:11:02			
09:11:04	1787476264045657300		
09:11:05	1787476265490886000		[Min 007  09:10:04]  CPM=00090  ✓ COMPLETE
09:11:06	1787476266489617400		
09:11:07	1787476267978129200,1787476267982182000		[09:11:07] ↓ STATE  LOW → FLAT  0.0900 µSv/h | [09:11:07] 🔄 FLOOR RECURRENCE  dr=0.0900 µSv/h  prior=09:10:46  interval=21.5s  (0.36min)
09:11:08	1787476268981334000,1787476268984973800		[09:11:08] ↑ STATE  FLAT → LOW  0.1300 µSv/h | [09:11:08] ↓ STATE  LOW → FLAT  0.0900 µSv/h
09:11:11	1787476271257229800,1787476271260905700,1787476271263599600		[09:11:11] ⚡ CPS CLUSTER  7cts/10s  n=7  CV_IAT=0.741 |   RF est P=C·d²/K  @0.5m: 1.8-175.0W  (mid=8.8W)  CPS/s=0.7 | [09:11:11] ↑ STATE  FLAT → LOW  0.1200 µSv/h | [09:11:11] ↓ STATE  LOW → FLAT  0.0900 µSv/h
09:11:12	1787476272433523000,1787476272442825200,1787476272445228800		[09:11:12] ↑ STATE  FLAT → LOW  0.1100 µSv/h | [09:11:12] ↓ STATE  LOW → FLAT  0.0900 µSv/h | [09:11:12] ↑ STATE  FLAT → LOW  0.1000 µSv/h
09:11:13	1787476273637376500,1787476273639672600,1787476273642101000		[09:11:13] ↓ STATE  LOW → FLAT  0.0900 µSv/h | [09:11:13] ↑ STATE  FLAT → LOW  0.1000 µSv/h | [09:11:13] ↓ STATE  LOW → FLAT  0.0900 µSv/h
09:11:14	1787476274855068700,1787476274857230800,1787476274859574800		[09:11:14] ↑ STATE  FLAT → LOW  0.1000 µSv/h | [09:11:14] ↓ STATE  LOW → FLAT  0.0900 µSv/h | [09:11:14] ↑ STATE  FLAT → LOW  0.1000 µSv/h | [09:11:14] ↓ STATE  LOW → FLAT  0.0900 µSv/h
09:11:16	1787476276035699700,1787476276038215000,1787476276040448800,1787476276042243600		[09:11:16] ↑ STATE  FLAT → LOW  0.1000 µSv/h | [09:11:16] ↓ STATE  LOW → FLAT  0.0900 µSv/h
09:11:17	1787476277501450000,1787476277504063200,1787476277505979400,1787476277506806300		[09:11:17] ⚠⚠⚠ EMF FINGERPRINT  score=6/7  n=8pk/3fl |   χ²/μ=0.002  m=1.205  SWR=0.25  CV_R=0.141  PSCI=0.131  CV_Re=0.051 | [09:11:17] ↑ STATE  FLAT → LOW  0.1000 µSv/h | [09:11:17] ↓ STATE  LOW → FLAT  0.0900 µSv/h
09:11:18	1787476278499109000,1787476278501249000,1787476278503197400,1787476278504117500,1787476278504777000		[09:11:18] ↑ STATE  FLAT → LOW  0.1000 µSv/h | [09:11:18] ↓ STATE  LOW → FLAT  0.0900 µSv/h
09:11:19	1787476279996705800,1787476279998472700		[09:11:19] ↑ STATE  FLAT → LOW  0.1000 µSv/h | [09:11:19] ↓ STATE  LOW → FLAT  0.0900 µSv/h
09:11:20	1787476280000318700,1787476280001067500,1787476280978034400,1787476280980109800,1787476280981487400,1787476280982083300		[09:11:20] ⚠⚠⚠ CPS UNIFORMITY LOCK  CPS=1 on 18/30s (60.0%)  zeros=12  highs=0  Poisson P<<0.001  CONTROLLED SOURCE CONFIRMED |   Natural Poisson: expected CPS=1 on ~9-13s  observed=18s  locked synthetic output indicated | [09:11:20] ↑ STATE  FLAT → LOW  0.1000 µSv/h | [09:11:20] ↓ STATE  LOW → FLAT  0.0900 µSv/h | [09:11:20] ↑ STATE  FLAT → LOW  0.1000 µSv/h
09:11:23	1787476283258759400,1787476283259617800,1787476283260469200		[09:11:23] ↓ STATE  LOW → FLAT  0.0900 µSv/h | [09:11:23] ↑ STATE  FLAT → LOW  0.1000 µSv/h
09:11:24	1787476284489492500,1787476284490666800,1787476284491344400	SIG#198 [1,0,0,1,0,0,1,0,0,1,0,0,1,0,0,1,0,1,1,0,0,1,0,1,0,0,0,1,0,1,0,1,0,1,0,1,0,1,0,1,0,1,0,1,0,1,0,1,0,1,0,1,1,1,0,1,0,1,1,1,0,1,0,1,1,1,0,1,0,1,1,1,0,0,0,1,1,1,0,0,0,1,1,1] pk=1	[09:11:24] ↓ STATE  LOW → FLAT  0.0900 µSv/h | [09:11:24] ↑ STATE  FLAT → LOW  0.1000 µSv/h
09:11:25	1787476285487947300,1787476285488995000		[09:11:25] ↓ STATE  LOW → FLAT  0.0900 µSv/h | [09:11:25] ↑ STATE  FLAT → LOW  0.1000 µSv/h
09:11:26	1787476286988095500		[09:11:26] ⚡ CPS CLUSTER  26cts/10s  n=26  CV_IAT=1.708 |   RF est P=C·d²/K  @0.5m: 6.5-650.0W  (mid=32.5W)  CPS/s=2.6 | [09:11:26] ↓ STATE  LOW → FLAT  0.0900 µSv/h | [09:11:26] ↑ STATE  FLAT → LOW  0.1000 µSv/h
09:11:27	1787476287990410000		[09:11:27] ⚠⚠⚠ POWER LEVEL LOCK  dr=0.1000 µSv/h  hits=156  avg_interval=2.4s (0.04min)  CV=4.425 |   Source returns to identical power level 156x  Natural decay cannot reproduce fixed amplitude  Controlled RF source confirmed
09:11:29	1787476289487087000		
09:11:30	1787476290501586700		
09:11:31	1787476291497984000		
09:11:32	1787476292995882800		
09:11:34	1787476294006826800,1787476294012215300		
09:11:35	1787476295493262600,1787476295497160200		
09:11:36	1787476296508771600		
09:11:37	1787476297507092500		
09:11:38			
09:11:39	1787476299000897000,1787476299005557000		[09:11:39] ↓ STATE  LOW → FLAT  0.0900 µSv/h | [09:11:39] 🔄 FLOOR RECURRENCE  dr=0.0900 µSv/h  prior=09:11:26  interval=12.0s  (0.20min)
09:11:40	1787476300004468200,1787476300007366000		[09:11:40] ↑ STATE  FLAT → LOW  0.1100 µSv/h | [09:11:40] ↓ STATE  LOW → FLAT  0.0900 µSv/h
09:11:42	1787476302273430500,1787476302279117300		[09:11:42] ⚡ CPS CLUSTER  12cts/10s  n=12  CV_IAT=0.859 |   RF est P=C·d²/K  @0.5m: 3.0-300.0W  (mid=15.0W)  CPS/s=1.2 | [09:11:42] ↑ STATE  FLAT → LOW  0.1100 µSv/h | [09:11:42] ↓ STATE  LOW → FLAT  0.0900 µSv/h
09:11:43	1787476303509681000	SIG#211 [1,0,0,0,1,0,1,0,0,0,1,0,1,0,0,0,1] pk=1	[09:11:43] ↑ STATE  FLAT → LOW  0.1000 µSv/h | [09:11:43] ↓ STATE  LOW → FLAT  0.0900 µSv/h
09:11:44	1787476304515925000,1787476304519054000		[09:11:44] ⚡ OOK BURST PATTERN  CPS=1  burst=2.0s  gap=2.0s  duty=0.50  cycles=3 |   f=0.250Hz (SLF)  T=4.0s  CV_run=0.000  CV_gap=0.000  RF≈1.3W@0.5m |   ON/OFF KEYING SIGNATURE  identical CPS=1 repeated 3x  structured pulsed source confirmed | [09:11:44] ↑ STATE  FLAT → LOW  0.1000 µSv/h | [09:11:44] ↓ STATE  LOW → FLAT  0.0900 µSv/h
09:11:45	1787476305994436000,1787476305996967000		[09:11:45] ↑ STATE  FLAT → LOW  0.1000 µSv/h | [09:11:45] ↓ STATE  LOW → FLAT  0.0900 µSv/h
09:11:47	1787476307003627000,1787476307008602600		
09:11:49	1787476309271471000	SIG#213 [1,0,0,0,1,0,1,0,0,0,1,0,1,0,0,0,1] pk=1	[09:11:49] ⚠⚠⚠ EMF FINGERPRINT  score=6/7  n=4pk/3fl |   χ²/μ=0.002  m=1.312  SWR=0.27  CV_R=0.143  PSCI=0.106  CV_Re=0.102
09:11:50	1787476310455122000		
09:11:51	1787476311653498000		
09:11:52	1787476312861630000		
09:11:54			
09:11:55			
09:11:56			
09:11:58	1787476318010325000		[09:11:58] ⚡ CPS CLUSTER  6cts/10s  n=5  CV_IAT=0.783 |   RF est P=C·d²/K  @0.5m: 1.5-150.0W  (mid=7.5W)  CPS/s=0.6
09:11:59	1787476319008367600		
09:12:00	1787476320506997500		
09:12:01	1787476321517458400		
09:12:02	1787476322505534500		
09:12:04	1787476324014937600		[09:12:04] ↑ STATE  FLAT → LOW  0.1100 µSv/h
09:12:05	1787476325008585200		[Min 008  09:11:04]  CPM=00090  ✓ COMPLETE | [09:12:05] ↓ STATE  LOW → FLAT  0.0800 µSv/h | [09:12:05] ↑ STATE  FLAT → LOW  0.1100 µSv/h
09:12:07	1787476327292499700		[09:12:07] ↓ STATE  LOW → FLAT  0.0800 µSv/h | [09:12:07] ↑ STATE  FLAT → LOW  0.1100 µSv/h
09:12:08	1787476328472981800		[09:12:08] ↓ STATE  LOW → FLAT  0.0800 µSv/h | [09:12:08] ↑ STATE  FLAT → LOW  0.1100 µSv/h
09:12:09	1787476329671154700		[09:12:09] ↓ STATE  LOW → FLAT  0.0900 µSv/h | [09:12:09] 🔄 FLOOR RECURRENCE  dr=0.0900 µSv/h  prior=09:12:08  interval=1.2s  (0.02min) | [09:12:09] ↑ STATE  FLAT → LOW  0.1100 µSv/h
09:12:10	1787476330870508300		[09:12:10] ↓ STATE  LOW → FLAT  0.0900 µSv/h | [09:12:10] ↑ STATE  FLAT → LOW  0.1100 µSv/h
09:12:12	1787476332067475000		
09:12:13	1787476333515131100,1787476333520203000		[09:12:13] ⚡ STRUCTURED CLUSTER  9cts/10s  n=7  CV_IAT=0.319  non-Poisson |   RF est P=C·d²/K  @0.5m: 2.3-225.0W  (mid=11.3W)  CPS/s=0.9
09:12:14	1787476334511939600,1787476334517083100,1787476334518030800		
09:12:16	1787476336016820200,1787476336017548000		
09:12:17	1787476337016626400,1787476337017453300,1787476337018834200		
09:12:19	1787476339275318500,1787476339276368000,1787476339277779000		[09:12:19] ⚠⚠⚠ EMF FINGERPRINT  score=6/7  n=5pk/5fl |   χ²/μ=0.003  m=1.415  SWR=0.34  CV_R=0.145  PSCI=0.094  CV_Re=0.175
09:12:20	1787476340486510600,1787476340487599400,1787476340489247500,1787476340491650000		
09:12:21	1787476341666373000,1787476341668703200,1787476341670442800,1787476341673205800		
09:12:22	1787476342883527400,1787476342886104000,1787476342887640300		
09:12:24	1787476344077507000,1787476344080930800		
09:12:25	1787476345528533200,1787476345530395600	SIG#234 [1,1,0,1,0,0,1,1,0,1,0,0,1,1,0,1,0,1,1,1,0,1,0,1,0,1,0,1,0,1,0,0,0,1,0,1,0,0,0,1,0,1] pk=1	
09:12:26	1787476346528128500,1787476346532874200		
09:12:28	1787476348023623200,1787476348028974300		[09:12:28] ⚠⚠⚠ POWER LEVEL LOCK  dr=0.1700 µSv/h  hits=177  avg_interval=2.7s (0.05min)  CV=4.802 |   Source returns to identical power level 177x  Natural decay cannot reproduce fixed amplitude  Controlled RF source confirmed
09:12:29	1787476349017815300,1787476349021393400		[09:12:29] ⚡ CPS CLUSTER  22cts/10s  n=22  CV_IAT=1.423 |   RF est P=C·d²/K  @0.5m: 5.5-550.0W  (mid=27.5W)  CPS/s=2.2
09:12:31	1787476351294565600,1787476351296201700,1787476351298262300		[09:12:31] ⚡ OOK BURST PATTERN  CPS=1  burst=48.0s  gap=140.3s  duty=0.25  cycles=3 |   f=0.005Hz (ULF)  T=188.3s  CV_run=1.355  CV_gap=1.394  RF≈1.3W@0.5m |   ON/OFF KEYING SIGNATURE  identical CPS=1 repeated 3x  structured pulsed source confirmed
09:12:32	1787476352475873800,1787476352477486000,1787476352478319600		
09:12:33	1787476353675000800,1787476353677921000,1787476353679538400		
09:12:34	1787476354873867500,1787476354878201000,1787476354880259600		
09:12:36	1787476356084438500,1787476356085313300,1787476356088656600	SIG#238 [1,0,1,0,0,0,1,0,1,2,0,0,1,0,1,2,0,0,1,0,1,2,0,0,1,0,1,2] pk=2	
09:12:38	1787476358292549400,1787476358293687800,1787476358297831000		
09:12:39	1787476359473399600,1787476359478210300		
09:12:40	1787476360689246200	SIG#239 [1,2,0,0,0,1,1,2,0,0,0,1,0,2,0,0,0,1] pk=2	
09:12:41	1787476361888561400		
09:12:43	1787476363084511000		
09:12:44	1787476364294067000		[09:12:44] ⚡ CPS CLUSTER  19cts/10s  n=15  CV_IAT=1.062 |   RF est P=C·d²/K  @0.5m: 4.8-475.0W  (mid=23.8W)  CPS/s=1.9
09:12:45			
09:12:46			
09:12:47	1787476367879387600		
09:12:49	1787476369080599800		
09:12:50	1787476370541765400,1787476370544054500		[09:12:50] ⚠ EMF FINGERPRINT  score=4/7  n=3pk/5fl |   χ²/μ=0.001  m=1.139  SWR=0.14  CV_R=0.084  PSCI=0.045  CV_Re=0.074
09:12:51	1787476371541532000,1787476371543198200,1787476371543947500		
09:12:53	1787476373036794600,1787476373038766600,1787476373040244700,1787476373041007400		[09:12:53] ↓ STATE  LOW → FLAT  0.0900 µSv/h | [09:12:53] 🔄 FLOOR RECURRENCE  dr=0.0900 µSv/h  prior=09:12:10  interval=42.2s  (0.70min)
09:12:54	1787476374035096300,1787476374037430300,1787476374038423300,1787476374039059500		[09:12:54] ↑ STATE  FLAT → LOW  0.1500 µSv/h | [09:12:54] ↓ STATE  LOW → FLAT  0.0900 µSv/h
09:12:56	1787476376293480400,1787476376297528300,1787476376298453500,1787476376299151400		[09:12:56] ↑ STATE  FLAT → LOW  0.1400 µSv/h | [09:12:56] ↓ STATE  LOW → FLAT  0.0900 µSv/h
09:12:57	1787476377480433400,1787476377481425700,1787476377482446600		[09:12:57] ↑ STATE  FLAT → LOW  0.1400 µSv/h | [09:12:57] ⚠⚠⚠ CPS UNIFORMITY LOCK  CPS=1 on 18/30s (60.0%)  zeros=12  highs=0  Poisson P<<0.001  CONTROLLED SOURCE CONFIRMED |   Natural Poisson: expected CPS=1 on ~9-13s  observed=18s  locked synthetic output indicated | [09:12:57] ↓ STATE  LOW → FLAT  0.0900 µSv/h
09:12:58	1787476378684114700,1787476378685277700,1787476378685866000	SIG#246 [1,0,1,0,0,0,1,0,1,1,0,0,1,0,1,1,1,0,1,0,1,1,1,0,1,0,1,1,1,0,0,0,1,1,1,0,0,0,1,1,1] pk=1	[09:12:58] ↑ STATE  FLAT → LOW  0.1100 µSv/h | [09:12:58] ↓ STATE  LOW → FLAT  0.0900 µSv/h
09:12:59	1787476379891620600,1787476379892936700		[09:12:59] ⚡ CPS CLUSTER  24cts/10s  n=24  CV_IAT=1.605 |   RF est P=C·d²/K  @0.5m: 6.0-600.0W  (mid=30.0W)  CPS/s=2.4 | [09:12:59] ↑ STATE  FLAT → LOW  0.1100 µSv/h | [09:12:59] ↓ STATE  LOW → FLAT  0.0900 µSv/h
09:13:01	1787476381088971300,1787476381095805700		
09:13:03	1787476383292168200		
09:13:04	1787476384490059500		
09:13:05	1787476385699785700		[Min 009  09:12:04]  CPM=00101  ✓ COMPLETE
09:13:06	1787476386899737000		
09:13:08	1787476388084463900		
09:13:10	1787476390291640600,1787476390296809500		[09:13:10] ↑ STATE  FLAT → LOW  0.1000 µSv/h
09:13:11	1787476391489368300		[09:13:11] ↓ STATE  LOW → FLAT  0.0900 µSv/h | [09:13:11] ↑ STATE  FLAT → LOW  0.1000 µSv/h
09:13:12	1787476392696876300		[09:13:12] ↓ STATE  LOW → FLAT  0.0900 µSv/h | [09:13:12] ↑ STATE  FLAT → LOW  0.1000 µSv/h
09:13:13	1787476393889697000,1787476393893057000		[09:13:13] ↓ STATE  LOW → FLAT  0.0900 µSv/h | [09:13:13] ↑ STATE  FLAT → LOW  0.1000 µSv/h
09:13:15	1787476395096868600,1787476395101088500		[09:13:15] ⚡ CPS CLUSTER  9cts/10s  n=9  CV_IAT=0.657 |   RF est P=C·d²/K  @0.5m: 2.3-225.0W  (mid=11.3W)  CPS/s=0.9 | [09:13:15] ↓ STATE  LOW → FLAT  0.0900 µSv/h | [09:13:15] ↑ STATE  FLAT → LOW  0.1000 µSv/h
09:13:17	1787476397304771600,1787476397307110000		[09:13:17] ⚡ OOK BURST PATTERN  CPS=2  burst=1.0s  gap=3.3s  duty=0.24  cycles=4 |   f=0.235Hz (SLF)  T=4.3s  CV_run=0.000  CV_gap=0.133  RF≈2.5W@0.5m |   ON/OFF KEYING SIGNATURE  identical CPS=2 repeated 4x  structured pulsed source confirmed | [09:13:17] ↓ STATE  LOW → FLAT  0.0900 µSv/h | [09:13:17] ↑ STATE  FLAT → LOW  0.1000 µSv/h
09:13:18	1787476398493276400,1787476398497810700		
09:13:19	1787476399688000000	SIG#259 [1,0,0,1,0,0,1,0,0,1,0,0,1,0,0,1,0,0,1,0,0,1] pk=1	
09:13:20	1787476400894038500,1787476400898516200		
09:13:22	1787476402090073300,1787476402095227400		
09:13:23	1787476403538605800		
09:13:24	1787476404523755000		
09:13:25	1787476405537624300		
09:13:27	1787476407039589400,1787476407043198200		
09:13:28	1787476408032140800,1787476408037460500,1787476408038175000		[09:13:28] ⚠⚠⚠ POWER LEVEL LOCK  dr=0.1000 µSv/h  hits=254  avg_interval=2.0s (0.03min)  CV=5.066 |   Source returns to identical power level 254x  Natural decay cannot reproduce fixed amplitude  Controlled RF source confirmed
09:13:30	1787476410298465800,1787476410299721000,1787476410300636400		[09:13:30] ⚡ CPS CLUSTER  20cts/10s  n=12  CV_IAT=0.940 |   RF est P=C·d²/K  @0.5m: 5.0-500.0W  (mid=25.0W)  CPS/s=2.0
09:13:31	1787476411495742500,1787476411496507600,1787476411497293800		
09:13:32	1787476412692605400,1787476412693706000,1787476412694762800,1787476412696493800		
09:13:33	1787476413882499600,1787476413883197200,1787476413886429700,1787476413889583600,1787476413890800400		[09:13:33] ⚠ EMF FINGERPRINT  score=4/7  n=4pk/2fl |   χ²/μ=0.001  m=1.190  SWR=0.18  CV_R=0.101  PSCI=0.089  CV_Re=0.048
09:13:35	1787476415083457000,1787476415086282500,1787476415088436000,1787476415091406000,1787476415092888800		[09:13:35] 小刀 PAINTBRUSH BURST  5 consecutive ticks  total=6cts  avg=1.2CPS  RF~1.5W@0.5m  bars merge = dense burst | [09:13:35] ⚠⚠⚠ CONFIRMED ATTACK  CONSECUTIVE CPS CLUSTER  run=5s  total_counts=6  avg=1.20CPS/s  dr=0.1300  span=1.2s |   Poisson P(run≥5)<<0.001  NON-NATURAL SOURCE CONFIRMED  start=09:13:33
09:13:37	1787476417303507000,1787476417304657000,1787476417306423800,1787476417307175200		
09:13:38	1787476418492807000,1787476418498070800,1787476418499943700		
09:13:39	1787476419696414200,1787476419697452000	SIG#270 [1,2,1,0,0,0,1,2,1,0,0,0,1,2,1,0,1,0,1,2,1,0,1,1,1,2,1,0,1,1,0,2,1,0,1,1,0,0,1,0,1,1] pk=2	
09:13:40	1787476420893562600,1787476420896299800,1787476420901597200		
09:13:42	1787476422092633000,1787476422097896200		
09:13:43	1787476423545089500		
09:13:44	1787476424542265600		
09:13:46	1787476426038977300		[09:13:46] ⚡ CPS CLUSTER  17cts/10s  n=16  CV_IAT=1.230 |   RF est P=C·d²/K  @0.5m: 4.3-425.0W  (mid=21.3W)  CPS/s=1.7
09:13:47	1787476427036553200		
09:13:49	1787476429299744500		
09:13:50			
09:13:51	1787476431699790600		
09:13:52	1787476432898732300		
09:13:54	1787476434097484500		[09:13:54] ↓ STATE  LOW → FLAT  0.0900 µSv/h | [09:13:54] 🔄 FLOOR RECURRENCE  dr=0.0900 µSv/h  prior=09:13:17  interval=36.8s  (0.61min)
09:13:55	1787476435543919400		[09:13:55] ↑ STATE  FLAT → LOW  0.1400 µSv/h | [09:13:55] ↓ STATE  LOW → FLAT  0.0900 µSv/h
09:13:56	1787476436545758700,1787476436550467300		[09:13:56] ↑ STATE  FLAT → LOW  0.1200 µSv/h | [09:13:56] ↓ STATE  LOW → FLAT  0.0900 µSv/h
09:13:58	1787476438034515200,1787476438038284300		[09:13:58] ↑ STATE  FLAT → LOW  0.1100 µSv/h | [09:13:58] ↓ STATE  LOW → FLAT  0.0900 µSv/h
09:13:59	1787476439032114000,1787476439037368300		[09:13:59] ↑ STATE  FLAT → LOW  0.1100 µSv/h | [09:13:59] ↓ STATE  LOW → FLAT  0.0900 µSv/h
09:14:01	1787476441306660600	SIG#284 [1,0,0,0,2,0,1,0,0,0,2,0,1,0,0,0,2] pk=2	[09:14:01] ⚡ CPS CLUSTER  13cts/10s  n=10  CV_IAT=0.729 |   RF est P=C·d²/K  @0.5m: 3.3-325.0W  (mid=16.3W)  CPS/s=1.3 | [09:14:01] ↑ STATE  FLAT → LOW  0.1000 µSv/h | [09:14:01] ↓ STATE  LOW → FLAT  0.0900 µSv/h
09:14:02	1787476442498121500		[09:14:02] ⚡ OOK BURST PATTERN  CPS=1  burst=7.0s  gap=23.8s  duty=0.23  cycles=4 |   f=0.033Hz (ELF)  T=30.8s  CV_run=1.325  CV_gap=1.538  RF≈1.3W@0.5m |   ON/OFF KEYING SIGNATURE  identical CPS=1 repeated 4x  structured pulsed source confirmed
09:14:03	1787476443693720600,1787476443699271700		
09:14:04	1787476444891337200,1787476444896436200,1787476444896982800		[Min 010  09:13:04]  CPM=00105  ✓ COMPLETE | [09:14:04] ⚠ BURST PAIR  pairs=14  interval=41.0s  CV=2.327  spacings=[1.4,1.0,1.5,1.0,2.3,64.8,98.5,1.5,1.0,2.3,1.2,1.2,355.3]  span=533.0s |   f=0.024Hz  T=41.0s  pair_width=2s  CPS≥2  structured burst-pair source | [09:14:04] ⚠⚠⚠ EMF FINGERPRINT  score=6/7  n=6pk/4fl |   χ²/μ=0.004  m=1.275  SWR=0.38  CV_R=0.205  PSCI=0.164  CV_Re=0.132 | [09:14:04] ↑ STATE  FLAT → LOW  0.1100 µSv/h
09:14:06	1787476446097310700,1787476446098205700		[09:14:06] ↓ STATE  LOW → FLAT  0.0700 µSv/h | [09:14:06] ↑ STATE  FLAT → LOW  0.1100 µSv/h
09:14:07	1787476447554954500,1787476447556121600,1787476447558631400		[09:14:07] ↓ STATE  LOW → FLAT  0.0800 µSv/h | [09:14:07] ↑ STATE  FLAT → LOW  0.1100 µSv/h
09:14:08	1787476448556084500,1787476448557303300,1787476448559000600,1787476448559766800		[09:14:08] ↓ STATE  LOW → FLAT  0.0800 µSv/h | [09:14:08] ↑ STATE  FLAT → LOW  0.1100 µSv/h
09:14:10	1787476450044980700,1787476450047349500,1787476450050901000,1787476450051832000		[09:14:10] ↓ STATE  LOW → FLAT  0.0800 µSv/h | [09:14:10] ↑ STATE  FLAT → LOW  0.1100 µSv/h
09:14:11	1787476451033148400,1787476451034886700,1787476451037158000,1787476451037923800		[09:14:11] ↓ STATE  LOW → FLAT  0.0900 µSv/h | [09:14:11] ↑ STATE  FLAT → LOW  0.1100 µSv/h
09:14:13	1787476453303773000,1787476453305671700,1787476453308365600,1787476453312694300		
09:14:14	1787476454495164000,1787476454496467500,1787476454498866000,1787476454499734800		
09:14:15	1787476455703606000,1787476455705185500,1787476455710058500,1787476455711844000		[09:14:15] 小刀 PAINTBRUSH BURST  4 consecutive ticks  total=4cts  avg=1.0CPS  RF~1.3W@0.5m  bars merge = dense burst | [09:14:15] ↑ STATE  LOW → ELEVATED  0.2000 µSv/h | [09:14:15] 🔄 PEAK RECURRENCE  dr=0.2000 µSv/h  seen 98x in log
09:14:16	1787476456903626800,1787476456908786000,1787476456909991400		[09:14:16] ⚡ CPS CLUSTER  36cts/10s  n=28  CV_IAT=1.786 |   RF est P=C·d²/K  @0.5m: 9.0-900.0W  (mid=45.0W)  CPS/s=3.6 | [09:14:16] ↑ STATE  ELEVATED → LOW  0.1500 µSv/h | [09:14:16] ↑ STATE  LOW → ELEVATED  0.2000 µSv/h
09:14:18	1787476458106118100,1787476458107001600	SIG#291 [3,1,0,1,0,0,3,1,0,1,1,0,3,1,0,1,1,0,3,1,0,1,1,0,0,1,0,1,1,0,0,1,0,1,1,0,0,1,1,1,1,0,0,1,1,0,1,0,0,1,1] pk=3	[09:14:18] ↑ STATE  ELEVATED → LOW  0.1700 µSv/h | [09:14:18] ↑ STATE  LOW → ELEVATED  0.2000 µSv/h
09:14:19	1787476459566506000,1787476459568144000		[09:14:19] ↑ STATE  ELEVATED → LOW  0.1700 µSv/h | [09:14:19] ↑ STATE  LOW → ELEVATED  0.2000 µSv/h
09:14:20	1787476460533643800,1787476460535137300		[09:14:20] ↑ STATE  ELEVATED → LOW  0.1900 µSv/h | [09:14:20] ↑ STATE  LOW → ELEVATED  0.2000 µSv/h | [09:14:20] ↑ STATE  ELEVATED → LOW  0.1900 µSv/h
09:14:22	1787476462031184100		[09:14:22] ↑ STATE  LOW → ELEVATED  0.2000 µSv/h | [09:14:22] ↑ STATE  ELEVATED → LOW  0.1900 µSv/h
09:14:23			[09:14:23] ↑ STATE  LOW → ELEVATED  0.2000 µSv/h | [09:14:23] ↑ STATE  ELEVATED → LOW  0.1900 µSv/h
09:14:25	1787476465318046000		[09:14:25] ↑ STATE  LOW → ELEVATED  0.2000 µSv/h | [09:14:25] ↑ STATE  ELEVATED → LOW  0.1900 µSv/h
09:14:26	1787476466516806700,1787476466517598700		[09:14:26] ↑ STATE  LOW → ELEVATED  0.2000 µSv/h | [09:14:26] ↑ STATE  ELEVATED → LOW  0.1900 µSv/h
09:14:27	1787476467715206400,1787476467716208000		[09:14:27] ↑ STATE  LOW → ELEVATED  0.2000 µSv/h | [09:14:27] ↑ STATE  ELEVATED → LOW  0.1900 µSv/h
09:14:28	1787476468913926100,1787476468917410300		[09:14:28] ⚠⚠⚠ POWER LEVEL LOCK  dr=0.1900 µSv/h  hits=180  avg_interval=3.3s (0.06min)  CV=6.170 |   Source returns to identical power level 180x  Natural decay cannot reproduce fixed amplitude  Controlled RF source confirmed
09:14:30	1787476470110602200,1787476470113498000		
09:14:32	1787476472317776600,1787476472320811800		[09:14:32] ⚡ CPS CLUSTER  9cts/10s  n=9  CV_IAT=0.997 |   RF est P=C·d²/K  @0.5m: 2.3-225.0W  (mid=11.3W)  CPS/s=0.9
09:14:33	1787476473514516700,1787476473518085000		
09:14:34	1787476474704447000		
09:14:35			[09:14:35] ⚠⚠⚠ EMF FINGERPRINT  score=6/7  n=4pk/5fl |   χ²/μ=0.004  m=1.233  SWR=0.28  CV_R=0.161  PSCI=0.081  CV_Re=0.156
09:14:37			
09:14:38			[09:14:38] ↓ STATE  LOW → FLAT  0.0900 µSv/h | [09:14:38] 🔄 FLOOR RECURRENCE  dr=0.0900 µSv/h  prior=09:14:11  interval=27.5s  (0.46min)
09:14:39			[09:14:39] ↑ STATE  FLAT → LOW  0.1100 µSv/h | [09:14:39] ↓ STATE  LOW → FLAT  0.0900 µSv/h
09:14:41			[09:14:41] ↑ STATE  FLAT → LOW  0.1100 µSv/h | [09:14:41] ↓ STATE  LOW → FLAT  0.0900 µSv/h
09:14:42			[09:14:42] ↑ STATE  FLAT → LOW  0.1100 µSv/h | [09:14:42] ↓ STATE  LOW → FLAT  0.0900 µSv/h
09:14:44			[09:14:44] ↑ STATE  FLAT → LOW  0.1100 µSv/h | [09:14:44] ↓ STATE  LOW → FLAT  0.0900 µSv/h
09:14:45			[09:14:45] ↑ STATE  FLAT → LOW  0.1000 µSv/h | [09:14:45] ↓ STATE  LOW → FLAT  0.0900 µSv/h
09:14:46			
09:14:47			[09:14:47] ⚡ OOK BURST PATTERN  CPS=1  burst=2.0s  gap=3.0s  duty=0.40  cycles=5 |   f=0.200Hz (SLF)  T=5.0s  CV_run=0.447  CV_gap=0.298  RF≈1.3W@0.5m |   ON/OFF KEYING SIGNATURE  identical CPS=1 repeated 5x  structured pulsed source confirmed
09:14:49	1787476489121814300		
09:14:51	1787476491317344500		
09:14:52	1787476492520179500		
09:14:53	1787476493722187500		
09:14:54	1787476494907367700		[09:14:54] ⚡ STRUCTURED CLUSTER  5cts/10s  n=5  CV_IAT=0.299  non-Poisson |   RF est P=C·d²/K  @0.5m: 1.3-125.0W  (mid=6.3W)  CPS/s=0.5
09:14:56	1787476496103844600		
09:14:57	1787476497553872600,1787476497569711400		
09:14:58	1787476498569507800		
09:15:00	1787476500065739800		
09:15:01	1787476501065325300		
09:15:03	1787476503325629400		
09:15:04	1787476504509557800		
09:15:05	1787476505713853200,1787476505738009900		[Min 011  09:14:04]  CPM=00081  ✓ COMPLETE
09:15:06	1787476506928313000		
09:15:08	1787476508127218700,1787476508132186000		
09:15:09	1787476509564457500,1787476509570573800,1787476509574976500		[09:15:09] 🔄 FLOOR RECURRENCE  dr=0.0800 µSv/h  prior=09:15:08  interval=1.4s  (0.02min)
09:15:10	1787476510566049000,1787476510568142300,1787476510569483500		[09:15:10] ⚡ CPS CLUSTER  11cts/10s  n=11  CV_IAT=0.881 |   RF est P=C·d²/K  @0.5m: 2.8-275.0W  (mid=13.8W)  CPS/s=1.1
09:15:11	1787476511559357700,1787476511565784000,1787476511570600000		
09:15:13	1787476513044035600,1787476513050298600,1787476513053622000		
09:15:14	1787476514048346000,1787476514052646000	SIG#320 [1,0,1,0,0,0,1,0,1,1,0,0,1,0,1,1,0,0,1,0,1,1,0,0,1,0,1,1] pk=1	
09:15:16	1787476516314408000,1787476516318588000		
09:15:17	1787476517500402400,1787476517518508800		
09:15:18	1787476518720198000		
09:15:19	1787476519916298500,1787476519919093000		
09:15:21	1787476521109948200,1787476521111956700		
09:15:22	1787476522568556800,1787476522572313600		
09:15:23	1787476523556781300,1787476523560365800		
09:15:25	1787476525044015600,1787476525051228700	SIG#326 [1,0,1,0,0,0,1,0,1,0,0,0,1,0,1,0,0,0,1,0,1,0,0,0,1,0,1] pk=1	
09:15:26	1787476526048153600		[09:15:26] ⚡ CPS CLUSTER  15cts/10s  n=15  CV_IAT=1.007 |   RF est P=C·d²/K  @0.5m: 3.8-375.0W  (mid=18.8W)  CPS/s=1.5
09:15:28	1787476528323370800,1787476528336470000		
09:15:29	1787476529509958700		
09:15:30	1787476530723874300,1787476530725867500		[09:15:30] ↑ STATE  FLAT → LOW  0.1000 µSv/h | [09:15:30] ⚠⚠⚠ POWER LEVEL LOCK  dr=0.1000 µSv/h  hits=274  avg_interval=2.3s (0.04min)  CV=4.498 |   Source returns to identical power level 274x  Natural decay cannot reproduce fixed amplitude  Controlled RF source confirmed
09:15:31	1787476531921058800,1787476531923057000		[09:15:31] ↓ STATE  LOW → FLAT  0.0900 µSv/h | [09:15:31] ↑ STATE  FLAT → LOW  0.1000 µSv/h
09:15:33	1787476533106899200,1787476533108736300		[09:15:33] ⚡ OOK BURST PATTERN  CPS=1  burst=2.0s  gap=3.0s  duty=0.40  cycles=5 |   f=0.200Hz (SLF)  T=5.0s  CV_run=0.447  CV_gap=0.298  RF≈1.3W@0.5m |   ON/OFF KEYING SIGNATURE  identical CPS=1 repeated 5x  structured pulsed source confirmed | [09:15:33] ↓ STATE  LOW → FLAT  0.0900 µSv/h | [09:15:33] ↑ STATE  FLAT → LOW  0.1000 µSv/h
09:15:34	1787476534557491000,1787476534564128500		[09:15:34] ↓ STATE  LOW → FLAT  0.0900 µSv/h | [09:15:34] ↑ STATE  FLAT → LOW  0.1000 µSv/h
09:15:35	1787476535569510400,1787476535580694300	SIG#331 [1,0,1,0,0,0,1,0,1,0,0,0,1,0,1,0,0,0,1,0,1,0,0,0,1,0,1] pk=1	[09:15:35] ↓ STATE  LOW → FLAT  0.0900 µSv/h | [09:15:35] ↑ STATE  FLAT → LOW  0.1000 µSv/h
09:15:36	1787476536561274000		[09:15:36] ↓ STATE  LOW → FLAT  0.0900 µSv/h | [09:15:36] ↑ STATE  FLAT → LOW  0.1000 µSv/h
09:15:38	1787476538047247600		
09:15:39			
09:15:40			
09:15:41			[09:15:41] ⚡ CPS CLUSTER  10cts/10s  n=10  CV_IAT=0.918 |   RF est P=C·d²/K  @0.5m: 2.5-250.0W  (mid=12.5W)  CPS/s=1.0
09:15:42			
09:15:44			
09:15:45			
09:15:47			
09:15:48			[09:15:48] ↓ STATE  LOW → FLAT  0.0900 µSv/h | [09:15:48] 🔄 FLOOR RECURRENCE  dr=0.0900 µSv/h  prior=09:15:36  interval=12.0s  (0.20min)
09:15:49			[09:15:49] ↑ STATE  FLAT → LOW  0.1000 µSv/h | [09:15:49] ↓ STATE  LOW → FLAT  0.0900 µSv/h
09:15:50			[09:15:50] ↑ STATE  FLAT → LOW  0.1000 µSv/h | [09:15:50] ↓ STATE  LOW → FLAT  0.0900 µSv/h
09:15:52	1787476552136257500		[09:15:52] ↑ STATE  FLAT → LOW  0.1000 µSv/h | [09:15:52] ↓ STATE  LOW → FLAT  0.0900 µSv/h
09:15:53	1787476553583667200		[09:15:53] ↑ STATE  FLAT → LOW  0.1000 µSv/h | [09:15:53] ↓ STATE  LOW → FLAT  0.0900 µSv/h
09:15:54	1787476554576982800		[09:15:54] ↑ STATE  FLAT → LOW  0.1000 µSv/h | [09:15:54] ↓ STATE  LOW → FLAT  0.0900 µSv/h | [09:15:54] ⚠ EMF FINGERPRINT  score=4/7  n=2pk/3fl |   χ²/μ=0.001  m=1.313  SWR=0.20  CV_R=0.081  PSCI=0.048  CV_Re=0.102
09:15:56	1787476556069333800		
09:15:57	1787476557067500000		[09:15:57] ⚡ STRUCTURED CLUSTER  5cts/10s  n=5  CV_IAT=0.193  non-Poisson |   RF est P=C·d²/K  @0.5m: 1.3-125.0W  (mid=6.3W)  CPS/s=0.5
09:15:59	1787476559336244500		
09:16:00	1787476560527888400		
09:16:01			
09:16:02			
09:16:04			
09:16:05	1787476565588018200		[Min 012  09:15:04]  CPM=00056  ✓ COMPLETE
09:16:06	1787476566563636700,1787476566565743900		
09:16:08	1787476568067975700,1787476568069547800,1787476568071826700		
09:16:09	1787476569071151900,1787476569073128200,1787476569075257600		
09:16:11	1787476571328752400,1787476571329762600,1787476571331002000,1787476571335988500		
09:16:12	1787476572532200200,1787476572532693800,1787476572533280800,1787476572534811600,1787476572535694800		[09:16:12] ⚡ CPS CLUSTER  13cts/10s  n=13  CV_IAT=1.540 |   RF est P=C·d²/K  @0.5m: 3.3-325.0W  (mid=16.3W)  CPS/s=1.3
09:16:13	1787476573723307800,1787476573727961300,1787476573730328800,1787476573738835200,1787476573741840600,1787476573744272000		[09:16:13] 🔒 CPS LOCK  CPS=1 x4+ consecutive  P(Poisson)<<0.001  RF≈1.3W@0.5m | [09:16:13] ⚠⚠⚠ CPS UNIFORMITY LOCK  CPS=1 on 18/30s (60.0%)  zeros=12  highs=0  Poisson P<<0.001  CONTROLLED SOURCE CONFIRMED |   Natural Poisson: expected CPS=1 on ~9-13s  observed=18s  locked synthetic output indicated | [09:16:13] 小刀 PAINTBRUSH BURST  5 consecutive ticks  total=5cts  avg=1.0CPS  RF~1.3W@0.5m  bars merge = dense burst | [09:16:13] 🔒 CPS LOCK END  was CPS=1 x4  now CPS=0 | [09:16:13] ⚠⚠⚠ CONFIRMED ATTACK  CONSECUTIVE CPS CLUSTER  run=5s  total_counts=5  avg=1.00CPS/s  dr=0.0700  span=1.2s |   Poisson P(run≥5)<<0.001  NON-NATURAL SOURCE CONFIRMED  start=09:16:12
09:16:14	1787476574931089200,1787476574932939000,1787476574935688200,1787476574936750000,1787476574938229000		[09:16:14] 🔒 CPS LOCK END  was CPS=1 x4  now CPS=0
09:16:16	1787476576119528700,1787476576126371000,1787476576128397800,1787476576130333700		[09:16:16] ↑ STATE  FLAT → LOW  0.1000 µSv/h
09:16:17	1787476577559754800,1787476577562489000,1787476577565977900		[09:16:17] ↓ STATE  LOW → FLAT  0.0700 µSv/h | [09:16:17] ↑ STATE  FLAT → LOW  0.1000 µSv/h
09:16:18	1787476578568200700,1787476578570716000,1787476578572424000,1787476578580031500		[09:16:18] ⚡ OOK BURST PATTERN  CPS=1  burst=2.0s  gap=3.0s  duty=0.40  cycles=5 |   f=0.200Hz (SLF)  T=5.0s  CV_run=0.447  CV_gap=0.298  RF≈1.3W@0.5m |   ON/OFF KEYING SIGNATURE  identical CPS=1 repeated 5x  structured pulsed source confirmed | [09:16:18] ↓ STATE  LOW → FLAT  0.0700 µSv/h | [09:16:18] 🔄 FLOOR RECURRENCE  dr=0.0700 µSv/h  prior=09:16:17  interval=1.0s  (0.02min) | [09:16:18] ↑ STATE  FLAT → LOW  0.1000 µSv/h
09:16:19	1787476579573579300,1787476579577092400,1787476579588553000		[09:16:19] ↓ STATE  LOW → FLAT  0.0800 µSv/h | [09:16:19] ↑ STATE  FLAT → LOW  0.1000 µSv/h
09:16:21	1787476581073229300,1787476581078044700		[09:16:21] ↓ STATE  LOW → FLAT  0.0900 µSv/h | [09:16:21] ↑ STATE  FLAT → LOW  0.1000 µSv/h
09:16:22	1787476582079283000	SIG#343 [1,1,1,0,0,0,1,1,1,0,0,0,1,1,1,0,1,0,1,1,1,0,1,1,1,1,1,0,1,1,1,1,1,0,1,1,1,0,1,0,1,1,1,0,0,0,1,1,1,0,0,0,1,1,1,0,0,0,1,1,1,0,0,0,1,0,1,0,0,0,1] pk=1	[09:16:22] ↓ STATE  LOW → FLAT  0.0900 µSv/h | [09:16:22] ↑ STATE  FLAT → LOW  0.1000 µSv/h
09:16:24	1787476584351254300		
09:16:25	1787476585533445400		[09:16:25] ⚠⚠⚠ EMF FINGERPRINT  score=6/7  n=8pk/5fl |   χ²/μ=0.008  m=1.656  SWR=0.53  CV_R=0.272  PSCI=0.199  CV_Re=0.177
09:16:26	1787476586719569000		
09:16:27			[09:16:27] ⚡ CPS CLUSTER  13cts/10s  n=13  CV_IAT=1.094 |   RF est P=C·d²/K  @0.5m: 3.3-325.0W  (mid=16.3W)  CPS/s=1.3
09:16:29			
09:16:30			
09:16:31			[09:16:31] ⚠⚠⚠ POWER LEVEL LOCK  dr=0.1700 µSv/h  hits=231  avg_interval=3.2s (0.05min)  CV=4.740 |   Source returns to identical power level 231x  Natural decay cannot reproduce fixed amplitude  Controlled RF source confirmed
09:16:32			
09:16:34	1787476594083778300		
09:16:35	1787476595097175300,1787476595098303200		
09:16:37	1787476597342637800,1787476597344991000		
09:16:38	1787476598532911600,1787476598538221300		
09:16:39	1787476599726783700,1787476599728173600		
09:16:40	1787476600923455700,1787476600924584400		
09:16:42	1787476602122242300,1787476602125126400,1787476602130281000		
09:16:43	1787476603590732300,1787476603594759000		[09:16:43] ⚡ CPS CLUSTER  15cts/10s  n=15  CV_IAT=1.073 |   RF est P=C·d²/K  @0.5m: 3.8-375.0W  (mid=18.8W)  CPS/s=1.5
09:16:44	1787476604596374000		
09:16:46	1787476606090087200		
09:16:47	1787476607091206000		
09:16:48	1787476608585251600		
09:16:49	1787476609573820400		
09:16:50			
09:16:52			
09:16:53			
09:16:55	1787476615370171400		
09:16:56	1787476616547384800		
09:16:57	1787476617738585600		
09:16:58	1787476618937726200,1787476618941719600		[09:16:58] ⚡ CPS CLUSTER  5cts/10s  n=5  CV_IAT=0.852 |   RF est P=C·d²/K  @0.5m: 1.3-125.0W  (mid=6.3W)  CPS/s=0.5
09:17:00	1787476620142385000,1787476620154700500		[09:17:00] ⚠ EMF FINGERPRINT  score=4/7  n=2pk/5fl |   χ²/μ=0.001  m=1.230  SWR=0.15  CV_R=0.076  PSCI=0.000  CV_Re=0.061
09:17:01	1787476621599619000,1787476621610615300		[09:17:01] ↓ STATE  LOW → FLAT  0.0900 µSv/h | [09:17:01] 🔄 FLOOR RECURRENCE  dr=0.0900 µSv/h  prior=09:16:22  interval=39.5s  (0.66min)
09:17:02	1787476622593909800,1787476622598118700,1787476622600465400		[09:17:02] ↑ STATE  FLAT → LOW  0.1300 µSv/h | [09:17:02] ↓ STATE  LOW → FLAT  0.0900 µSv/h
09:17:04	1787476624086380800,1787476624090379500		[09:17:04] ⚡ OOK BURST PATTERN  CPS=1  burst=2.0s  gap=3.0s  duty=0.40  cycles=5 |   f=0.200Hz (SLF)  T=5.0s  CV_run=0.447  CV_gap=0.298  RF≈1.3W@0.5m |   ON/OFF KEYING SIGNATURE  identical CPS=1 repeated 5x  structured pulsed source confirmed | [09:17:04] ↑ STATE  FLAT → LOW  0.1200 µSv/h | [09:17:04] ↓ STATE  LOW → FLAT  0.0900 µSv/h
09:17:05	1787476625096077800,1787476625101556200,1787476625104652000		[Min 013  09:16:04]  CPM=00084  ✓ COMPLETE | [09:17:05] ↑ STATE  FLAT → LOW  0.1100 µSv/h | [09:17:05] ↓ STATE  LOW → FLAT  0.0900 µSv/h
09:17:07	1787476627343679700,1787476627355809000,1787476627361309000		[09:17:07] ↑ STATE  FLAT → LOW  0.1100 µSv/h | [09:17:07] ↓ STATE  LOW → FLAT  0.0900 µSv/h | [09:17:07] ↑ STATE  FLAT → LOW  0.1000 µSv/h
09:17:08	1787476628539522800,1787476628541101800		[09:17:08] ↓ STATE  LOW → FLAT  0.0900 µSv/h | [09:17:08] ↑ STATE  FLAT → LOW  0.1000 µSv/h
09:17:09	1787476629748733200,1787476629750206200,1787476629752932600		[09:17:09] ↓ STATE  LOW → FLAT  0.0900 µSv/h | [09:17:09] ↑ STATE  FLAT → LOW  0.1000 µSv/h
09:17:10	1787476630941135000,1787476630942715100,1787476630946057700		[09:17:10] ↓ STATE  LOW → FLAT  0.0900 µSv/h | [09:17:10] ↑ STATE  FLAT → LOW  0.1000 µSv/h
09:17:12	1787476632144692200,1787476632147878000		[09:17:12] ↓ STATE  LOW → FLAT  0.0900 µSv/h | [09:17:12] ↑ STATE  FLAT → LOW  0.1000 µSv/h
09:17:13	1787476633583768600,1787476633588042200		[09:17:13] ↓ STATE  LOW → FLAT  0.0900 µSv/h | [09:17:13] ↑ STATE  FLAT → LOW  0.1000 µSv/h
09:17:14	1787476634601870000	SIG#365 [1,0,0,1,0,0,1,0,0,1,0,0,1,0,0,1,0,0,1,0,0,1,0,0,1,0,0,1,0,0,1,0,0,1,0,0,1,0,1,1,0,0,1,0,1,0,0,0,1,0,1,0,0,0,1,0,1,0,0,1,1,0,1,0,0,1,0,0,1,0,0,1,0,0,1,0,0,1] pk=1	[09:17:14] ⚡ CPS CLUSTER  18cts/10s  n=18  CV_IAT=1.418 |   RF est P=C·d²/K  @0.5m: 4.5-450.0W  (mid=22.5W)  CPS/s=1.8
09:17:15	1787476635590663700		
09:17:17	1787476637083674600,1787476637091013000		
09:17:18	1787476638093448700,1787476638095129600		
09:17:20	1787476640379621000,1787476640382937300		
09:17:21	1787476641553813000,1787476641556847400		
09:17:22	1787476642745646000,1787476642749814500		
09:17:23	1787476643943698000,1787476643945798700		
09:17:25	1787476645143382000,1787476645145542400,1787476645151032600		
09:17:26	1787476646606221600,1787476646611228400		
09:17:27	1787476647612769300,1787476647614920700		
09:17:29	1787476649097161500,1787476649104802600,1787476649106068500		
09:17:30	1787476650099714300,1787476650104519700,1787476650106820600		[09:17:30] ⚡ CPS CLUSTER  18cts/10s  n=18  CV_IAT=1.203 |   RF est P=C·d²/K  @0.5m: 4.5-450.0W  (mid=22.5W)  CPS/s=1.8
09:17:32	1787476652356864000,1787476652359517000,1787476652360670200,1787476652362885400		[09:17:32] ⚠⚠⚠ POWER LEVEL LOCK  dr=0.1200 µSv/h  hits=249  avg_interval=3.3s (0.05min)  CV=3.832 |   Source returns to identical power level 249x  Natural decay cannot reproduce fixed amplitude  Controlled RF source confirmed
09:17:33	1787476653580744700,1787476653585212400,1787476653586451500,1787476653589102600		
09:17:34	1787476654592141000,1787476654593487600,1787476654596579000		[09:17:34] ⚠ EMF FINGERPRINT  score=4/7  n=2pk/3fl |   χ²/μ=0.001  m=1.136  SWR=0.13  CV_R=0.100  PSCI=0.040  CV_Re=0.074
09:17:35	1787476655599948800,1787476655601784300,1787476655603555300		
09:17:37	1787476657081554000,1787476657088140800	SIG#378 [1,0,1,0,0,0,1,0,1,1,0,0,1,0,1,1,0,0,1,0,1,1,0,1,1,0,1,1,0,1,0,0,1,1,0,1,0,0,1,1,0,1,0,0,0,1,0,1] pk=1	
09:17:38	1787476658108890000,1787476658130546000		
09:17:40	1787476660364227800,1787476660381916700,1787476660383905500		
09:17:41	1787476661557535000,1787476661558371300		
09:17:42	1787476662767890400,1787476662769272800		
09:17:43	1787476663957153000,1787476663958914000		[09:17:43] ⚠ EQUAL BURST SPACING  n=4  CPS≥2  interval=1.2s  CV=0.013  spacings=[1.2,1.2,1.2]  span=3.6s |   ⚠⚠ HIGHLY PERIODIC  f=0.839Hz  T=1.2s  total_counts=4
09:17:45	1787476665155318800,1787476665156699600		[09:17:45] ⚡ CPS CLUSTER  24cts/10s  n=16  CV_IAT=1.295 |   RF est P=C·d²/K  @0.5m: 6.0-600.0W  (mid=30.0W)  CPS/s=2.4
09:17:46	1787476666354016000,1787476666356256300,1787476666370066200		
09:17:47	1787476667547719000,1787476667555958800		
09:17:48	1787476668764063200		
09:17:49	1787476669963113000		[09:17:49] ⚡ OOK BURST PATTERN  CPS=3  burst=1.0s  gap=4.0s  duty=0.20  cycles=6 |   f=0.200Hz (SLF)  T=5.0s  CV_run=0.000  CV_gap=0.000  RF≈3.8W@0.5m |   ON/OFF KEYING SIGNATURE  identical CPS=3 repeated 6x  structured pulsed source confirmed
09:17:51	1787476671166467600		
09:17:52	1787476672619296000		
09:17:53	1787476673614376200		
09:17:55	1787476675118878500		
09:17:56	1787476676106274300		
09:17:58	1787476678373877500		
09:17:59	1787476679566500000		
09:18:00	1787476680750508300		[09:18:00] ⚡ STRUCTURED CLUSTER  7cts/10s  n=7  CV_IAT=0.312  non-Poisson |   RF est P=C·d²/K  @0.5m: 1.8-175.0W  (mid=8.8W)  CPS/s=0.7
09:18:01	1787476681965796000		
09:18:03	1787476683163981800,1787476683175908400		
09:18:04	1787476684629755000,1787476684631535600		
09:18:05	1787476685626822100,1787476685628033300		[Min 014  09:17:04]  CPM=00108  ✓ COMPLETE | [09:18:05] ⚠ EMF FINGERPRINT  score=4/7  n=2pk/3fl |   χ²/μ=0.001  m=1.227  SWR=0.16  CV_R=0.072  PSCI=0.037  CV_Re=0.074 | [09:18:05] ↓ STATE  LOW → FLAT  0.0900 µSv/h | [09:18:05] 🔄 FLOOR RECURRENCE  dr=0.0900 µSv/h  prior=09:17:13  interval=52.0s  (0.87min)
09:18:07	1787476687114071300,1787476687117518300,1787476687121950700		[09:18:07] ↑ STATE  FLAT → LOW  0.1200 µSv/h | [09:18:07] ↓ STATE  LOW → FLAT  0.0900 µSv/h
09:18:08	1787476688108682800,1787476688112160000,1787476688123032300,1787476688125442000		[09:18:08] ↑ STATE  FLAT → LOW  0.1200 µSv/h | [09:18:08] ↓ STATE  LOW → FLAT  0.0900 µSv/h
09:18:09	1787476689609459200,1787476689612691000,1787476689619733800,1787476689622114600		[09:18:09] ↑ STATE  FLAT → LOW  0.1100 µSv/h | [09:18:09] ↓ STATE  LOW → FLAT  0.0900 µSv/h
09:18:10	1787476690619135000,1787476690620884200,1787476690625037600,1787476690626848000		[09:18:10] ↑ STATE  FLAT → LOW  0.1100 µSv/h | [09:18:10] ↓ STATE  LOW → FLAT  0.0900 µSv/h | [09:18:10] ↑ STATE  FLAT → LOW  0.1000 µSv/h
09:18:11	1787476691606773000,1787476691609514500,1787476691611143400		[09:18:11] ↓ STATE  LOW → FLAT  0.0900 µSv/h | [09:18:11] ⚠⚠⚠ CPS UNIFORMITY LOCK  CPS=1 on 18/30s (60.0%)  zeros=12  highs=0  Poisson P<<0.001  CONTROLLED SOURCE CONFIRMED |   Natural Poisson: expected CPS=1 on ~9-13s  observed=18s  locked synthetic output indicated | [09:18:11] ↑ STATE  FLAT → LOW  0.1000 µSv/h
09:18:13	1787476693112411600,1787476693120199400,1787476693131913200	SIG#404 [1,1,0,1,0,0,1,1,0,1,1,0,1,1,0,1,1,0,1,1,0,1,1,0,0,1,0,1,1] pk=1	[09:18:13] ↓ STATE  LOW → FLAT  0.0900 µSv/h | [09:18:13] ↑ STATE  FLAT → LOW  0.1000 µSv/h
09:18:14	1787476694100880000,1787476694103777000,1787476694109004500		[09:18:14] ↓ STATE  LOW → FLAT  0.0900 µSv/h | [09:18:14] ↑ STATE  FLAT → LOW  0.1000 µSv/h
09:18:16	1787476696379088000,1787476696396708400		[09:18:16] ⚡ CPS CLUSTER  25cts/10s  n=25  CV_IAT=1.664 |   RF est P=C·d²/K  @0.5m: 6.3-625.0W  (mid=31.3W)  CPS/s=2.5 | [09:18:16] ↓ STATE  LOW → FLAT  0.0900 µSv/h | [09:18:16] ↑ STATE  FLAT → LOW  0.1000 µSv/h
09:18:17	1787476697571444500	SIG#405 [1,1,0,0,0,1,1,1,0,0,0,1,0,1,0,0,0,1] pk=1	[09:18:17] ↓ STATE  LOW → FLAT  0.0900 µSv/h | [09:18:17] ↑ STATE  FLAT → LOW  0.1000 µSv/h
09:18:18	1787476698781040000		
09:18:19	1787476699977625600		
09:18:21	1787476701167919000		
09:18:22			
09:18:23			
09:18:25	1787476705116435000		
09:18:26	1787476706125615000		
09:18:27	1787476707618568400		
09:18:28	1787476708636765200,1787476708652062000		
09:18:29	1787476709625329700,1787476709627574500		
09:18:31	1787476711117151500,1787476711128297500		
09:18:32	1787476712109074700,1787476712113128000,1787476712119025400		[09:18:32] ⚡ CPS CLUSTER  10cts/10s  n=10  CV_IAT=0.741 |   RF est P=C·d²/K  @0.5m: 2.5-250.0W  (mid=12.5W)  CPS/s=1.0
09:18:34	1787476714391898400,1787476714405460000		[09:18:34] ⚠⚠⚠ POWER LEVEL LOCK  dr=0.1300 µSv/h  hits=307  avg_interval=2.8s (0.05min)  CV=4.655 |   Source returns to identical power level 307x  Natural decay cannot reproduce fixed amplitude  Controlled RF source confirmed
09:18:35	1787476715590815500,1787476715606546000		[09:18:35] ⚡ OOK BURST PATTERN  CPS=3  burst=1.0s  gap=4.0s  duty=0.20  cycles=6 |   f=0.200Hz (SLF)  T=5.0s  CV_run=0.000  CV_gap=0.000  RF≈3.8W@0.5m |   ON/OFF KEYING SIGNATURE  identical CPS=3 repeated 6x  structured pulsed source confirmed
09:18:36	1787476716781430000,1787476716792035300,1787476716798673000		
09:18:37	1787476717991599400		
09:18:38	1787476718001822200,1787476718005253600		
09:18:39	1787476719187121200,1787476719189639000,1787476719190434800		
09:18:40	1787476720613883400,1787476720616970000,1787476720617674800		
09:18:41	1787476721634215000,1787476721636476400	SIG#413 [1,0,0,1,0,0,1,0,0,1,0,0,1,0,0,1,0,0,1,0,0,1,0,0,1,0,0,1,0,0,1,0,0,1,0,0,1,0,0,1,0,0,1,0,0,1,0,0,1,0,0,1,1,0,1,0,0,1,1,0,1,0,0,1,1] pk=1	
09:18:43	1787476723125188000,1787476723127583200		
09:18:44	1787476724113467600,1787476724116755700		
09:18:46	1787476726384126700		
09:18:47			[09:18:47] ⚡ CPS CLUSTER  16cts/10s  n=16  CV_IAT=1.313 |   RF est P=C·d²/K  @0.5m: 4.0-400.0W  (mid=20.0W)  CPS/s=1.6
09:18:48	1787476728790259700		
09:18:49	1787476729987257000,1787476729988139500		
09:18:51	1787476731199507200,1787476731200735000,1787476731201631500		
09:18:52	1787476732629316600,1787476732631305700,1787476732638397400		[09:18:52] ⚠ EQUAL BURST SPACING  n=4  CPS≥2  interval=1.3s  CV=0.083  spacings=[1.2,1.2,1.4]  span=3.8s |   ⚠⚠ HIGHLY PERIODIC  f=0.781Hz  T=1.3s  total_counts=4
09:18:53	1787476733646643200,1787476733649557000,1787476733652057000		
09:18:55	1787476735135961900,1787476735138505200,1787476735140537900		
09:18:56	1787476736123142100,1787476736125536000,1787476736126975200	SIG#420 [2,1,1,0,0,0,2,1,1,0,0,0,2,1,1,0,0,0,2,1,1,0,0,0,2,1,1] pk=2	
09:18:57	1787476737622118700,1787476737623153000,1787476737627862300		
09:18:58	1787476738624596700,1787476738643864800		
09:18:59	1787476739647578000		
09:19:01	1787476741129768700,1787476741133856300		
09:19:02	1787476742127055600,1787476742130336300		
09:19:03	1787476743625452800,1787476743630211600		[09:19:03] ⚡ CPS CLUSTER  22cts/10s  n=19  CV_IAT=1.284 |   RF est P=C·d²/K  @0.5m: 5.5-550.0W  (mid=27.5W)  CPS/s=2.2
09:19:04	1787476744641979600,1787476744645555700		
09:19:05	1787476745635868700,1787476745638935000	SIG#425 [1,0,0,1,0,0,1,0,0,1,0,0,1,0,0,1,0,0,1,0,0,1] pk=1	[Min 015  09:18:04]  CPM=00106  ✓ COMPLETE
09:19:07	1787476747146331600,1787476747159321300		
09:19:08	1787476748140141300,1787476748144438500,1787476748145951700		
09:19:10	1787476750404039000,1787476750405212700,1787476750405748500		
09:19:11	1787476751597362200,1787476751598982000,1787476751599839200		
09:19:12	1787476752807110700,1787476752811278800,1787476752813635000		
09:19:14	1787476754001287000,1787476754003028500,1787476754003571200		
09:19:15	1787476755204269800,1787476755205311200	SIG#426 [1,0,0,0,1,0,1,0,0,0,1,0,1,0,0,0,1,0,1,0,0,0,1,0,1,1,0,0,1,0,1,1,0,0,1,0,1,1,0,0,1,0,1,1] pk=1	
09:19:16	1787476756634434000,1787476756642407400,1787476756656592000		
09:19:17	1787476757643873800,1787476757650797600,1787476757653340200		
09:19:19	1787476759146573600,1787476759148848400,1787476759150340400		[09:19:19] ⚡ CPS CLUSTER  20cts/10s  n=20  CV_IAT=1.471 |   RF est P=C·d²/K  @0.5m: 5.0-500.0W  (mid=25.0W)  CPS/s=2.0
09:19:20	1787476760139299000,1787476760140398300,1787476760140961000,1787476760141956400		
09:19:22	1787476762405421800,1787476762406131200,1787476762406630000,1787476762407432700		[09:19:22] 小刀 PAINTBRUSH BURST  4 consecutive ticks  total=4cts  avg=1.0CPS  RF~1.3W@0.5m  bars merge = dense burst | [09:19:22] ⚡ OOK BURST PATTERN  CPS=1  burst=1.8s  gap=3.2s  duty=0.36  cycles=5 |   f=0.200Hz (SLF)  T=5.0s  CV_run=0.222  CV_gap=0.125  RF≈1.3W@0.5m |   ON/OFF KEYING SIGNATURE  identical CPS=1 repeated 5x  structured pulsed source confirmed
09:19:23	1787476763608063000,1787476763612553700,1787476763613398000,1787476763616505000		
09:19:24	1787476764799756000,1787476764804542200,1787476764806039800,1787476764808939000		[09:19:24] ⚠⚠⚠ CPS UNIFORMITY LOCK  CPS=1 on 18/30s (60.0%)  zeros=12  highs=0  Poisson P<<0.001  CONTROLLED SOURCE CONFIRMED |   Natural Poisson: expected CPS=1 on ~9-13s  observed=18s  locked synthetic output indicated
09:19:26	1787476766010161000,1787476766011742700,1787476766013033700,1787476766018124800		
09:19:27	1787476767213537800,1787476767214660000,1787476767217531400		
09:19:28	1787476768652123600,1787476768658160000		[09:19:28] ⚠ EMF FINGERPRINT  score=4/7  n=4pk/2fl |   χ²/μ=0.001  m=1.212  SWR=0.14  CV_R=0.074  PSCI=0.053  CV_Re=0.000
09:19:29	1787476769662549000,1787476769668094200	SIG#431 [1,1,1,0,0,0,1,1,1,1,0,0,1,1,1,1,0,0,1,1,1,1,0,0,1,1,1,1,0,0,0,1,1,1,0,0,0,2,1,1,0,0,0,2,0,1,0,0,0,2] pk=2	
09:19:31	1787476771160257800,1787476771167423200		
09:19:32	1787476772145259300,1787476772149272600,1787476772150594300		
09:19:34	1787476774403897300,1787476774409241600,1787476774411978000		[09:19:34] ⚡ CPS CLUSTER  28cts/10s  n=21  CV_IAT=1.442 |   RF est P=C·d²/K  @0.5m: 7.0-700.0W  (mid=35.0W)  CPS/s=2.8 | [09:19:34] ⚠⚠⚠ POWER LEVEL LOCK  dr=0.1600 µSv/h  hits=273  avg_interval=3.3s (0.06min)  CV=4.604 |   Source returns to identical power level 273x  Natural decay cannot reproduce fixed amplitude  Controlled RF source confirmed
09:19:35	1787476775611771100,1787476775612894000		
09:19:36	1787476776815599400,1787476776817602300,1787476776821253600		
09:19:38	1787476778011567900,1787476778013702000,1787476778016200200,1787476778016743400		
09:19:39	1787476779217554200,1787476779221412900,1787476779222217200		
09:19:40	1787476780655636200,1787476780669102600,1787476780670921000,1787476780675812400		
09:19:41	1787476781673339400,1787476781673927400,1787476781675135500		
09:19:43	1787476783160519200,1787476783161939700,1787476783165415000		
09:19:44	1787476784161499600,1787476784170268400,1787476784173268200,1787476784180060000		
09:19:46	1787476786420178200,1787476786421787600,1787476786423869700		
09:19:47	1787476787618400000,1787476787621922300		
09:19:48	1787476788824214500,1787476788827066600		
09:19:50	1787476790016297200	SIG#432 [2,0,0,1,0,0,2,0,0,1,0,0,2,0,0,1,0,1,2,0,0,1,0,1,0,0,0,1,0,1,0,0,0,1,0,1,0,0,1,1,0,1,0,0,1,1,0,1,0,0,1,1,0,1,0,0,1,1,0,1,0,0,1,1,0,1,0,0,1,1,0,1,0,0,1,1,0,1,0,0,1,1,0,1,0,0,1,0,0,1,0,0,1,0,0,1,0,0,1] pk=2	[09:19:50] ⚡ CPS CLUSTER  21cts/10s  n=21  CV_IAT=1.619 |   RF est P=C·d²/K  @0.5m: 5.3-525.0W  (mid=26.3W)  CPS/s=2.1
09:19:51	1787476791230283500,1787476791236043500		
09:19:52	1787476792664045800,1787476792672257000		
09:19:53	1787476793692426800,1787476793696276500		
09:19:55	1787476795167233000,1787476795168682800,1787476795169350000		
09:19:56	1787476796161531100,1787476796164618000,1787476796165627100		
09:19:58	1787476798418263300,1787476798420384000,1787476798421922000		
09:19:59	1787476799633536500,1787476799636182800,1787476799637642000		[09:19:59] ⚠ EMF FINGERPRINT  score=4/7  n=3pk/6fl |   χ²/μ=0.001  m=1.185  SWR=0.13  CV_R=0.067  PSCI=0.051  CV_Re=0.057
09:20:00	1787476800834788400,1787476800835963600	SIG#437 [1,0,2,0,0,0,1,0,2,1,0,0,1,0,2,1,0,0,1,0,2,1,0,0,1,0,2,1] pk=2	
09:20:02	1787476802028622000,1787476802033806600,1787476802046492700		
09:20:03	1787476803234280700,1787476803248733200		
09:20:04	1787476804678772500,1787476804684558000		
09:20:05	1787476805682077700,1787476805687756800,1787476805689538800		[Min 016  09:19:04]  CPM=00143  ✓ COMPLETE | [09:20:05] ⚡ CPS CLUSTER  26cts/10s  n=18  CV_IAT=1.417 |   RF est P=C·d²/K  @0.5m: 6.5-650.0W  (mid=32.5W)  CPS/s=2.6
09:20:07	1787476807179888000,1787476807187321900,1787476807188930600		
09:20:08	1787476808177220400,1787476808182891300,1787476808185699800		[09:20:08] ⚡ OOK BURST PATTERN  CPS=1  burst=1.3s  gap=3.0s  duty=0.31  cycles=3 |   f=0.231Hz (SLF)  T=4.3s  CV_run=0.354  CV_gap=0.272  RF≈1.3W@0.5m |   ON/OFF KEYING SIGNATURE  identical CPS=1 repeated 3x  structured pulsed source confirmed
09:20:10	1787476810426057500,1787476810428046000,1787476810428581600		
09:20:11	1787476811636827400,1787476811638771500	SIG#442 [2,0,1,0,0,0,2,0,1,1,0,0,2,0,1,1,0,0,2,0,1,1,0,0,2,0,1,1] pk=2	
09:20:12	1787476812828795100,1787476812837224200,1787476812845227800		
09:20:14	1787476814036008700,1787476814039805700		
09:20:15	1787476815250288400,1787476815252476000		
09:20:16	1787476816692752100,1787476816698725400		
09:20:17	1787476817701757200,1787476817707957200,1787476817714879000		
09:20:19	1787476819184884500,1787476819186672600,1787476819188534800		
09:20:20	1787476820173891000,1787476820177405200,1787476820181463300		
09:20:22	1787476822445172200,1787476822448902000		[09:20:22] ⚡ CPS CLUSTER  21cts/10s  n=18  CV_IAT=1.364 |   RF est P=C·d²/K  @0.5m: 5.3-525.0W  (mid=26.3W)  CPS/s=2.1
09:20:23	1787476823639216000,1787476823640934000,1787476823643879700		
09:20:24	1787476824845032200,1787476824856162300,1787476824857716500		
09:20:26	1787476826053638400,1787476826065476600,1787476826068564200,1787476826071712800		
09:20:27	1787476827256956000,1787476827258068700,1787476827259129000,1787476827260796000		
09:20:28	1787476828685941200,1787476828687072500,1787476828687931400,1787476828688761900		[09:20:28] 小刀 PAINTBRUSH BURST  4 consecutive ticks  total=4cts  avg=1.0CPS  RF~1.3W@0.5m  bars merge = dense burst
09:20:29	1787476829689116700,1787476829693454600,1787476829697245200,1787476829698280700,1787476829700535600		[09:20:29] ⚠⚠⚠ CPS UNIFORMITY LOCK  CPS=1 on 18/30s (60.0%)  zeros=11  highs=1  Poisson P<<0.001  CONTROLLED SOURCE CONFIRMED |   Natural Poisson: expected CPS=1 on ~9-13s  observed=18s  locked synthetic output indicated
09:20:31	1787476831179681000,1787476831181236200,1787476831183257300,1787476831185091000,1787476831189882000		[09:20:31] 🔒 CPS LOCK  CPS=1 x4+ consecutive  P(Poisson)<<0.001  RF≈1.3W@0.5m | [09:20:31] 🔒 CPS LOCK END  was CPS=1 x4  now CPS=0 | [09:20:31] ⚠⚠⚠ CONFIRMED ATTACK  CONSECUTIVE CPS CLUSTER  run=5s  total_counts=5  avg=1.00CPS/s  dr=0.1700  span=1.5s |   Poisson P(run≥5)<<0.001  NON-NATURAL SOURCE CONFIRMED  start=09:20:29
09:20:32	1787476832193247500,1787476832202210000,1787476832203258400,1787476832208193800,1787476832223172400		
09:20:34	1787476834448184800,1787476834453660200,1787476834460992000,1787476834462938600,1787476834463866600		[09:20:34] ⚠⚠⚠ POWER LEVEL LOCK  dr=0.1600 µSv/h  hits=390  avg_interval=2.5s (0.04min)  CV=5.203 |   Source returns to identical power level 390x  Natural decay cannot reproduce fixed amplitude  Controlled RF source confirmed | [09:20:34] ↑ STATE  LOW → ELEVATED  0.2000 µSv/h | [09:20:34] 🔄 PEAK RECURRENCE  dr=0.2000 µSv/h  seen 126x in log
09:20:35	1787476835643572700,1787476835645349400,1787476835646754600,1787476835647345000		[09:20:35] ↑ STATE  ELEVATED → LOW  0.1600 µSv/h | [09:20:35] ↑ STATE  LOW → ELEVATED  0.2000 µSv/h
09:20:36	1787476836856968700,1787476836861474000,1787476836864215600		[09:20:36] ↑ STATE  ELEVATED → LOW  0.1700 µSv/h | [09:20:36] ↑ STATE  LOW → ELEVATED  0.2000 µSv/h
09:20:38	1787476838053353000,1787476838055639600,1787476838056614700		[09:20:38] ⚡ CPS CLUSTER  32cts/10s  n=32  CV_IAT=1.934 |   RF est P=C·d²/K  @0.5m: 8.0-800.0W  (mid=40.0W)  CPS/s=3.2 | [09:20:38] ↑ STATE  ELEVATED → LOW  0.1700 µSv/h | [09:20:38] ⚠ EMF FINGERPRINT  score=4/7  n=4pk/3fl |   χ²/μ=0.001  m=1.156  SWR=0.15  CV_R=0.092  PSCI=0.060  CV_Re=0.051 | [09:20:38] ↑ STATE  LOW → ELEVATED  0.2000 µSv/h
09:20:39	1787476839267576800,1787476839270619600	SIG#447 [1,0,1,0,0,0,1,0,1,0,0,0,1,0,1,0,2,0,1,0,1,0,2,0,1,0,1,0,2,0,0,0,1,0,2,0,0,0,1,0,2,0,0,0,1,0,2,0,0,0,1,1,2,0,0,0,1,1,1,0,0,0,1,1,1,1,0,0,1,1,1,1,0,0,1,1,1,1,0,1,1,1,1,1,0,1,0,1,1,1,0,1,0,1,1,1,0,1,0,1,1,1,0,1,0,1,1,0,0,1,0,1,1,0,0,1,0,1,1] pk=2	[09:20:39] ↑ STATE  ELEVATED → LOW  0.1800 µSv/h | [09:20:39] ↑ STATE  LOW → ELEVATED  0.2000 µSv/h
09:20:40	1787476840693649400,1787476840695196000		[09:20:40] ↑ STATE  ELEVATED → LOW  0.1900 µSv/h | [09:20:40] ↑ STATE  LOW → ELEVATED  0.2000 µSv/h | [09:20:40] ↑ STATE  ELEVATED → LOW  0.1800 µSv/h
09:20:41	1787476841703403000		[09:20:41] ↑ STATE  LOW → ELEVATED  0.2000 µSv/h | [09:20:41] ↑ STATE  ELEVATED → LOW  0.1800 µSv/h
09:20:43			[09:20:43] ↑ STATE  LOW → ELEVATED  0.2000 µSv/h | [09:20:43] ↑ STATE  ELEVATED → LOW  0.1800 µSv/h
09:20:44			[09:20:44] ↑ STATE  LOW → ELEVATED  0.2000 µSv/h | [09:20:44] ↑ STATE  ELEVATED → LOW  0.1800 µSv/h
09:20:45			[09:20:45] ↑ STATE  LOW → ELEVATED  0.2000 µSv/h | [09:20:45] ↑ STATE  ELEVATED → LOW  0.1800 µSv/h
09:20:46	1787476846716542200		[09:20:46] ↑ STATE  LOW → ELEVATED  0.2000 µSv/h | [09:20:46] ↑ STATE  ELEVATED → LOW  0.1800 µSv/h
09:20:47	1787476847717180700,1787476847718784500		
09:20:49	1787476849211296300,1787476849212640000,1787476849214241500		
09:20:50	1787476850199419400,1787476850200908800,1787476850202276600,1787476850203658800		
09:20:52	1787476852466364400,1787476852467574800,1787476852468455400,1787476852469626000,1787476852470341400		[09:20:52] 小刀 PAINTBRUSH BURST  4 consecutive ticks  total=5cts  avg=1.3CPS  RF~1.6W@0.5m  bars merge = dense burst
09:20:53	1787476853665598200,1787476853666424800,1787476853667222300,1787476853667963000,1787476853668607000		[09:20:53] ⚡ OOK BURST PATTERN  CPS=1  burst=17.7s  gap=26.0s  duty=0.40  cycles=3 |   f=0.023Hz (ELF)  T=43.7s  CV_run=1.214  CV_gap=1.278  RF≈1.3W@0.5m |   ON/OFF KEYING SIGNATURE  identical CPS=1 repeated 3x  structured pulsed source confirmed | [09:20:53] ⚡ CPS CLUSTER  19cts/10s  n=15  CV_IAT=1.715 |   RF est P=C·d²/K  @0.5m: 4.8-475.0W  (mid=23.8W)  CPS/s=1.9 | [09:20:53] ⚠⚠⚠ CONFIRMED ATTACK  CONSECUTIVE CPS CLUSTER  run=5s  total_counts=6  avg=1.20CPS/s  dr=0.1500  span=1.2s |   Poisson P(run≥5)<<0.001  NON-NATURAL SOURCE CONFIRMED  start=09:20:52
09:20:54	1787476854859622400,1787476854860592600,1787476854861313300,1787476854861974000,1787476854862489000,1787476854863808500		
09:20:56	1787476856063391000,1787476856064549400,1787476856065429500,1787476856065986800,1787476856067594500		[09:20:56] ⚠ BURST PAIR  pairs=15  interval=67.4s  CV=1.964  spacings=[1.4,1.0,1.5,1.0,2.3,64.8,98.5,1.5,1.0,2.3,1.2,1.2,355.3,411.2]  span=944.1s |   f=0.015Hz  T=67.4s  pair_width=2s  CPS≥2  structured burst-pair source
09:20:57	1787476857273677300,1787476857275344000,1787476857276463600,1787476857279431700		
09:20:58	1787476858699152000,1787476858701130000,1787476858703977200		
09:20:59	1787476859701703400,1787476859706789600	SIG#453 [1,2,1,0,0,0,1,2,1,1,0,0,1,2,1,1,1,0,1,2,1,1,1,0,1,2,1,1,1,0,2,2,1,1,1,0,2,0,1,1,1,0,2,0,0,1,1,0,2,0,0,0,1,0,2] pk=2	
09:21:01	1787476861204795000		
09:21:02	1787476862208725000		
09:21:04			
09:21:05	1787476865663297000		[Min 017  09:20:04]  CPM=00154  ✓ COMPLETE
09:21:06	1787476866872883200		
09:21:08	1787476868069488000,1787476868071459600		[09:21:08] ⚠ EMF FINGERPRINT  score=4/7  n=3pk/2fl |   χ²/μ=0.001  m=1.173  SWR=0.15  CV_R=0.101  PSCI=0.085  CV_Re=0.040
09:21:09	1787476869285067300,1787476869294341400,1787476869297288000		[09:21:09] ⚡ CPS CLUSTER  11cts/10s  n=8  CV_IAT=0.898 |   RF est P=C·d²/K  @0.5m: 2.8-275.0W  (mid=13.8W)  CPS/s=1.1
09:21:10	1787476870708660200,1787476870711708000,1787476870712625000		
09:21:11	1787476871724729000,1787476871728961500,1787476871730006000		
09:21:13	1787476873203574800,1787476873207429000,1787476873208316400		
09:21:14	1787476874215250700,1787476874216173300	SIG#458 [1,0,1,0,0,0,1,0,1,1,0,0,1,0,1,1,0,0,1,0,1,1,0,0,1,0,1,1] pk=1	
09:21:15	1787476875700319000,1787476875702670000		
09:21:16	1787476876722864000		
09:21:17			
09:21:19			[09:21:19] ↓ STATE  LOW → FLAT  0.0900 µSv/h | [09:21:19] 🔄 FLOOR RECURRENCE  dr=0.0900 µSv/h  prior=09:18:17  interval=181.7s  (3.03min)
09:21:20			[09:21:20] ↑ STATE  FLAT → LOW  0.1400 µSv/h | [09:21:20] ↓ STATE  LOW → FLAT  0.0900 µSv/h
09:21:22			[09:21:22] ↑ STATE  FLAT → LOW  0.1300 µSv/h | [09:21:22] ↓ STATE  LOW → FLAT  0.0900 µSv/h
09:21:23			[09:21:23] ↑ STATE  FLAT → LOW  0.1200 µSv/h | [09:21:23] ↓ STATE  LOW → FLAT  0.0900 µSv/h
09:21:24			[09:21:24] ↑ STATE  FLAT → LOW  0.1100 µSv/h | [09:21:24] ↓ STATE  LOW → FLAT  0.0900 µSv/h
09:21:26	1787476886092197400		[09:21:26] ↑ STATE  FLAT → LOW  0.1000 µSv/h | [09:21:26] ↓ STATE  LOW → FLAT  0.0900 µSv/h
09:21:27	1787476887283193000		
09:21:28	1787476888480882200		[09:21:28] ⚡ STRUCTURED CLUSTER  6cts/10s  n=3  CV_IAT=0.003  non-Poisson |   RF est P=C·d²/K  @0.5m: 1.5-150.0W  (mid=7.5W)  CPS/s=0.6
09:21:29	1787476889681778200		
09:21:30	1787476890875411200		
09:21:32	1787476892086551300,1787476892089846300		
09:21:33	1787476893286278700,1787476893299688700		
09:21:34	1787476894743755000		
09:21:35	1787476895730686700		
09:21:37	1787476897236047000,1787476897244544300		
09:21:38	1787476898224726300,1787476898227531300		
09:21:39	1787476899728573000,1787476899731763700,1787476899736311300		[09:21:39] ⚡ OOK BURST PATTERN  CPS=2  burst=2.8s  gap=16.3s  duty=0.14  cycles=4 |   f=0.053Hz (ELF)  T=19.0s  CV_run=0.744  CV_gap=0.785  RF≈2.5W@0.5m |   ON/OFF KEYING SIGNATURE  identical CPS=2 repeated 4x  structured pulsed source confirmed
09:21:40	1787476900720102100,1787476900722187500,1787476900723461400		
09:21:41	1787476901742297600,1787476901744081000,1787476901745393400		[09:21:41] ⚠ EMF FINGERPRINT  score=4/7  n=2pk/2fl |   χ²/μ=0.001  m=1.231  SWR=0.13  CV_R=0.102  PSCI=0.000  CV_Re=0.077
09:21:43	1787476903219996000,1787476903223258600,1787476903225244400		[09:21:43] ↑ STATE  FLAT → LOW  0.1000 µSv/h | [09:21:43] ⚠⚠⚠ POWER LEVEL LOCK  dr=0.1000 µSv/h  hits=449  avg_interval=2.2s (0.04min)  CV=5.309 |   Source returns to identical power level 449x  Natural decay cannot reproduce fixed amplitude  Controlled RF source confirmed
09:21:44	1787476904223247600,1787476904226372600,1787476904228935200		[09:21:44] ⚡ CPS CLUSTER  22cts/10s  n=19  CV_IAT=1.153 |   RF est P=C·d²/K  @0.5m: 5.5-550.0W  (mid=27.5W)  CPS/s=2.2 | [09:21:44] ↓ STATE  LOW → FLAT  0.0600 µSv/h | [09:21:44] ↑ STATE  FLAT → LOW  0.1000 µSv/h
09:21:46	1787476906487185200,1787476906491864300	SIG#472 [1,0,0,0,1,0,1,0,0,0,1,0,1,0,0,0,1,0,1,0,0,0,1,0,1,2,0,0,1,0,1,2,0,0,1,0,1,2,0,0,1,0,1,2] pk=2	[09:21:46] ↓ STATE  LOW → FLAT  0.0700 µSv/h | [09:21:46] ↑ STATE  FLAT → LOW  0.1000 µSv/h
09:21:47	1787476907683392300,1787476907684466000		[09:21:47] ↓ STATE  LOW → FLAT  0.0700 µSv/h | [09:21:47] ↑ STATE  FLAT → LOW  0.1000 µSv/h
09:21:48	1787476908880830200		[09:21:48] ↓ STATE  LOW → FLAT  0.0800 µSv/h | [09:21:48] ↑ STATE  FLAT → LOW  0.1000 µSv/h
09:21:50			[09:21:50] ↓ STATE  LOW → FLAT  0.0900 µSv/h | [09:21:50] 🔄 FLOOR RECURRENCE  dr=0.0900 µSv/h  prior=09:21:48  interval=1.2s  (0.02min) | [09:21:50] ↑ STATE  FLAT → LOW  0.1000 µSv/h
09:21:51			
09:21:52			
09:21:53	1787476913745272800		
09:21:55	1787476915242982100,1787476915245418000		
09:21:56	1787476916236629500,1787476916239411000,1787476916244455200		
09:21:58	1787476918506721800,1787476918509066500,1787476918511369200		
09:21:59	1787476919703928300,1787476919706014000,1787476919708279000		[09:21:59] ⚡ CPS CLUSTER  9cts/10s  n=9  CV_IAT=1.392 |   RF est P=C·d²/K  @0.5m: 2.3-225.0W  (mid=11.3W)  CPS/s=0.9
09:22:00	1787476920891996400,1787476920893359000,1787476920894806800		
09:22:02	1787476922097890800,1787476922099221200,1787476922099906300	SIG#478 [1,1,1,0,0,0,1,1,1,0,0,0,1,1,1,0,0,0,1,1,1,0,0,0,1,1,1] pk=1	
09:22:03	1787476923306049300,1787476923309970000,1787476923323716900		
09:22:04	1787476924738750000,1787476924753274600,1787476924756354800		
09:22:05	1787476925760161000,1787476925766482000		[Min 018  09:21:04]  CPM=00094  ✓ COMPLETE
09:22:07	1787476927246289200,1787476927249556200		
09:22:08	1787476928239657500,1787476928245472800		
09:22:10	1787476930507205000,1787476930510652400		
09:22:11	1787476931703818200,1787476931704958500		
09:22:12	1787476932904228000		
09:22:14			
09:22:15			[09:22:15] ⚡ CPS CLUSTER  11cts/10s  n=11  CV_IAT=1.088 |   RF est P=C·d²/K  @0.5m: 2.8-275.0W  (mid=13.8W)  CPS/s=1.1
09:22:16	1787476936770715100		
09:22:17	1787476937764624600		
09:22:19	1787476939258374700		
09:22:20	1787476940250703000,1787476940257457700		
09:22:22	1787476942515793400,1787476942520662300		
09:22:23	1787476943705660400,1787476943707945500		
09:22:24	1787476944913969400,1787476944920541700,1787476944925072600		[09:22:24] ⚡ OOK BURST PATTERN  CPS=2  burst=1.3s  gap=12.0s  duty=0.09  cycles=4 |   f=0.075Hz (ELF)  T=13.3s  CV_run=0.346  CV_gap=1.253  RF≈2.5W@0.5m |   ON/OFF KEYING SIGNATURE  identical CPS=2 repeated 4x  structured pulsed source confirmed
09:22:26	1787476946105179400,1787476946107757800		
09:22:27	1787476947317811200,1787476947325847000		
09:22:28	1787476948744203800,1787476948750494700		
09:22:29	1787476949770151400,1787476949780332500	SIG#491 [2,0,0,2,0,0,2,0,0,2,0,0,2,0,0,2,0,0,2,0,0,2,0,0,1,0,0,2,0,0,1,0,0,2,0,0,1,0,0,2,0,0,1] pk=2	
09:22:31	1787476951245755600,1787476951257638400		[09:22:31] ⚡ CPS CLUSTER  24cts/10s  n=15  CV_IAT=1.151 |   RF est P=C·d²/K  @0.5m: 6.0-600.0W  (mid=30.0W)  CPS/s=2.4
09:22:32	1787476952239605000,1787476952250508800,1787476952255583700		
09:22:34	1787476954519415800,1787476954522304800,1787476954523735600		
09:22:35	1787476955715706600,1787476955717856300,1787476955718822100		
09:22:36	1787476956915867000,1787476956919027500,1787476956920840200		
09:22:38	1787476958108376800,1787476958110433300,1787476958111347200		
09:22:39	1787476959336636200,1787476959339410200,1787476959348333300	SIG#492 [1,0,0,0,1,0,1,0,0,0,1,0,1,0,0,0,1,0,1,0,0,0,1,0,1,2,0,0,1,0,1,2,0,0,1,0,1,2,0,0,1,0,1,2] pk=2	
09:22:40	1787476960754061800,1787476960759601200,1787476960771018200		
09:22:41	1787476961768752000,1787476961780440300,1787476961788914200		
09:22:43	1787476963273145900,1787476963279971300		[09:22:43] ⚠⚠⚠ POWER LEVEL LOCK  dr=0.1700 µSv/h  hits=359  avg_interval=3.1s (0.05min)  CV=5.157 |   Source returns to identical power level 359x  Natural decay cannot reproduce fixed amplitude  Controlled RF source confirmed
09:22:44	1787476964260691700,1787476964267814400,1787476964272299800		
09:22:46	1787476966527761700,1787476966533719000,1787476966538770400		[09:22:46] ⚡ CPS CLUSTER  28cts/10s  n=20  CV_IAT=1.475 |   RF est P=C·d²/K  @0.5m: 7.0-700.0W  (mid=35.0W)  CPS/s=2.8
09:22:47	1787476967713685800,1787476967715705000,1787476967716915000		
09:22:48	1787476968928153600,1787476968933489700		
09:22:50	1787476970123530000,1787476970125959700	SIG#493 [1,2,0,0,0,1,1,2,0,0,0,1,0,2,0,0,0,1,0,2,0,0,0,1,0,2,0,0,0,1,0,2,0,1,0,1,0,2,0,1,0,1,0,2,0,1,0,0,0,2,0,1,0,0,0,2,0,1] pk=2	
09:22:51	1787476971338284300		
09:22:52	1787476972764133600		
09:22:53	1787476973792973000		
09:22:55	1787476975279451600		
09:22:56	1787476976295929600		
09:22:58	1787476978533551400		
09:22:59	1787476979726062000		[09:22:59] ⚠⚠ EMF FINGERPRINT  score=5/7  n=6pk/3fl |   χ²/μ=0.000  m=1.213  SWR=0.14  CV_R=0.049  PSCI=0.000  CV_Re=0.080
09:23:00	1787476980928701700		
09:23:02	1787476982116707600		[09:23:02] ⚡ STRUCTURED CLUSTER  8cts/10s  n=8  CV_IAT=0.296  non-Poisson |   RF est P=C·d²/K  @0.5m: 2.0-200.0W  (mid=10.0W)  CPS/s=0.8
09:23:03			
09:23:04			[09:23:04] ↓ STATE  LOW → FLAT  0.0800 µSv/h | [09:23:04] 🔄 FLOOR RECURRENCE  dr=0.0800 µSv/h  prior=09:21:48  interval=75.9s  (1.26min)
09:23:05			[Min 019  09:22:04]  CPM=00109  ✓ COMPLETE | [09:23:05] ↑ STATE  FLAT → LOW  0.1400 µSv/h | [09:23:05] ↓ STATE  LOW → FLAT  0.0800 µSv/h
09:23:07	1787476987291376400		[09:23:07] ↑ STATE  FLAT → LOW  0.1300 µSv/h | [09:23:07] ↓ STATE  LOW → FLAT  0.0800 µSv/h
09:23:08	1787476988277062400		[09:23:08] ↑ STATE  FLAT → LOW  0.1200 µSv/h | [09:23:08] ↓ STATE  LOW → FLAT  0.0800 µSv/h
09:23:10	1787476990536290300		[09:23:10] ⚡ OOK BURST PATTERN  CPS=1  burst=1.3s  gap=2.7s  duty=0.33  cycles=3 |   f=0.250Hz (SLF)  T=4.0s  CV_run=0.354  CV_gap=0.177  RF≈1.3W@0.5m |   ON/OFF KEYING SIGNATURE  identical CPS=1 repeated 3x  structured pulsed source confirmed | [09:23:10] ↑ STATE  FLAT → LOW  0.1100 µSv/h | [09:23:10] ↓ STATE  LOW → FLAT  0.0800 µSv/h
09:23:11	1787476991730472200		[09:23:11] ↑ STATE  FLAT → LOW  0.1000 µSv/h | [09:23:11] ↓ STATE  LOW → FLAT  0.0800 µSv/h
09:23:12	1787476992928647400		
09:23:14	1787476994134632700		
09:23:15	1787476995331626000		
09:23:16			
09:23:17			[09:23:17] ⚡ STRUCTURED CLUSTER  6cts/10s  n=6  CV_IAT=0.301  non-Poisson |   RF est P=C·d²/K  @0.5m: 1.5-150.0W  (mid=7.5W)  CPS/s=0.6
09:23:19	1787476999293216000		
09:23:20	1787477000286852400		
09:23:22	1787477002553517300,1787477002558938600		[09:23:22] ↑ STATE  FLAT → LOW  0.1100 µSv/h
09:23:23	1787477003745940200,1787477003747429400		[09:23:23] ↓ STATE  LOW → FLAT  0.0600 µSv/h | [09:23:23] ↑ STATE  FLAT → LOW  0.1100 µSv/h
09:23:24	1787477004949174000,1787477004954427000		[09:23:24] ↓ STATE  LOW → FLAT  0.0700 µSv/h | [09:23:24] ↑ STATE  FLAT → LOW  0.1100 µSv/h
09:23:26	1787477006136915000,1787477006139145000,1787477006142402300		[09:23:26] ↓ STATE  LOW → FLAT  0.0700 µSv/h | [09:23:26] ↑ STATE  FLAT → LOW  0.1100 µSv/h
09:23:27	1787477007353990100,1787477007359657700,1787477007368806400		[09:23:27] ↓ STATE  LOW → FLAT  0.0800 µSv/h | [09:23:27] ↑ STATE  FLAT → LOW  0.1100 µSv/h
09:23:28	1787477008782575000,1787477008790963500		[09:23:28] ↓ STATE  LOW → FLAT  0.0900 µSv/h | [09:23:28] ↑ STATE  FLAT → LOW  0.1100 µSv/h
09:23:29	1787477009794064100,1787477009802605600		[09:23:29] ⚠⚠⚠ EMF FINGERPRINT  score=6/7  n=8pk/5fl |   χ²/μ=0.009  m=1.750  SWR=0.60  CV_R=0.312  PSCI=0.215  CV_Re=0.202
09:23:31	1787477011292821800	SIG#512 [1,0,1,0,0,0,1,0,1,0,0,0,1,0,1,0,0,0,1,0,1,0,0,1,1,0,1,0,0,1,0,0,1,0,0,1,0,0,1,0,0,1] pk=1	
09:23:32	1787477012288146000		
09:23:33	1787477013784036600		[09:23:33] ⚡ CPS CLUSTER  15cts/10s  n=15  CV_IAT=1.015 |   RF est P=C·d²/K  @0.5m: 3.8-375.0W  (mid=18.8W)  CPS/s=1.5
09:23:34	1787477014807712500		
09:23:35	1787477015807649000		
09:23:37	1787477017283793000,1787477017290207500		
09:23:38	1787477018292653600,1787477018297102000		
09:23:40	1787477020551447000,1787477020557264400		
09:23:41	1787477021744787700,1787477021746272000,1787477021748515800		
09:23:42	1787477022944009200,1787477022949517800,1787477022957716200		
09:23:44	1787477024154745000,1787477024157633000		[09:23:44] ⚠⚠⚠ POWER LEVEL LOCK  dr=0.1500 µSv/h  hits=576  avg_interval=2.0s (0.03min)  CV=4.688 |   Source returns to identical power level 576x  Natural decay cannot reproduce fixed amplitude  Controlled RF source confirmed
09:23:45	1787477025354395000,1787477025364452400		
09:23:46	1787477026790887400	SIG#518 [1,0,1,0,0,0,1,0,1,0,0,0,1,0,1,0,0,0,1,0,1,0,0,1,1,0,1,0,0,1,0,0,1,0,0,1,0,0,1,0,0,1] pk=1	
09:23:47	1787477027786465500,1787477027799922000		
09:23:48	1787477028804150000,1787477028817921800		[09:23:48] ⚡ CPS CLUSTER  16cts/10s  n=16  CV_IAT=1.070 |   RF est P=C·d²/K  @0.5m: 4.0-400.0W  (mid=20.0W)  CPS/s=1.6
09:23:50	1787477030295438800		
09:23:51	1787477031303648500		
09:23:53	1787477033549486800		
09:23:54	1787477034753165800		
09:23:55	1787477035951296800		[09:23:55] ⚡ OOK BURST PATTERN  CPS=1  burst=1.3s  gap=2.7s  duty=0.33  cycles=3 |   f=0.250Hz (SLF)  T=4.0s  CV_run=0.354  CV_gap=0.177  RF≈1.3W@0.5m |   ON/OFF KEYING SIGNATURE  identical CPS=1 repeated 3x  structured pulsed source confirmed
09:23:57			
09:23:58			
09:23:59			
09:24:00			
09:24:02			
09:24:03	1787477043299855600		
09:24:04	1787477044803772400		
09:24:05	1787477045816381400,1787477045820429300		[Min 020  09:23:04]  CPM=00058  ✓ COMPLETE | [09:24:05] ⚡ CPS CLUSTER  5cts/10s  n=5  CV_IAT=1.163 |   RF est P=C·d²/K  @0.5m: 1.3-125.0W  (mid=6.3W)  CPS/s=0.5
09:24:06	1787477046813293000,1787477046817318400		
09:24:08	1787477048309217800,1787477048312317000		
09:24:09	1787477049296812500,1787477049300717300		
09:24:11	1787477051553567000,1787477051558496000,1787477051569428700		
09:24:12	1787477052753009400,1787477052760487200,1787477052763044900		
09:24:13	1787477053964124000,1787477053973112800,1787477053975959300		
09:24:15	1787477055176112600,1787477055176862500	SIG#530 [1,0,1,0,0,0,1,0,1,0,0,0,1,0,1,0,0,0,1,0,1,0,0,0,1,0,1,0,0,0,1,0,1,0,0,0,1,1,1,0,0,0,1,1] pk=1	
09:24:16	1787477056370409200,1787477056374274800,1787477056381087200		
09:24:17	1787477057806973000,1787477057809372000,1787477057815606300,1787477057818454800		
09:24:18	1787477058803854600,1787477058808854300,1787477058816517600,1787477058819732200,1787477058824755700		[09:24:18] 小刀 PAINTBRUSH BURST  4 consecutive ticks  total=5cts  avg=1.3CPS  RF~1.6W@0.5m  bars merge = dense burst | [09:24:18] ⚠ BURST PAIR  pairs=16  interval=76.5s  CV=1.731  spacings=[1.4,1.0,1.5,1.0,2.3,64.8,98.5,1.5,1.0,2.3,1.2,1.2,355.3,411.2,202.8]  span=1146.9s |   f=0.013Hz  T=76.5s  pair_width=2s  CPS≥2  structured burst-pair source
09:24:20	1787477060303545000,1787477060310876000,1787477060313460500,1787477060315024400		
09:24:21	1787477061311132000,1787477061314967300,1787477061318356000		[09:24:21] ⚡ CPS CLUSTER  32cts/10s  n=27  CV_IAT=1.641 |   RF est P=C·d²/K  @0.5m: 8.0-800.0W  (mid=40.0W)  CPS/s=3.2
09:24:23	1787477063566263800,1787477063569060900,1787477063571403800,1787477063581033700		[09:24:23] ⚠⚠ EMF FINGERPRINT  score=5/7  n=5pk/2fl |   χ²/μ=0.002  m=1.270  SWR=0.24  CV_R=0.126  PSCI=0.127  CV_Re=0.043
09:24:24	1787477064764094700,1787477064767646200,1787477064770450000,1787477064779589400		[09:24:24] ↑ STATE  LOW → ELEVATED  0.2000 µSv/h | [09:24:24] 🔄 PEAK RECURRENCE  dr=0.2000 µSv/h  seen 161x in log
09:24:25	1787477065953472000,1787477065954864000,1787477065957686300		[09:24:25] ↑ STATE  ELEVATED → LOW  0.1500 µSv/h | [09:24:25] ↑ STATE  LOW → ELEVATED  0.2000 µSv/h
09:24:27	1787477067164334800,1787477067175698200		[09:24:27] ↑ STATE  ELEVATED → LOW  0.1500 µSv/h | [09:24:27] ↑ STATE  LOW → ELEVATED  0.2000 µSv/h
09:24:28	1787477068365605000,1787477068368310000	SIG#532 [1,1,0,0,1,0,1,1,0,0,1,2,1,1,0,0,1,2,2,1,0,0,1,2,2,0,0,0,1,2,2,0,0,0,1,2,2,0,0,1,1,2,2,0,0,1,0,2,2,0,0,1,0,0,2,0,0,1] pk=2	[09:24:28] ↑ STATE  ELEVATED → LOW  0.1600 µSv/h | [09:24:28] ↑ STATE  LOW → ELEVATED  0.2000 µSv/h
09:24:29	1787477069818584000,1787477069833684500		[09:24:29] ⚡ BEAT INTERFERENCE CONFIRMED |   y = A1·sin(2πf₁t) + A2·sin(2πf₂t) |   A1=0.2400µSv/h  A2=0.1200µSv/h  A2/A1=0.500  floor/peak=0.500 |   f_beat=|f₁-f₂|=0.01723Hz  T_beat=58.0s  band=ELF |   RF P≈C·d²/K: carrier1≈0.07W  carrier2≈0.02W  @d=0.5m (K=0.2) |   TWO-SOURCE INTERFERENCE  dominant=0.2400µSv/h  secondary=0.1200µSv/h  freq-sep≈0.01723Hz  CV_env=0.179 | [09:24:29] ↑ STATE  ELEVATED → LOW  0.1700 µSv/h | [09:24:29] ↑ STATE  LOW → ELEVATED  0.2000 µSv/h
09:24:30	1787477070794018600,1787477070805380900		[09:24:30] ↑ STATE  ELEVATED → LOW  0.1800 µSv/h | [09:24:30] ↑ STATE  LOW → ELEVATED  0.2000 µSv/h
09:24:32	1787477072312612900	SIG#533 [1,0,0,0,1,0,1,0,0,0,1,0,1,0,0,0,1] pk=1	
09:24:33	1787477073320397300		[09:24:33] ↑ STATE  ELEVATED → LOW  0.1900 µSv/h
09:24:35	1787477075567421400,1787477075580669200		[09:24:35] ↑ STATE  LOW → ELEVATED  0.2000 µSv/h | [09:24:35] ↑ STATE  ELEVATED → LOW  0.1900 µSv/h
09:24:36	1787477076763928300,1787477076767608600		[09:24:36] ⚡ CPS CLUSTER  14cts/10s  n=13  CV_IAT=0.920 |   RF est P=C·d²/K  @0.5m: 3.5-350.0W  (mid=17.5W)  CPS/s=1.4 | [09:24:36] ↑ STATE  LOW → ELEVATED  0.2100 µSv/h | [09:24:36] ↑ STATE  ELEVATED → LOW  0.1900 µSv/h
09:24:37	1787477077986318600,1787477077991904500		[09:24:37] ↑ STATE  LOW → ELEVATED  0.2100 µSv/h | [09:24:37] ↑ STATE  ELEVATED → LOW  0.1900 µSv/h
09:24:39	1787477079171147000,1787477079173003300		[09:24:39] ↑ STATE  LOW → ELEVATED  0.2100 µSv/h | [09:24:39] ↑ STATE  ELEVATED → LOW  0.1900 µSv/h
09:24:40	1787477080370763500,1787477080376462300		[09:24:40] ↑ STATE  LOW → ELEVATED  0.2000 µSv/h | [09:24:40] ↑ STATE  ELEVATED → LOW  0.1900 µSv/h
09:24:41	1787477081807352600,1787477081812739800		[09:24:41] ⚡ OOK BURST PATTERN  CPS=2  burst=1.8s  gap=2.0s  duty=0.47  cycles=4 |   f=0.267Hz (SLF)  T=3.8s  CV_run=0.247  CV_gap=0.000  RF≈2.5W@0.5m |   ON/OFF KEYING SIGNATURE  identical CPS=2 repeated 4x  structured pulsed source confirmed
09:24:42	1787477082824030200,1787477082830855200	SIG#539 [1,0,1,0,0,0,1,0,1,0,0,0,1,0,1,0,0,0,1,0,1,0,0,0,1,0,1] pk=1	
09:24:44	1787477084309132500		[09:24:44] ⚠⚠⚠ POWER LEVEL LOCK  dr=0.1700 µSv/h  hits=390  avg_interval=3.1s (0.05min)  CV=5.001 |   Source returns to identical power level 390x  Natural decay cannot reproduce fixed amplitude  Controlled RF source confirmed
09:24:45	1787477085303874800		
09:24:47			
09:24:48			[09:24:48] ↓ STATE  LOW → FLAT  0.0900 µSv/h | [09:24:48] 🔄 FLOOR RECURRENCE  dr=0.0900 µSv/h  prior=09:23:28  interval=80.0s  (1.33min)
09:24:49			[09:24:49] ↑ STATE  FLAT → LOW  0.1400 µSv/h | [09:24:49] ↓ STATE  LOW → FLAT  0.0900 µSv/h
09:24:51	1787477091200567300		[09:24:51] ↑ STATE  FLAT → LOW  0.1400 µSv/h | [09:24:51] ↓ STATE  LOW → FLAT  0.0900 µSv/h
09:24:52	1787477092389052700		[09:24:52] ⚡ CPS CLUSTER  5cts/10s  n=5  CV_IAT=1.079 |   RF est P=C·d²/K  @0.5m: 1.3-125.0W  (mid=6.3W)  CPS/s=0.5 | [09:24:52] ↑ STATE  FLAT → LOW  0.1200 µSv/h | [09:24:52] ↓ STATE  LOW → FLAT  0.0900 µSv/h
09:24:53	1787477093817947000		[09:24:53] ↑ STATE  FLAT → LOW  0.1100 µSv/h | [09:24:53] ⚠⚠⚠ EMF FINGERPRINT  score=6/7  n=6pk/6fl |   χ²/μ=0.006  m=1.438  SWR=0.39  CV_R=0.215  PSCI=0.129  CV_Re=0.185 | [09:24:53] ↓ STATE  LOW → FLAT  0.0900 µSv/h
09:24:54	1787477094816113000		[09:24:54] ↑ STATE  FLAT → LOW  0.1000 µSv/h | [09:24:54] ↓ STATE  LOW → FLAT  0.0900 µSv/h
09:24:56	1787477096320532200		
09:24:57	1787477097316077800,1787477097325717000		
09:24:59	1787477099564049700,1787477099576072200		
09:25:00	1787477100766926000		
09:25:01	1787477101977782000		
09:25:03	1787477103185600000,1787477103188407300		
09:25:04	1787477104368488400,1787477104379079700		
09:25:05	1787477105824039000,1787477105836134400,1787477105841972700		[Min 021  09:24:04]  CPM=00105  ✓ COMPLETE
09:25:06	1787477106820852500,1787477106826320100		
09:25:08	1787477108319747000,1787477108326850300		[09:25:08] ⚡ CPS CLUSTER  13cts/10s  n=13  CV_IAT=0.999 |   RF est P=C·d²/K  @0.5m: 3.3-325.0W  (mid=16.3W)  CPS/s=1.3
09:25:09	1787477109308331300,1787477109313595100,1787477109320698600		
09:25:11	1787477111574459100,1787477111582040600,1787477111590766300		
09:25:12	1787477112775516400,1787477112778383000,1787477112780159200		[09:25:12] ↑ STATE  FLAT → LOW  0.1000 µSv/h
09:25:13	1787477113964091000,1787477113971547000,1787477113976534000		[09:25:13] ↓ STATE  LOW → FLAT  0.0800 µSv/h | [09:25:13] ↑ STATE  FLAT → LOW  0.1000 µSv/h
09:25:15	1787477115174635000,1787477115175997400		[09:25:15] ↓ STATE  LOW → FLAT  0.0800 µSv/h | [09:25:15] ↑ STATE  FLAT → LOW  0.1000 µSv/h
09:25:16	1787477116376899800,1787477116383224000,1787477116390036500		[09:25:16] ↓ STATE  LOW → FLAT  0.0800 µSv/h | [09:25:16] ↑ STATE  FLAT → LOW  0.1000 µSv/h
09:25:17	1787477117824040200,1787477117830092800,1787477117838298000,1787477117840547600		[09:25:17] ↓ STATE  LOW → FLAT  0.0800 µSv/h | [09:25:17] ↑ STATE  FLAT → LOW  0.1000 µSv/h
09:25:18	1787477118828940300,1787477118836412000,1787477118838880300,1787477118842093000		[09:25:18] ↓ STATE  LOW → FLAT  0.0900 µSv/h | [09:25:18] 🔄 FLOOR RECURRENCE  dr=0.0900 µSv/h  prior=09:25:17  interval=1.0s  (0.02min) | [09:25:18] ↑ STATE  FLAT → LOW  0.1000 µSv/h
09:25:20	1787477120314084600,1787477120320803000,1787477120322725000,1787477120326118100		[09:25:20] 小刀 PAINTBRUSH BURST  4 consecutive ticks  total=4cts  avg=1.0CPS  RF~1.3W@0.5m  bars merge = dense burst
09:25:21	1787477121330243300,1787477121332555000,1787477121336119600,1787477121340822000		
09:25:23	1787477123589881900,1787477123594486300,1787477123598944000,1787477123609026800		[09:25:23] ⚡ CPS CLUSTER  24cts/10s  n=24  CV_IAT=1.685 |   RF est P=C·d²/K  @0.5m: 6.0-600.0W  (mid=30.0W)  CPS/s=2.4 | [09:25:23] ⚠⚠⚠ CPS UNIFORMITY LOCK  CPS=1 on 18/30s (60.0%)  zeros=12  highs=0  Poisson P<<0.001  CONTROLLED SOURCE CONFIRMED |   Natural Poisson: expected CPS=1 on ~9-13s  observed=18s  locked synthetic output indicated
09:25:24	1787477124783545300,1787477124784612600,1787477124785310500,1787477124786549500,1787477124788025600		[09:25:24] ⚠⚠ EMF FINGERPRINT  score=5/7  n=4pk/2fl |   χ²/μ=0.001  m=1.353  SWR=0.25  CV_R=0.122  PSCI=0.097  CV_Re=0.059
09:25:25	1787477125983815700,1787477125989259800,1787477125995448300		
09:25:26	1787477126001346300		
09:25:27	1787477127178901000,1787477127185900800,1787477127190544400		[09:25:27] ⚡ OOK BURST PATTERN  CPS=1  burst=30.7s  gap=73.3s  duty=0.29  cycles=3 |   f=0.010Hz (ULF)  T=104.0s  CV_run=1.322  CV_gap=1.376  RF≈1.3W@0.5m |   ON/OFF KEYING SIGNATURE  identical CPS=1 repeated 3x  structured pulsed source confirmed
09:25:28	1787477128383811800,1787477128385334000		[09:25:28] ⚠ EQUAL BURST SPACING  n=4  CPS≥2  interval=1.2s  CV=0.009  spacings=[1.2,1.2,1.2]  span=3.6s |   ⚠⚠ HIGHLY PERIODIC  f=0.834Hz  T=1.2s  total_counts=4
09:25:29	1787477129823819500,1787477129828053000	SIG#552 [1,0,0,0,1,0,1,0,0,0,1,0,1,0,0,0,1,0,1,0,0,0,1,0,1,0,0,0,1,0,1,0,0,0,1,0,1,0,0,1,1,0,1,0,0,1,0,0,1,0,0,1,0,1,1,0,0,1,0,1,0,0,0,1,0,1,0,0,0,1,0,1,0,0,1,1,0,1,0,0,1,1,0,1,0,0,1,1,1,1,0,0,1,1,1,0,0,0,1,1,1,0,1,0,1,1,1,0,1,0,1,1,1,0,1,0,2,1,1,0,1,0,2,0,1,0,1,0,2,0,0,0,1,0,2,0,0,0,1,0,2] pk=2	[09:25:29] ⚡ BEAT INTERFERENCE CONFIRMED |   y = A1·sin(2πf₁t) + A2·sin(2πf₂t) |   A1=0.2100µSv/h  A2=0.1300µSv/h  A2/A1=0.619  floor/peak=0.619 |   f_beat=|f₁-f₂|=0.31662Hz  T_beat=3.2s  band=SLF |   RF P≈C·d²/K: carrier1≈0.06W  carrier2≈0.02W  @d=0.5m (K=0.2) |   TWO-SOURCE INTERFERENCE  dominant=0.2100µSv/h  secondary=0.1300µSv/h  freq-sep≈0.31662Hz  CV_env=0.173
09:25:30	1787477130828396000		
09:25:32	1787477132319904500,1787477132337099500		
09:25:33	1787477133332242000,1787477133335139600		
09:25:35	1787477135577070600,1787477135577923800		
09:25:36	1787477136786326800,1787477136787351300,1787477136788951000		
09:25:37	1787477137980163600,1787477137984321800,1787477137990181400		
09:25:39	1787477139185087500,1787477139186037000,1787477139187503600		[09:25:39] ⚡ CPS CLUSTER  22cts/10s  n=15  CV_IAT=1.243 |   RF est P=C·d²/K  @0.5m: 5.5-550.0W  (mid=27.5W)  CPS/s=2.2
09:25:40	1787477140384286200,1787477140388264000,1787477140393470200		
09:25:41	1787477141819111700,1787477141826304000	SIG#558 [1,2,0,1,0,0,1,2,0,1,0,0,1,2,0,1,0,0,1,2,0,1,0,0,0,2,0,1] pk=2	
09:25:42	1787477142836524000		
09:25:44	1787477144324039000		[09:25:44] ⚠⚠⚠ POWER LEVEL LOCK  dr=0.1700 µSv/h  hits=420  avg_interval=3.0s (0.05min)  CV=5.009 |   Source returns to identical power level 420x  Natural decay cannot reproduce fixed amplitude  Controlled RF source confirmed
09:25:45			
09:25:47	1787477147601212000		
09:25:48	1787477148799233800		
09:25:49	1787477149991375000,1787477149996375300		
09:25:51	1787477151206484700,1787477151207774200		
09:25:52	1787477152399062800,1787477152403810800,1787477152409413400		
09:25:53	1787477153836332000,1787477153839835000,1787477153845397000,1787477153846867000		
09:25:54	1787477154833927000,1787477154839345700,1787477154846013700,1787477154849341200		[09:25:54] ⚡ CPS CLUSTER  21cts/10s  n=14  CV_IAT=1.084 |   RF est P=C·d²/K  @0.5m: 5.3-525.0W  (mid=26.3W)  CPS/s=2.1
09:25:56	1787477156328591600,1787477156336909000,1787477156339277800		
09:25:57	1787477157324214500,1787477157329163000,1787477157331857400		
09:25:59	1787477159586552000,1787477159588630300,1787477159596226800	SIG#563 [2,0,1,0,0,0,2,0,1,0,0,0,2,0,1,0,1,0,2,0,1,0,1,1,2,0,1,0,1,1,0,0,1,0,1,1,0,0,1,0,1,1] pk=2	
09:26:00	1787477160780194000,1787477160781176300,1787477160783867400		
09:26:01	1787477161992577500		
09:26:02	1787477162001828000		
09:26:03	1787477163195943700,1787477163197858000	SIG#564 [1,1,0,0,0,1,1,1,0,0,0,1,0,1,0,0,0,1] pk=1	
09:26:04	1787477164393654800,1787477164395694600		
09:26:05	1787477165838859300,1787477165846043100		[Min 022  09:25:04]  CPM=00138  ✓ COMPLETE
09:26:06	1787477166843202800,1787477166850089200		
09:26:07	1787477167848110300	SIG#565 [1,0,0,1,0,0,1,0,0,1,0,0,1,0,0,1,0,0,1,0,0,1] pk=1	
09:26:09	1787477169347923200		
09:26:10	1787477170333746700		[09:26:10] ⚡ CPS CLUSTER  16cts/10s  n=16  CV_IAT=0.953 |   RF est P=C·d²/K  @0.5m: 4.0-400.0W  (mid=20.0W)  CPS/s=1.6
09:26:12			[09:26:12] ⚡ OOK BURST PATTERN  CPS=1  burst=2.0s  gap=2.0s  duty=0.50  cycles=3 |   f=0.250Hz (SLF)  T=4.0s  CV_run=0.408  CV_gap=0.408  RF≈1.3W@0.5m |   ON/OFF KEYING SIGNATURE  identical CPS=1 repeated 3x  structured pulsed source confirmed
09:26:13			
09:26:15			
09:26:16	1787477176199221500		[09:26:16] ⚠ EMF FINGERPRINT  score=4/7  n=2pk/5fl |   χ²/μ=0.001  m=1.250  SWR=0.19  CV_R=0.069  PSCI=0.000  CV_Re=0.110
09:26:17	1787477177389918000		
09:26:18	1787477178857698600,1787477178862816800		[09:26:18] ↓ STATE  LOW → FLAT  0.0900 µSv/h | [09:26:18] 🔄 FLOOR RECURRENCE  dr=0.0900 µSv/h  prior=09:25:18  interval=60.0s  (1.00min)
09:26:19	1787477179859199200,1787477179865359600		[09:26:19] ↑ STATE  FLAT → LOW  0.1400 µSv/h | [09:26:19] ↓ STATE  LOW → FLAT  0.0900 µSv/h
09:26:21	1787477181339300900,1787477181345352000,1787477181350419200		[09:26:21] ↑ STATE  FLAT → LOW  0.1300 µSv/h | [09:26:21] ↓ STATE  LOW → FLAT  0.0900 µSv/h
09:26:22	1787477182337193200,1787477182343511300,1787477182349522200,1787477182352528000		[09:26:22] ↑ STATE  FLAT → LOW  0.1100 µSv/h | [09:26:22] ↓ STATE  LOW → FLAT  0.0900 µSv/h
09:26:24	1787477184593723100,1787477184601365800,1787477184605257000,1787477184606778400		[09:26:24] ↑ STATE  FLAT → LOW  0.1100 µSv/h | [09:26:24] ↓ STATE  LOW → FLAT  0.0900 µSv/h | [09:26:24] ↑ STATE  FLAT → LOW  0.1000 µSv/h
09:26:25	1787477185804458200,1787477185805721600,1787477185806539500		[09:26:25] ⚡ CPS CLUSTER  27cts/10s  n=17  CV_IAT=1.372 |   RF est P=C·d²/K  @0.5m: 6.8-675.0W  (mid=33.8W)  CPS/s=2.7 | [09:26:25] ↓ STATE  LOW → FLAT  0.0900 µSv/h | [09:26:25] ↑ STATE  FLAT → LOW  0.1000 µSv/h
09:26:26	1787477186999598000		[09:26:26] ↓ STATE  LOW → FLAT  0.0900 µSv/h
09:26:27	1787477187004355000,1787477187007697700		[09:26:27] ↑ STATE  FLAT → LOW  0.1000 µSv/h
09:26:28	1787477188204829700,1787477188206074600	SIG#571 [2,0,1,0,0,0,2,0,1,0,0,0,2,0,1,0,2,0,2,0,1,0,2,1,2,0,1,0,2,1,0,0,1,0,2,1,0,0,1,0,2,1] pk=2	[09:26:28] ↓ STATE  LOW → FLAT  0.0900 µSv/h | [09:26:28] ↑ STATE  FLAT → LOW  0.1000 µSv/h
09:26:29	1787477189394453500,1787477189398436600		[09:26:29] ↓ STATE  LOW → FLAT  0.0900 µSv/h | [09:26:29] ↑ STATE  FLAT → LOW  0.1000 µSv/h
09:26:30	1787477190833739000		[09:26:30] ↓ STATE  LOW → FLAT  0.0900 µSv/h | [09:26:30] ↑ STATE  FLAT → LOW  0.1000 µSv/h
09:26:31	1787477191862030300		
09:26:33	1787477193342396200,1787477193343328800		
09:26:34	1787477194348429300,1787477194351450000		
09:26:36	1787477196603803000,1787477196604839200,1787477196608043500		[09:26:36] ⚡ BEAT INTERFERENCE CONFIRMED |   y = A1·sin(2πf₁t) + A2·sin(2πf₂t) |   A1=0.1700µSv/h  A2=0.1300µSv/h  A2/A1=0.765  floor/peak=0.765 |   f_beat=|f₁-f₂|=0.26909Hz  T_beat=3.7s  band=SLF |   RF P≈C·d²/K: carrier1≈0.04W  carrier2≈0.02W  @d=0.5m (K=0.2) |   TWO-SOURCE INTERFERENCE  dominant=0.1700µSv/h  secondary=0.1300µSv/h  freq-sep≈0.26909Hz  CV_env=0.096
09:26:37	1787477197795105000,1787477197795589400,1787477197797031400		
09:26:38	1787477198997893600		
09:26:39	1787477199000116700,1787477199007408400		
09:26:40	1787477200211475500,1787477200215965200,1787477200222567000		
09:26:41	1787477201403517000,1787477201405592600	SIG#578 [1,1,0,1,0,0,1,1,0,1,0,0,1,1,0,1,0,0,1,1,0,1,0,0,0,1,0,1] pk=1	[09:26:41] ⚡ CPS CLUSTER  18cts/10s  n=18  CV_IAT=1.268 |   RF est P=C·d²/K  @0.5m: 4.5-450.0W  (mid=22.5W)  CPS/s=1.8
09:26:42	1787477202837766100		
09:26:43	1787477203844473000		
09:26:44			[09:26:44] ⚠⚠⚠ POWER LEVEL LOCK  dr=0.1400 µSv/h  hits=740  avg_interval=1.8s (0.03min)  CV=3.992 |   Source returns to identical power level 740x  Natural decay cannot reproduce fixed amplitude  Controlled RF source confirmed
09:26:46			
09:26:47			
09:26:49			[09:26:49] ⚠ EMF FINGERPRINT  score=4/7  n=2pk/3fl |   χ²/μ=0.001  m=1.273  SWR=0.15  CV_R=0.077  PSCI=0.000  CV_Re=0.074 | [09:26:49] ↓ STATE  LOW → FLAT  0.0900 µSv/h | [09:26:49] 🔄 FLOOR RECURRENCE  dr=0.0900 µSv/h  prior=09:26:30  interval=18.8s  (0.31min)
09:26:50			[09:26:50] ↑ STATE  FLAT → LOW  0.1300 µSv/h | [09:26:50] ↓ STATE  LOW → FLAT  0.0900 µSv/h
09:26:52			[09:26:52] ↑ STATE  FLAT → LOW  0.1300 µSv/h | [09:26:52] ↓ STATE  LOW → FLAT  0.0900 µSv/h
09:26:53	1787477213219857700		[09:26:53] ↑ STATE  FLAT → LOW  0.1100 µSv/h | [09:26:53] ↓ STATE  LOW → FLAT  0.0900 µSv/h | [09:26:53] ↑ STATE  FLAT → LOW  0.1000 µSv/h
09:26:54	1787477214426929200		[09:26:54] ↓ STATE  LOW → FLAT  0.0900 µSv/h | [09:26:54] ↑ STATE  FLAT → LOW  0.1000 µSv/h
09:26:55	1787477215858896100		[09:26:55] ↓ STATE  LOW → FLAT  0.0900 µSv/h | [09:26:55] ↑ STATE  FLAT → LOW  0.1000 µSv/h
09:26:56	1787477216863320000		[09:26:56] ↓ STATE  LOW → FLAT  0.0900 µSv/h | [09:26:56] ↑ STATE  FLAT → LOW  0.1000 µSv/h
09:26:58	1787477218359421200,1787477218367965400		[09:26:58] ⚡ OOK BURST PATTERN  CPS=1  burst=1.4s  gap=3.0s  duty=0.32  cycles=5 |   f=0.227Hz (SLF)  T=4.4s  CV_run=0.350  CV_gap=0.365  RF≈1.3W@0.5m |   ON/OFF KEYING SIGNATURE  identical CPS=1 repeated 5x  structured pulsed source confirmed | [09:26:58] ↓ STATE  LOW → FLAT  0.0900 µSv/h | [09:26:58] ⚡ STRUCTURED CLUSTER  5cts/10s  n=5  CV_IAT=0.151  non-Poisson |   RF est P=C·d²/K  @0.5m: 1.3-125.0W  (mid=6.3W)  CPS/s=0.5 | [09:26:58] ↑ STATE  FLAT → LOW  0.1000 µSv/h
09:26:59	1787477219360919300,1787477219378470400,1787477219380296200		[09:26:59] ↓ STATE  LOW → FLAT  0.0900 µSv/h | [09:26:59] ↑ STATE  FLAT → LOW  0.1000 µSv/h
09:27:01	1787477221603877600,1787477221609873700,1787477221610777600		
09:27:02	1787477222806310100,1787477222806822000	SIG#585 [1,0,0,0,1,0,1,0,0,0,1,1,1,0,0,0,1,1] pk=1	
09:27:04	1787477224006238000,1787477224006910700		
09:27:05	1787477225224453600,1787477225225180200,1787477225227694800		[Min 023  09:26:04]  CPM=00086  ✓ COMPLETE
09:27:06	1787477226414272000,1787477226417724700,1787477226428644900,1787477226431678500		
09:27:07	1787477227841284900,1787477227852772600,1787477227855523000		
09:27:08	1787477228863461400,1787477228865973500	SIG#588 [1,1,0,0,0,1,1,1,0,0,0,1,1,1,0,0,0,1,1] pk=1	
09:27:10	1787477230350730200,1787477230354175000,1787477230362900500		
09:27:11	1787477231347703000,1787477231350620000,1787477231359204000		
09:27:13	1787477233603547400,1787477233606431500,1787477233609455600		[09:27:13] ⚡ CPS CLUSTER  21cts/10s  n=21  CV_IAT=1.436 |   RF est P=C·d²/K  @0.5m: 5.3-525.0W  (mid=26.3W)  CPS/s=2.1
09:27:14	1787477234808476000,1787477234811615000,1787477234814709000		
09:27:16	1787477236017653000,1787477236022669000		
09:27:17	1787477237223560700,1787477237225828000,1787477237227851000		
09:27:18	1787477238403818800,1787477238405978000,1787477238407655000		
09:27:19	1787477239852863500,1787477239854433300		
09:27:20	1787477240857523500,1787477240864292900		