17:33:51	1787506431130264300,1787506431131791600		[17:33:51] ↑ STATE  FLAT → LOW  0.1800 µSv/h | [17:33:51] ↑ STATE  LOW → ELEVATED  0.2000 µSv/h | [17:33:51] 🔄 PEAK RECURRENCE  dr=0.2000 µSv/h  seen 1x in log | [17:33:51] ⚠⚠⚠ POWER LEVEL LOCK  dr=0.2000 µSv/h  hits=3  avg_interval=0.0s (0.00min)  CV=0.193  FIXED OUTPUT CONFIRMED |   Source returns to identical power level 3x  Natural decay cannot reproduce fixed amplitude  Controlled RF source confirmed | [17:33:51] ↑ STATE  ELEVATED → LOW  0.1900 µSv/h
17:33:52	1787506432322697500		[17:33:52] ⚡ CPS CLUSTER  5cts/10s  n=3  CV_IAT=0.997 |   RF est P=C·d²/K  @0.5m: 1.3-125.0W  (mid=6.3W)  CPS/s=0.5 | [17:33:52] ↑ STATE  LOW → ELEVATED  0.2000 µSv/h | [17:33:52] ↑ STATE  ELEVATED → LOW  0.1900 µSv/h
17:33:53			[17:33:53] ↑ STATE  LOW → ELEVATED  0.2000 µSv/h | [17:33:53] ↑ STATE  ELEVATED → LOW  0.1900 µSv/h
17:33:54	1787506434743319800		[17:33:54] ↑ STATE  LOW → ELEVATED  0.2000 µSv/h | [17:33:54] ↑ STATE  ELEVATED → LOW  0.1900 µSv/h
17:33:55	1787506435942914300,1787506435944476200		[17:33:55] ↑ STATE  LOW → ELEVATED  0.2000 µSv/h | [17:33:55] ↑ STATE  ELEVATED → LOW  0.1900 µSv/h
17:33:57	1787506437388398600,1787506437389180400		[17:33:57] ↑ STATE  LOW → ELEVATED  0.2000 µSv/h | [17:33:57] ↑ STATE  ELEVATED → LOW  0.1900 µSv/h
17:33:58	1787506438401311500,1787506438402238200		[17:33:58] ⚠⚠ EMF FINGERPRINT  score=5/7  n=2pk/6fl |   χ²/μ=0.002  m=1.245  SWR=0.19  CV_R=0.109  PSCI=0.026  CV_Re=0.120
17:33:59	1787506439877589200,1787506439879662600		[17:33:59] ⚡ BEAT INTERFERENCE CONFIRMED |   y = A1·sin(2πf₁t) + A2·sin(2πf₂t) |   A1=0.2000µSv/h  A2=0.1800µSv/h  A2/A1=0.900  floor/peak=0.900 |   f_beat=|f₁-f₂|=0.92655Hz  T_beat=1.1s  band=SLF |   RF P≈C·d²/K: carrier1≈0.05W  carrier2≈0.04W  @d=0.5m (K=0.2) |   TWO-SOURCE INTERFERENCE  dominant=0.2000µSv/h  secondary=0.1800µSv/h  freq-sep≈0.92655Hz  CV_env=0.035 | [17:33:59] ⚡ OOK BURST PATTERN  CPS=1  burst=1.0s  gap=4.0s  duty=0.20  cycles=3 |   f=0.200Hz (SLF)  T=5.0s  CV_run=0.000  CV_gap=0.000  RF≈1.3W@0.5m |   ON/OFF KEYING SIGNATURE  identical CPS=1 repeated 3x  structured pulsed source confirmed
17:34:00	1787506440879917000,1787506440881206800,1787506440884449300		
17:34:03	1787506443142723300,1787506443144160300,1787506443147499000		
17:34:04	1787506444133353200,1787506444139498000		
17:34:05	1787506445325261800	SIG#8 [2,1,0,0,0,1,2,1,0,0,0,1,0,1,0,0,0,1] pk=2	
17:34:06	1787506446527739000,1787506446530954000		
17:34:07	1787506447721249800,1787506447724742000		[17:34:07] ⚡ CPS CLUSTER  19cts/10s  n=15  CV_IAT=1.250 |   RF est P=C·d²/K  @0.5m: 4.8-475.0W  (mid=23.8W)  CPS/s=1.9
17:34:08	1787506448933168000,1787506448938305800		
17:34:10	1787506450386046700,1787506450388552000	SIG#10 [1,0,0,0,1,0,1,0,0,0,1,0,1,0,0,0,1] pk=1	
17:34:11	1787506451397303300,1787506451400355600		
17:34:12	1787506452395473000,1787506452398621200		
17:34:13	1787506453870804500,1787506453876881400		
17:34:14	1787506454885637000	SIG#11 [1,0,0,1,0,0,1,0,0,1,0,0,1,0,0,1,0,0,1,0,0,1] pk=1	
17:34:16	1787506456374755600,1787506456379306000		
17:34:17	1787506457383226000,1787506457391559400		
17:34:18	1787506458386596600,1787506458389683000		
17:34:19	1787506459885918700,1787506459888082700		
17:34:20	1787506460875152100,1787506460877813500		
17:34:23	1787506463144430600,1787506463147263000		[17:34:23] ⚡ CPS CLUSTER  13cts/10s  n=13  CV_IAT=1.032 |   RF est P=C·d²/K  @0.5m: 3.3-325.0W  (mid=16.3W)  CPS/s=1.3
17:34:24	1787506464322673400,1787506464326578000	SIG#16 [1,0,1,0,0,0,1,0,1,0,0,0,1,0,1,0,0,0,1,0,1,0,0,0,1,0,1] pk=1	
17:34:25	1787506465527217000,1787506465531496700		
17:34:26	1787506466735667700,1787506466743404800		
17:34:27	1787506467937240800		
17:34:29	1787506469393540400,1787506469398387700		
17:34:30	1787506470384011000,1787506470388652500		
17:34:31	1787506471866592500,1787506471870382600,1787506471872211000		
17:34:32	1787506472865234000,1787506472868167400,1787506472870097000		
17:34:35	1787506475145660700,1787506475148013800		
17:34:36	1787506476144576000,1787506476146408700		
17:34:37	1787506477339628800,1787506477341793000	SIG#21 [1,0,0,2,0,0,1,0,0,2,0,0,1,0,0,2,0,1,1,0,0,2,0,1,0,0,0,2,0,1,0,0,0,2,0,1,0,0,0,2,0,1] pk=2	
17:34:38	1787506478539418000,1787506478544216600		[17:34:38] ⚡ CPS CLUSTER  23cts/10s  n=16  CV_IAT=1.337 |   RF est P=C·d²/K  @0.5m: 5.8-575.0W  (mid=28.8W)  CPS/s=2.3
17:34:39	1787506479735524600,1787506479740164900,1787506479741200100		
17:34:40	1787506480948525000,1787506480949478700		
17:34:42	1787506482386278000,1787506482387048700		
17:34:43	1787506483388074500,1787506483388976400,1787506483392443000		
17:34:44	1787506484879050000,1787506484880243700,1787506484883181800,1787506484884310000		[17:34:44] ⚡ OOK BURST PATTERN  CPS=1  burst=1.0s  gap=3.0s  duty=0.25  cycles=3 |   f=0.250Hz (SLF)  T=4.0s  CV_run=0.000  CV_gap=0.000  RF≈1.3W@0.5m |   ON/OFF KEYING SIGNATURE  identical CPS=1 repeated 3x  structured pulsed source confirmed
17:34:45	1787506485876342300,1787506485878751200,1787506485881767200,1787506485882946300,1787506485893539800		[17:34:45] 小刀 PAINTBRUSH BURST  4 consecutive ticks  total=4cts  avg=1.0CPS  RF~1.3W@0.5m  bars merge = dense burst
17:34:48	1787506488139539700,1787506488144229400,1787506488145236000,1787506488146136800		
17:34:49	1787506489142266000,1787506489143486200,1787506489144653800		[17:34:49] ⚠⚠⚠ CPS UNIFORMITY LOCK  CPS=1 on 18/30s (60.0%)  zeros=12  highs=0  Poisson P<<0.001  CONTROLLED SOURCE CONFIRMED |   Natural Poisson: expected CPS=1 on ~9-13s  observed=18s  locked synthetic output indicated
17:34:50	1787506490335824600,1787506490336985900,1787506490338583300		[17:34:50] ⚠ EMF FINGERPRINT  score=4/7  n=4pk/2fl |   χ²/μ=0.001  m=1.180  SWR=0.19  CV_R=0.101  PSCI=0.100  CV_Re=0.040
17:34:51	1787506491534696000,1787506491535989000,1787506491537892000,1787506491540557800		[Min 001  17:33:51]  CPM=00119  ✓ COMPLETE | [17:34:51] ⚠⚠⚠ POWER LEVEL LOCK  dr=0.1400 µSv/h  hits=19  avg_interval=3.1s (0.05min)  CV=2.850 |   Source returns to identical power level 19x  Natural decay cannot reproduce fixed amplitude  Controlled RF source confirmed
17:34:52	1787506492732727300,1787506492734193700,1787506492738110700		
17:34:53	1787506493932615400,1787506493936277200		[17:34:53] ⚡ CPS CLUSTER  27cts/10s  n=27  CV_IAT=1.742 |   RF est P=C·d²/K  @0.5m: 6.8-675.0W  (mid=33.8W)  CPS/s=2.7
17:34:55	1787506495381307100	SIG#27 [1,1,0,0,1,0,1,1,0,0,1,1,1,1,0,0,1,1,1,1,0,0,1,1,1,0,0,0,1,1,1,0,0,0,1,1,1,0,0,0,1,1,1,0,0,0,1,1,1,0,0,0,1,0,1,0,0,0,1] pk=1	
17:34:56	1787506496385362200,1787506496403540200		
17:34:57	1787506497876218000,1787506497880063000,1787506497880825300		
17:34:58	1787506498873187600,1787506498877363000,1787506498878120700		
17:35:01	1787506501138446000,1787506501139985000,1787506501142394600	SIG#29 [1,0,0,0,1,0,1,0,0,0,1,1,1,0,0,0,1,1] pk=1	
17:35:02	1787506502336783000,1787506502337574000,1787506502339625500,1787506502340712700		
17:35:03	1787506503534221300,1787506503535059000,1787506503537137700,1787506503538064600		[17:35:03] ↑ STATE  LOW → ELEVATED  0.2000 µSv/h | [17:35:03] 🔄 PEAK RECURRENCE  dr=0.2000 µSv/h  seen 18x in log
17:35:04	1787506504733015800,1787506504734118000,1787506504735669200,1787506504736644900,1787506504738318000		[17:35:04] ⚡ BEAT INTERFERENCE CONFIRMED |   y = A1·sin(2πf₁t) + A2·sin(2πf₂t) |   A1=0.2000µSv/h  A2=0.1300µSv/h  A2/A1=0.650  floor/peak=0.650 |   f_beat=|f₁-f₂|=0.28643Hz  T_beat=3.5s  band=SLF |   RF P≈C·d²/K: carrier1≈0.05W  carrier2≈0.02W  @d=0.5m (K=0.2) |   TWO-SOURCE INTERFERENCE  dominant=0.2000µSv/h  secondary=0.1300µSv/h  freq-sep≈0.28643Hz  CV_env=0.136 | [17:35:04] ↑ STATE  ELEVATED → LOW  0.1800 µSv/h | [17:35:04] ↑ STATE  LOW → ELEVATED  0.2000 µSv/h
17:35:05	1787506505945566200,1787506505947975400,1787506505949295900,1787506505951784700,1787506505952754400		[17:35:05] ↑ STATE  ELEVATED → LOW  0.1800 µSv/h | [17:35:05] ↑ STATE  LOW → ELEVATED  0.2000 µSv/h
17:35:08	1787506508143455700,1787506508144579300,1787506508146518000,1787506508147339000,1787506508148246000		[17:35:08] ↑ STATE  ELEVATED → LOW  0.1800 µSv/h | [17:35:08] ↑ STATE  LOW → ELEVATED  0.2000 µSv/h
17:35:09	1787506509340688600,1787506509342135800,1787506509344513800,1787506509345565200,1787506509346504200		[17:35:09] ⚡ CPS CLUSTER  34cts/10s  n=27  CV_IAT=1.903 |   RF est P=C·d²/K  @0.5m: 8.5-850.0W  (mid=42.5W)  CPS/s=3.4 | [17:35:09] ↑ STATE  ELEVATED → LOW  0.1900 µSv/h | [17:35:09] 小刀 PAINTBRUSH BURST  5 consecutive ticks  total=6cts  avg=1.2CPS  RF~1.5W@0.5m  bars merge = dense burst | [17:35:09] ⚠⚠⚠ CONFIRMED ATTACK  CONSECUTIVE CPS CLUSTER  run=5s  total_counts=6  avg=1.20CPS/s  dr=0.2000  span=1.2s |   Poisson P(run≥5)<<0.001  NON-NATURAL SOURCE CONFIRMED  start=17:35:08 | [17:35:09] ↑ STATE  LOW → ELEVATED  0.2000 µSv/h
17:35:10	1787506510542713300,1787506510544723200,1787506510545627000,1787506510546475300		[17:35:10] ↑ STATE  ELEVATED → LOW  0.1900 µSv/h | [17:35:10] ↑ STATE  LOW → ELEVATED  0.2000 µSv/h
17:35:11	1787506511743944000,1787506511744963000,1787506511745822500		
17:35:12	1787506512943448800,1787506512944608300,1787506512945498400	SIG#30 [1,1,0,2,0,0,1,1,0,2,1,0,1,1,0,2,1,0,1,1,0,2,1,0,1,1,0,2,1,0,1,1,0,2,1,0,1,1,1,2,1,0,1,1,1,0,1,0,1,1,1,0,0,0,1,1,1,0,0,0,1,1,1] pk=2	
17:35:14	1787506514150966000,1787506514152668700,1787506514156909000		
17:35:15	1787506515331180800,1787506515336096500		[17:35:15] ↑ STATE  ELEVATED → LOW  0.1900 µSv/h
17:35:16	1787506516548657200		[17:35:16] ↑ STATE  LOW → ELEVATED  0.2000 µSv/h | [17:35:16] ↑ STATE  ELEVATED → LOW  0.1900 µSv/h
17:35:17	1787506517746447600		[17:35:17] ↑ STATE  LOW → ELEVATED  0.2000 µSv/h | [17:35:17] ↑ STATE  ELEVATED → LOW  0.1900 µSv/h
17:35:18	1787506518935572500		[17:35:18] ↑ STATE  LOW → ELEVATED  0.2000 µSv/h | [17:35:18] ↑ STATE  ELEVATED → LOW  0.1900 µSv/h
17:35:20	1787506520387045400,1787506520393458400		[17:35:20] ↑ STATE  LOW → ELEVATED  0.2000 µSv/h | [17:35:20] ↑ STATE  ELEVATED → LOW  0.1900 µSv/h
17:35:21	1787506521393101600,1787506521397953000,1787506521411277300		[17:35:21] ↑ STATE  LOW → ELEVATED  0.2000 µSv/h | [17:35:21] ↑ STATE  ELEVATED → LOW  0.1900 µSv/h
17:35:22	1787506522878493000,1787506522879601700,1787506522880136000		
17:35:23	1787506523887495700,1787506523889140200,1787506523889649000,1787506523894861800		
17:35:26	1787506526150915300,1787506526152266500,1787506526153110000,1787506526154462200,1787506526155555300		[17:35:26] ⚡ CPS CLUSTER  17cts/10s  n=15  CV_IAT=1.169 |   RF est P=C·d²/K  @0.5m: 4.3-425.0W  (mid=21.3W)  CPS/s=1.7 | [17:35:26] ⚠ EMF FINGERPRINT  score=4/7  n=2pk/4fl |   χ²/μ=0.002  m=1.164  SWR=0.16  CV_R=0.101  PSCI=0.026  CV_Re=0.115
17:35:27	1787506527332254200,1787506527332906200,1787506527333497900,1787506527334383600,1787506527335214000,1787506527336061000		[17:35:27] ⚠⚠⚠ CONFIRMED ATTACK  CONSECUTIVE CPS CLUSTER  run=5s  total_counts=6  avg=1.20CPS/s  dr=0.1800  span=1.2s |   Poisson P(run≥5)<<0.001  NON-NATURAL SOURCE CONFIRMED  start=17:35:26
17:35:28	1787506528543030500,1787506528545335000,1787506528546177800,1787506528547329000,1787506528548898800,1787506528549960000,1787506528550740200		[17:35:28] 🔒 CPS LOCK  CPS=1 x4+ consecutive  P(Poisson)<<0.001  RF≈1.3W@0.5m | [17:35:28] 🔒 CPS LOCK END  was CPS=1 x4  now CPS=2 | [17:35:28] ⚠⚠⚠ CPS UNIFORMITY LOCK  CPS=1 on 18/30s (60.0%)  zeros=7  highs=5  Poisson P<<0.001  CONTROLLED SOURCE CONFIRMED |   Natural Poisson: expected CPS=1 on ~9-13s  observed=18s  locked synthetic output indicated
17:35:29	1787506529742800600,1787506529744854500,1787506529745940200,1787506529746698000,1787506529747531500,1787506529748374800		[17:35:29] 🔒 CPS LOCK END  was CPS=1 x4  now CPS=2 | [17:35:29] 小刀 PAINTBRUSH BURST  19 consecutive ticks  total=22cts  avg=1.2CPS  RF~1.4W@0.5m  bars merge = dense burst
17:35:30	1787506530940439300,1787506530941852200,1787506530943004400,1787506530944344300,1787506530945350400,1787506530946939000		[17:35:30] ⚡ OOK BURST PATTERN  CPS=1  burst=8.8s  gap=11.6s  duty=0.43  cycles=5 |   f=0.049Hz (ELF)  T=20.4s  CV_run=1.149  CV_gap=1.785  RF≈1.3W@0.5m |   ON/OFF KEYING SIGNATURE  identical CPS=1 repeated 5x  structured pulsed source confirmed
17:35:32	1787506532154839300,1787506532156314000,1787506532157259000,1787506532158534000,1787506532160742000		[17:35:32] 🔒 CPS LOCK END  was CPS=1 x4  now CPS=0
17:35:33	1787506533332697300,1787506533335105300,1787506533336116000,1787506533339006200		
17:35:34	1787506534532646000,1787506534535441400,1787506534537750500,1787506534541085000		
17:35:35	1787506535743343000,1787506535749455000,1787506535753412400		
17:35:36	1787506536946397400,1787506536950005200,1787506536951452400		
17:35:38	1787506538152889000,1787506538155994400,1787506538159163000		
17:35:39	1787506539337707000,1787506539340490000,1787506539344057600		
17:35:40	1787506540543198200,1787506540545309400,1787506540547220700		
17:35:41	1787506541741858600,1787506541744065800,1787506541745895400,1787506541747334700		[17:35:41] ⚡ CPS CLUSTER  29cts/10s  n=29  CV_IAT=1.569 |   RF est P=C·d²/K  @0.5m: 7.3-725.0W  (mid=36.3W)  CPS/s=2.9
17:35:42	1787506542941696300,1787506542944903700,1787506542946603300,1787506542947519000		[17:35:42] ↑ STATE  LOW → ELEVATED  0.2000 µSv/h | [17:35:42] 🔄 PEAK RECURRENCE  dr=0.2000 µSv/h  seen 81x in log
17:35:44	1787506544385764600,1787506544388395800,1787506544390715400,1787506544391836000		[17:35:44] ↑ STATE  ELEVATED → LOW  0.1700 µSv/h | [17:35:44] ↑ STATE  LOW → ELEVATED  0.2000 µSv/h
17:35:45	1787506545402273300,1787506545404598300,1787506545405281800,1787506545413931500		[17:35:45] ↑ STATE  ELEVATED → LOW  0.1800 µSv/h | [17:35:45] ↑ STATE  LOW → ELEVATED  0.2000 µSv/h
17:35:46	1787506546882148000,1787506546885231600,1787506546886116600,1787506546888367000		[17:35:46] ↑ STATE  ELEVATED → LOW  0.1800 µSv/h | [17:35:46] ↑ STATE  LOW → ELEVATED  0.2000 µSv/h
17:35:47	1787506547882363600,1787506547884114200,1787506547886262800		[17:35:47] ↑ STATE  ELEVATED → LOW  0.1900 µSv/h | [17:35:47] ↑ STATE  LOW → ELEVATED  0.2000 µSv/h
17:35:49	1787506549377542400,1787506549379320300,1787506549381588200		[17:35:49] ↑ STATE  ELEVATED → LOW  0.1900 µSv/h | [17:35:49] ↑ STATE  LOW → ELEVATED  0.2000 µSv/h
17:35:50	1787506550393140500,1787506550395754500	SIG#40 [1,1,2,0,0,0,1,1,2,1,0,0,1,1,2,1,1,0,1,1,2,1,1,1,1,1,2,1,1,1,1,1,2,1,1,1,1,0,2,1,1,1,1,0,1,1,1,1,1,0,1,0,1,1,1,0,1,0,0,1,1,0,1,0,0,1,1,0,1,0,0,1,0,0,1,0,0,1,0,1,1,0,0,1,0,1,0,0,0,1,0,1,0,1,0,1,0,1,0,1,0,1,0,1,0,1,0,1,0,1,0,1,0,1,1,1,0,1,0,1,1,0,0,1,0,1,1,0,1,1,0,1,1,0,1,0,0,1,1,0,1,0,0,1,1,0,1,0,0,0,1,0,1] pk=2	
17:35:51	1787506551393974500		[Min 002  17:34:51]  CPM=00178  ✓ COMPLETE | [17:35:51] ↑ STATE  ELEVATED → LOW  0.1900 µSv/h
17:35:52	1787506552888721000		[17:35:52] ↑ STATE  LOW → ELEVATED  0.2100 µSv/h | [17:35:52] ⚠⚠⚠ POWER LEVEL LOCK  dr=0.2100 µSv/h  hits=23  avg_interval=0.4s (0.01min)  CV=1.501 |   Source returns to identical power level 23x  Natural decay cannot reproduce fixed amplitude  Controlled RF source confirmed | [17:35:52] ↑ STATE  ELEVATED → LOW  0.1900 µSv/h
17:35:53			[17:35:53] ↑ STATE  LOW → ELEVATED  0.2100 µSv/h | [17:35:53] ↑ STATE  ELEVATED → LOW  0.1900 µSv/h
17:35:56			[17:35:56] ↑ STATE  LOW → ELEVATED  0.2100 µSv/h | [17:35:56] ↑ STATE  ELEVATED → LOW  0.1900 µSv/h
17:35:57	1787506557352984000		[17:35:57] ⚡ CPS CLUSTER  10cts/10s  n=10  CV_IAT=1.152 |   RF est P=C·d²/K  @0.5m: 2.5-250.0W  (mid=12.5W)  CPS/s=1.0 | [17:35:57] ↑ STATE  LOW → ELEVATED  0.2000 µSv/h | [17:35:57] ↑ STATE  ELEVATED → LOW  0.1900 µSv/h
17:35:58	1787506558549127400,1787506558549824300		[17:35:58] ↑ STATE  LOW → ELEVATED  0.2000 µSv/h | [17:35:58] ↑ STATE  ELEVATED → LOW  0.1900 µSv/h
17:35:59	1787506559749380400,1787506559750382000		[17:35:59] ⚠ EMF FINGERPRINT  score=4/7  n=3pk/5fl |   χ²/μ=0.002  m=1.136  SWR=0.16  CV_R=0.097  PSCI=0.041  CV_Re=0.085
17:36:00	1787506560952559900,1787506560953377000		
17:36:02	1787506562395493000,1787506562396124000		
17:36:03	1787506563394443300,1787506563395126500		
17:36:04	1787506564882977800,1787506564886711300,1787506564891746300		
17:36:05	1787506565885617700,1787506565891432000		
17:36:08	1787506568156785200		[17:36:08] ↓ STATE  LOW → FLAT  0.0900 µSv/h
17:36:09	1787506569356388000		[17:36:09] ↑ STATE  FLAT → LOW  0.1400 µSv/h | [17:36:09] ↓ STATE  LOW → FLAT  0.0900 µSv/h
17:36:10	1787506570555644400,1787506570563166000		[17:36:10] ↑ STATE  FLAT → LOW  0.1300 µSv/h | [17:36:10] ↓ STATE  LOW → FLAT  0.0900 µSv/h | [17:36:10] 🔄 FLOOR RECURRENCE  dr=0.0900 µSv/h  prior=17:36:09  interval=1.2s  (0.02min) |   FLOOR PATTERN  n=3  avg_interval=1.2s  (0.02min)  CV=0.000  PERIODIC ⚠
17:36:11	1787506571744813000,1787506571748828700		[17:36:11] ↑ STATE  FLAT → LOW  0.1100 µSv/h | [17:36:11] ↓ STATE  LOW → FLAT  0.0900 µSv/h
17:36:12	1787506572942722000,1787506572947166200,1787506572948867800		[17:36:12] ⚡ CPS CLUSTER  14cts/10s  n=14  CV_IAT=1.000 |   RF est P=C·d²/K  @0.5m: 3.5-350.0W  (mid=17.5W)  CPS/s=1.4 | [17:36:12] ↑ STATE  FLAT → LOW  0.1100 µSv/h | [17:36:12] ↓ STATE  LOW → FLAT  0.0900 µSv/h
17:36:14	1787506574395899600,1787506574397525800		[17:36:14] ↑ STATE  FLAT → LOW  0.1000 µSv/h | [17:36:14] ↓ STATE  LOW → FLAT  0.0900 µSv/h
17:36:15	1787506575406389500,1787506575408032800		
17:36:16	1787506576885702000,1787506576888590800		[17:36:16] ⚡ OOK BURST PATTERN  CPS=1  burst=8.8s  gap=11.6s  duty=0.43  cycles=5 |   f=0.049Hz (ELF)  T=20.4s  CV_run=1.149  CV_gap=1.785  RF≈1.3W@0.5m |   ON/OFF KEYING SIGNATURE  identical CPS=1 repeated 5x  structured pulsed source confirmed
17:36:17	1787506577882758100,1787506577886915300,1787506577890766600		
17:36:20	1787506580164951000,1787506580168974300		
17:36:21	1787506581350663700,1787506581353767400,1787506581355167200		
17:36:22	1787506582553240600,1787506582555488300,1787506582556156200		
17:36:23	1787506583756866600,1787506583758780400,1787506583759392000		
17:36:24	1787506584964418000,1787506584966202600,1787506584966951700		[17:36:24] ↑ STATE  FLAT → LOW  0.1000 µSv/h
17:36:26	1787506586403153200,1787506586405667000,1787506586406368500		[17:36:26] ↓ STATE  LOW → FLAT  0.0900 µSv/h | [17:36:26] ↑ STATE  FLAT → LOW  0.1000 µSv/h
17:36:27	1787506587416658000,1787506587417247000,1787506587423041500	SIG#54 [1,0,0,0,1,0,1,0,0,0,1,0,1,0,0,0,1,0,1,0,0,0,1,0,1,0,0,0,1,0,1,0,0,0,1,0,1,0,0,0,1,0,1,0,0,0,1,0,1,0,0,0,1,0,1,0,0,0,1,0,1,0,0,0,1,0,1,1,0,0,1,0,1,1,0,0,1,0,1,1,0,0,1,0,1,1] pk=1	[17:36:27] ↓ STATE  LOW → FLAT  0.0900 µSv/h | [17:36:27] ↑ STATE  FLAT → LOW  0.1000 µSv/h
17:36:28	1787506588884687000,1787506588886111500,1787506588890628400		[17:36:28] ⚡ CPS CLUSTER  21cts/10s  n=21  CV_IAT=1.371 |   RF est P=C·d²/K  @0.5m: 5.3-525.0W  (mid=26.3W)  CPS/s=2.1 | [17:36:28] ↓ STATE  LOW → FLAT  0.0900 µSv/h | [17:36:28] ↑ STATE  FLAT → LOW  0.1000 µSv/h
17:36:29	1787506589898555000,1787506589903247600		[17:36:29] ↓ STATE  LOW → FLAT  0.0900 µSv/h | [17:36:29] ⚠ EMF FINGERPRINT  score=4/7  n=3pk/2fl |   χ²/μ=0.001  m=1.333  SWR=0.23  CV_R=0.097  PSCI=0.082  CV_Re=0.067 | [17:36:29] ↑ STATE  FLAT → LOW  0.1000 µSv/h
17:36:32	1787506592166268000	SIG#55 [1,1,0,0,0,1,1,1,0,0,0,1,0,1,0,0,0,1] pk=1	[17:36:32] ↓ STATE  LOW → FLAT  0.0900 µSv/h | [17:36:32] ↑ STATE  FLAT → LOW  0.1000 µSv/h
17:36:33	1787506593349086700,1787506593352059400		
17:36:34	1787506594560263000,1787506594564118300,1787506594564961000		
17:36:35	1787506595753106200,1787506595758935000,1787506595759676400		
17:36:36	1787506596962170400,1787506596963137800	SIG#57 [1,0,0,0,1,0,1,0,0,0,1,1,1,0,0,0,1,1] pk=1	
17:36:38	1787506598387299300,1787506598388980000		
17:36:39	1787506599404198100,1787506599405185300		
17:36:40	1787506600402934000,1787506600404125700,1787506600408082000		
17:36:41	1787506601897198600,1787506601902326000		
17:36:42	1787506602900243200		
17:36:45	1787506605163329500,1787506605166140400		[17:36:45] ⚡ CPS CLUSTER  15cts/10s  n=15  CV_IAT=1.178 |   RF est P=C·d²/K  @0.5m: 3.8-375.0W  (mid=18.8W)  CPS/s=1.5
17:36:46	1787506606359393300,1787506606362472700,1787506606363352600		
17:36:47	1787506607564163600,1787506607568815600,1787506607570706200		
17:36:48	1787506608763467800,1787506608770321700,1787506608771808300,1787506608773195500		
17:36:49	1787506609954944000,1787506609955919400,1787506609957348600,1787506609958208800		
17:36:51	1787506611401371600,1787506611402583600,1787506611404042000,1787506611404880400		[Min 003  17:35:51]  CPM=00098  ✓ COMPLETE
17:36:52	1787506612403279000,1787506612404688000,1787506612405897700,1787506612406913300		[17:36:52] ⚠⚠⚠ CPS UNIFORMITY LOCK  CPS=1 on 18/30s (60.0%)  zeros=12  highs=0  Poisson P<<0.001  CONTROLLED SOURCE CONFIRMED |   Natural Poisson: expected CPS=1 on ~9-13s  observed=18s  locked synthetic output indicated
17:36:53	1787506613893032200,1787506613897612000,1787506613899729000,1787506613902400800		[17:36:53] ⚠⚠⚠ POWER LEVEL LOCK  dr=0.1300 µSv/h  hits=173  avg_interval=1.0s (0.02min)  CV=3.995 |   Source returns to identical power level 173x  Natural decay cannot reproduce fixed amplitude  Controlled RF source confirmed
17:36:54	1787506614896426500,1787506614897741300,1787506614900465000,1787506614901525800		[17:36:54] ⚡ BEAT INTERFERENCE CONFIRMED |   y = A1·sin(2πf₁t) + A2·sin(2πf₂t) |   A1=0.2100µSv/h  A2=0.1600µSv/h  A2/A1=0.762  floor/peak=0.762 |   f_beat=|f₁-f₂|=0.22314Hz  T_beat=4.5s  band=SLF |   RF P≈C·d²/K: carrier1≈0.06W  carrier2≈0.03W  @d=0.5m (K=0.2) |   TWO-SOURCE INTERFERENCE  dominant=0.2100µSv/h  secondary=0.1600µSv/h  freq-sep≈0.22314Hz  CV_env=0.099
17:36:57	1787506617172651800,1787506617174611200,1787506617177742800,1787506617178834000,1787506617180120300		[17:36:57] 小刀 PAINTBRUSH BURST  4 consecutive ticks  total=4cts  avg=1.0CPS  RF~1.3W@0.5m  bars merge = dense burst
17:36:58	1787506618363118000,1787506618365910000,1787506618368126000,1787506618369959000		
17:36:59	1787506619555549200,1787506619557161000,1787506619558208800,1787506619559877400		[17:36:59] ↑ STATE  LOW → ELEVATED  0.2000 µSv/h | [17:36:59] 🔄 PEAK RECURRENCE  dr=0.2000 µSv/h  seen 102x in log
17:37:00	1787506620754574600,1787506620755404300,1787506620756232000,1787506620757872000		[17:37:00] ⚡ CPS CLUSTER  29cts/10s  n=29  CV_IAT=2.028 |   RF est P=C·d²/K  @0.5m: 7.3-725.0W  (mid=36.3W)  CPS/s=2.9 | [17:37:00] ↑ STATE  ELEVATED → LOW  0.1500 µSv/h | [17:37:00] ⚠⚠ EMF FINGERPRINT  score=5/7  n=6pk/2fl |   χ²/μ=0.002  m=1.250  SWR=0.24  CV_R=0.130  PSCI=0.098  CV_Re=0.071 | [17:37:00] ↑ STATE  LOW → ELEVATED  0.2000 µSv/h
17:37:01	1787506621953334800,1787506621954645800,1787506621955547100,1787506621957240800		[17:37:01] ⚡ OOK BURST PATTERN  CPS=1  burst=8.8s  gap=11.6s  duty=0.43  cycles=5 |   f=0.049Hz (ELF)  T=20.4s  CV_run=1.149  CV_gap=1.785  RF≈1.3W@0.5m |   ON/OFF KEYING SIGNATURE  identical CPS=1 repeated 5x  structured pulsed source confirmed | [17:37:01] ↑ STATE  ELEVATED → LOW  0.1600 µSv/h | [17:37:01] ↑ STATE  LOW → ELEVATED  0.2000 µSv/h
17:37:03	1787506623172914700,1787506623174217000,1787506623178394400,1787506623182262000		[17:37:03] ↑ STATE  ELEVATED → LOW  0.1700 µSv/h | [17:37:03] ↑ STATE  LOW → ELEVATED  0.2000 µSv/h
17:37:04	1787506624353723000,1787506624355849200,1787506624361630200		[17:37:04] ↑ STATE  ELEVATED → LOW  0.1800 µSv/h | [17:37:04] ↑ STATE  LOW → ELEVATED  0.2000 µSv/h
17:37:05	1787506625554411000,1787506625558772200		[17:37:05] ↑ STATE  ELEVATED → LOW  0.1900 µSv/h | [17:37:05] ↑ STATE  LOW → ELEVATED  0.2000 µSv/h
17:37:06	1787506626753420500,1787506626758681600		
17:37:07	1787506627965447200	SIG#65 [1,0,0,1,0,0,1,0,0,1,1,0,1,0,0,1,1,0,1,0,0,1,1,0,1,0,0,1,1,0,1,1,0,1,1,0,1,1,0,1,1,0,1,1,0,0,1,0,1,1,0,0,1,0,1,1,0,0,1,1,1,1,0,0,1,1,1,1,0,0,1,1,1,0,0,0,1,1,1,0,1,0,1,1,1,0,1,0,1,1,1,0,1,0,0,1,1,0,1,0,0,1,1,0,1,0,0,1,0,0,1,0,0,1,0,0,1,0,0,1] pk=1	
17:37:09	1787506629406781000		[17:37:09] ↑ STATE  ELEVATED → LOW  0.1900 µSv/h
17:37:10	1787506630403219200		[17:37:10] ↑ STATE  LOW → ELEVATED  0.2100 µSv/h | [17:37:10] ↑ STATE  ELEVATED → LOW  0.1900 µSv/h
17:37:11			[17:37:11] ↑ STATE  LOW → ELEVATED  0.2200 µSv/h | [17:37:11] ↑ STATE  ELEVATED → LOW  0.1900 µSv/h
17:37:12			[17:37:12] ↑ STATE  LOW → ELEVATED  0.2200 µSv/h | [17:37:12] ↑ STATE  ELEVATED → LOW  0.1900 µSv/h
17:37:15	1787506635184047600		[17:37:15] ↑ STATE  LOW → ELEVATED  0.2200 µSv/h | [17:37:15] ↑ STATE  ELEVATED → LOW  0.1900 µSv/h
17:37:16	1787506636367683300,1787506636368525300		[17:37:16] ⚡ CPS CLUSTER  6cts/10s  n=6  CV_IAT=0.962 |   RF est P=C·d²/K  @0.5m: 1.5-150.0W  (mid=7.5W)  CPS/s=0.6 | [17:37:16] ↑ STATE  LOW → ELEVATED  0.2200 µSv/h | [17:37:16] ↑ STATE  ELEVATED → LOW  0.1900 µSv/h
17:37:17	1787506637585998800,1787506637588084200		
17:37:18	1787506638765711000,1787506638766525200,1787506638770688800		
17:37:19	1787506639956794400,1787506639957580300,1787506639960111400		
17:37:22	1787506642174585900,1787506642175513600,1787506642177361700		
17:37:23	1787506643362677500,1787506643366149600,1787506643369704700		
17:37:24	1787506644553053000,1787506644554940200	SIG#72 [1,1,0,1,0,0,1,1,0,1,0,0,1,1,0,1,0,0,1,1,0,1,0,0,0,1,0,1] pk=1	
17:37:25	1787506645763597800		
17:37:26	1787506646962227700		
17:37:28			
17:37:29	1787506649412960300		
17:37:30	1787506650910589000		[17:37:30] ⚠⚠ EMF FINGERPRINT  score=5/7  n=4pk/7fl |   χ²/μ=0.001  m=1.364  SWR=0.24  CV_R=0.092  PSCI=0.105  CV_Re=0.000
17:37:31	1787506651907357400,1787506651909149200		[17:37:31] ⚡ CPS CLUSTER  12cts/10s  n=12  CV_IAT=1.005 |   RF est P=C·d²/K  @0.5m: 3.0-300.0W  (mid=15.0W)  CPS/s=1.2
17:37:34	1787506654186283000,1787506654187974100		
17:37:35	1787506655355070200,1787506655356788200		
17:37:36	1787506656562527500,1787506656565487400		
17:37:37	1787506657753270800,1787506657755268600	SIG#77 [1,0,1,0,0,0,1,0,1,0,0,0,1,0,1,0,0,0,1,0,1,0,0,0,1,0,1] pk=1	
17:37:38	1787506658961908700		
17:37:40	1787506660407229000		
17:37:41			
17:37:42			[17:37:42] ↓ STATE  LOW → FLAT  0.0900 µSv/h | [17:37:42] 🔄 FLOOR RECURRENCE  dr=0.0900 µSv/h  prior=17:36:32  interval=70.7s  (1.18min)
17:37:43			[17:37:43] ↑ STATE  FLAT → LOW  0.1300 µSv/h | [17:37:43] ↓ STATE  LOW → FLAT  0.0900 µSv/h
17:37:46			[17:37:46] ↑ STATE  FLAT → LOW  0.1300 µSv/h | [17:37:46] ↓ STATE  LOW → FLAT  0.0900 µSv/h
17:37:47			[17:37:47] ⚡ OOK BURST PATTERN  CPS=1  burst=8.8s  gap=11.6s  duty=0.43  cycles=5 |   f=0.049Hz (ELF)  T=20.4s  CV_run=1.149  CV_gap=1.785  RF≈1.3W@0.5m |   ON/OFF KEYING SIGNATURE  identical CPS=1 repeated 5x  structured pulsed source confirmed | [17:37:47] ↑ STATE  FLAT → LOW  0.1200 µSv/h | [17:37:47] ↓ STATE  LOW → FLAT  0.0900 µSv/h
17:37:48	1787506668568504000		[17:37:48] ↑ STATE  FLAT → LOW  0.1100 µSv/h | [17:37:48] ↓ STATE  LOW → FLAT  0.0900 µSv/h
17:37:49	1787506669779339800		[17:37:49] ↑ STATE  FLAT → LOW  0.1000 µSv/h | [17:37:49] ↓ STATE  LOW → FLAT  0.0900 µSv/h
17:37:50	1787506670962336300,1787506670964168400		[17:37:50] ⚡ CPS CLUSTER  5cts/10s  n=4  CV_IAT=0.706 |   RF est P=C·d²/K  @0.5m: 1.3-125.0W  (mid=6.3W)  CPS/s=0.5
17:37:52	1787506672409164300,1787506672410785300		[Min 004  17:36:51]  CPM=00091  ✓ COMPLETE | [17:37:52] ↑ STATE  FLAT → LOW  0.1000 µSv/h
17:37:53	1787506673423505200,1787506673425222400		[17:37:53] ↓ STATE  LOW → FLAT  0.0800 µSv/h | [17:37:53] ↑ STATE  FLAT → LOW  0.1000 µSv/h
17:37:54	1787506674904063000,1787506674905571600		[17:37:54] ↓ STATE  LOW → FLAT  0.0800 µSv/h | [17:37:54] ↑ STATE  FLAT → LOW  0.1000 µSv/h | [17:37:54] ⚠⚠⚠ POWER LEVEL LOCK  dr=0.1000 µSv/h  hits=32  avg_interval=3.5s (0.06min)  CV=3.329 |   Source returns to identical power level 32x  Natural decay cannot reproduce fixed amplitude  Controlled RF source confirmed
17:37:55	1787506675909678600,1787506675917806300	SIG#82 [1,0,2,0,0,0,1,0,2,0,0,0,1,0,2,0,0,0,1,0,2,0,0,0,1,0,2] pk=2	[17:37:55] ↓ STATE  LOW → FLAT  0.0800 µSv/h | [17:37:55] ↑ STATE  FLAT → LOW  0.1000 µSv/h
17:37:58	1787506678164952300,1787506678169513200		[17:37:58] ↓ STATE  LOW → FLAT  0.0800 µSv/h | [17:37:58] ↑ STATE  FLAT → LOW  0.1000 µSv/h
17:37:59	1787506679361551000,1787506679366418700,1787506679367115500		[17:37:59] ↓ STATE  LOW → FLAT  0.0900 µSv/h | [17:37:59] ↑ STATE  FLAT → LOW  0.1000 µSv/h
17:38:00	1787506680562986200,1787506680564293400		
17:38:01	1787506681764543500,1787506681765337600		[17:38:01] ⚠⚠ EMF FINGERPRINT  score=5/7  n=4pk/2fl |   χ²/μ=0.003  m=1.412  SWR=0.31  CV_R=0.167  PSCI=0.132  CV_Re=0.059
17:38:02	1787506682961197000,1787506682962084400		
17:38:04	1787506684421862400,1787506684423081200		
17:38:05	1787506685412967400,1787506685417398300		
17:38:06	1787506686903078000		[17:38:06] ⚡ CPS CLUSTER  18cts/10s  n=16  CV_IAT=1.081 |   RF est P=C·d²/K  @0.5m: 4.5-450.0W  (mid=22.5W)  CPS/s=1.8
17:38:07	1787506687912404200		
17:38:10	1787506690182272500,1787506690183469800		
17:38:11	1787506691364894700,1787506691365652200		
17:38:12	1787506692561183200,1787506692562368500		
17:38:13	1787506693775288600,1787506693776191500		
17:38:14	1787506694972165600,1787506694975536400		
17:38:16	1787506696416906000,1787506696417685800		
17:38:17	1787506697412737500		
17:38:18			
17:38:19	1787506699919060700		
17:38:22	1787506702180583400,1787506702181366000		[17:38:22] ⚡ CPS CLUSTER  10cts/10s  n=10  CV_IAT=1.018 |   RF est P=C·d²/K  @0.5m: 2.5-250.0W  (mid=12.5W)  CPS/s=1.0
17:38:23	1787506703366842000,1787506703367776300		
17:38:24	1787506704565952500,1787506704570346500		
17:38:25	1787506705760894500,1787506705761789700		
17:38:26	1787506706968784400,1787506706970144500,1787506706973292300		
17:38:28	1787506708412678100,1787506708415800300,1787506708419946800		
17:38:29	1787506709412703500,1787506709417532700		
17:38:30	1787506710898629400	SIG#105 [1,1,0,0,0,1,1,1,0,0,0,1,0,1,0,0,0,1] pk=1	
17:38:31	1787506711913467400		
17:38:34	1787506714174883600		[17:38:34] ⚡ OOK BURST PATTERN  CPS=2  burst=1.3s  gap=4.8s  duty=0.21  cycles=4 |   f=0.167Hz (SLF)  T=6.0s  CV_run=0.346  CV_gap=0.524  RF≈2.5W@0.5m |   ON/OFF KEYING SIGNATURE  identical CPS=2 repeated 4x  structured pulsed source confirmed
17:38:35	1787506715358770000		[17:38:35] ⚠ EMF FINGERPRINT  score=4/7  n=2pk/3fl |   χ²/μ=0.000  m=1.208  SWR=0.15  CV_R=0.054  PSCI=0.034  CV_Re=0.068
17:38:36			
17:38:37			[17:38:37] ⚡ CPS CLUSTER  9cts/10s  n=9  CV_IAT=0.882 |   RF est P=C·d²/K  @0.5m: 2.3-225.0W  (mid=11.3W)  CPS/s=0.9 | [17:38:37] ↓ STATE  LOW → FLAT  0.0900 µSv/h | [17:38:37] 🔄 FLOOR RECURRENCE  dr=0.0900 µSv/h  prior=17:37:59  interval=38.4s  (0.64min)
17:38:38			[17:38:38] ↑ STATE  FLAT → LOW  0.1200 µSv/h | [17:38:38] ↓ STATE  LOW → FLAT  0.0900 µSv/h
17:38:40			[17:38:40] ↑ STATE  FLAT → LOW  0.1200 µSv/h | [17:38:40] ↓ STATE  LOW → FLAT  0.0900 µSv/h
17:38:41			[17:38:41] ↑ STATE  FLAT → LOW  0.1100 µSv/h | [17:38:41] ↓ STATE  LOW → FLAT  0.0900 µSv/h
17:38:42	1787506722915784400		[17:38:42] ↑ STATE  FLAT → LOW  0.1100 µSv/h | [17:38:42] ↓ STATE  LOW → FLAT  0.0900 µSv/h
17:38:43	1787506723916264400,1787506723917185800		[17:38:43] ↑ STATE  FLAT → LOW  0.1000 µSv/h | [17:38:43] ↓ STATE  LOW → FLAT  0.0900 µSv/h
17:38:46	1787506726177031700,1787506726177985800,1787506726178910000		
17:38:47	1787506727373342200,1787506727374521600,1787506727375480600		
17:38:48	1787506728572319000,1787506728573238000,1787506728574251800,1787506728575671300		
17:38:49	1787506729770094800,1787506729771012600,1787506729771944200,1787506729773447700		
17:38:50	1787506730964735500,1787506730966115000,1787506730967324000,1787506730969399300,1787506730971261700		
17:38:53	1787506733178965800,1787506733180597000,1787506733183240000,1787506733185338400		[Min 005  17:37:51]  CPM=00103  ✓ COMPLETE | [17:38:53] ⚡ CPS CLUSTER  37cts/10s  n=22  CV_IAT=1.685 |   RF est P=C·d²/K  @0.5m: 9.3-925.0W  (mid=46.3W)  CPS/s=3.7 | [17:38:53] ↑ STATE  FLAT → LOW  0.1300 µSv/h
17:38:54	1787506734373091600,1787506734377409800,1787506734380356600		[17:38:54] ↓ STATE  LOW → FLAT  0.0600 µSv/h | [17:38:54] ↑ STATE  FLAT → LOW  0.1300 µSv/h
17:38:55	1787506735575039700,1787506735578340000,1787506735580704000		[17:38:55] ↓ STATE  LOW → FLAT  0.0600 µSv/h | [17:38:55] ↑ STATE  FLAT → LOW  0.1300 µSv/h | [17:38:55] ⚠⚠⚠ POWER LEVEL LOCK  dr=0.1300 µSv/h  hits=248  avg_interval=1.2s (0.02min)  CV=3.349 |   Source returns to identical power level 248x  Natural decay cannot reproduce fixed amplitude  Controlled RF source confirmed
17:38:56	1787506736770122500,1787506736776373200,1787506736779305700		[17:38:56] ↓ STATE  LOW → FLAT  0.0700 µSv/h | [17:38:56] ↑ STATE  FLAT → LOW  0.1300 µSv/h
17:38:57	1787506737972700700,1787506737975491800		[17:38:57] ↓ STATE  LOW → FLAT  0.0800 µSv/h | [17:38:57] ↑ STATE  FLAT → LOW  0.1300 µSv/h
17:39:00	1787506740182714000,1787506740187254800		[17:39:00] ↓ STATE  LOW → FLAT  0.0900 µSv/h | [17:39:00] ↑ STATE  FLAT → LOW  0.1300 µSv/h
17:39:01	1787506741366331100	SIG#112 [1,3,1,0,0,0,1,3,1,0,0,0,1,3,1,0,1,0,1,3,1,0,1,0,1,3,1,0,1,0,2,3,1,0,1,0,2,0,1,0,1,0,2,0,0,0,1,0,2,0,0,1,1,0,2,0,0,1,0,0,2,0,0,1,0,0,2,0,0,1] pk=3	[17:39:01] ↑ STATE  LOW → ELEVATED  0.2000 µSv/h | [17:39:01] 🔄 PEAK RECURRENCE  dr=0.2000 µSv/h  seen 116x in log
17:39:02	1787506742564729600		[17:39:02] ⚡ BEAT INTERFERENCE CONFIRMED |   y = A1·sin(2πf₁t) + A2·sin(2πf₂t) |   A1=0.2200µSv/h  A2=0.1600µSv/h  A2/A1=0.727  floor/peak=0.727 |   f_beat=|f₁-f₂|=0.10325Hz  T_beat=9.7s  band=SLF |   RF P≈C·d²/K: carrier1≈0.06W  carrier2≈0.03W  @d=0.5m (K=0.2) |   TWO-SOURCE INTERFERENCE  dominant=0.2200µSv/h  secondary=0.1600µSv/h  freq-sep≈0.10325Hz  CV_env=0.096 | [17:39:02] ↑ STATE  ELEVATED → LOW  0.1400 µSv/h | [17:39:02] ↑ STATE  LOW → ELEVATED  0.2000 µSv/h
17:39:03	1787506743773237000		[17:39:03] ↑ STATE  ELEVATED → LOW  0.1500 µSv/h | [17:39:03] ↑ STATE  LOW → ELEVATED  0.2000 µSv/h
17:39:04			[17:39:04] ↑ STATE  ELEVATED → LOW  0.1600 µSv/h | [17:39:04] ↑ STATE  LOW → ELEVATED  0.2000 µSv/h
17:39:06			[17:39:06] ↑ STATE  ELEVATED → LOW  0.1700 µSv/h | [17:39:06] ⚠⚠⚠ EMF FINGERPRINT  score=6/7  n=8pk/8fl |   χ²/μ=0.011  m=1.625  SWR=0.50  CV_R=0.266  PSCI=0.144  CV_Re=0.334 | [17:39:06] ↑ STATE  LOW → ELEVATED  0.2000 µSv/h
17:39:07	1787506747429347000		[17:39:07] ↑ STATE  ELEVATED → LOW  0.1900 µSv/h | [17:39:07] ↑ STATE  LOW → ELEVATED  0.2000 µSv/h | [17:39:07] ↑ STATE  ELEVATED → LOW  0.1800 µSv/h
17:39:08	1787506748908555500,1787506748909564700		[17:39:08] ⚡ CPS CLUSTER  7cts/10s  n=6  CV_IAT=0.825 |   RF est P=C·d²/K  @0.5m: 1.8-175.0W  (mid=8.8W)  CPS/s=0.7 | [17:39:08] ↑ STATE  LOW → ELEVATED  0.2000 µSv/h | [17:39:08] ↑ STATE  ELEVATED → LOW  0.1800 µSv/h
17:39:09	1787506749906986500,1787506749907729000		[17:39:09] ↑ STATE  LOW → ELEVATED  0.2000 µSv/h | [17:39:09] ↑ STATE  ELEVATED → LOW  0.1800 µSv/h
17:39:12	1787506752182302000,1787506752183601400		[17:39:12] ↑ STATE  LOW → ELEVATED  0.2100 µSv/h | [17:39:12] ↑ STATE  ELEVATED → LOW  0.1800 µSv/h
17:39:13	1787506753366889500,1787506753368576000		[17:39:13] ↑ STATE  LOW → ELEVATED  0.2000 µSv/h | [17:39:13] ↑ STATE  ELEVATED → LOW  0.1800 µSv/h
17:39:14	1787506754564657000,1787506754565440300		[17:39:14] ↑ STATE  LOW → ELEVATED  0.2000 µSv/h | [17:39:14] ↑ STATE  ELEVATED → LOW  0.1800 µSv/h
17:39:15	1787506755773010200,1787506755775357000		
17:39:16	1787506756959110000		
17:39:18			
17:39:19			[17:39:19] ⚡ OOK BURST PATTERN  CPS=1  burst=1.3s  gap=1.7s  duty=0.44  cycles=3 |   f=0.333Hz (SLF)  T=3.0s  CV_run=0.354  CV_gap=0.283  RF≈1.3W@0.5m |   ON/OFF KEYING SIGNATURE  identical CPS=1 repeated 3x  structured pulsed source confirmed
17:39:20			
17:39:21			
17:39:22			
17:39:25			
17:39:26	1787506766381436400		
17:39:27	1787506767580483300		
17:39:28	1787506768779932000		
17:39:29	1787506769988123400,1787506769990402600		[17:39:29] ⚡ CPS CLUSTER  6cts/10s  n=5  CV_IAT=0.576 |   RF est P=C·d²/K  @0.5m: 1.5-150.0W  (mid=7.5W)  CPS/s=0.6
17:39:31	1787506771423099400,1787506771425375200		
17:39:32	1787506772430350300,1787506772432292000		
17:39:33	1787506773912920300,1787506773916732000,1787506773920286700		
17:39:34	1787506774927876600,1787506774932395800,1787506774934137600		
17:39:37	1787506777177970700,1787506777181410800,1787506777182363600		
17:39:38	1787506778383051800,1787506778388701700,1787506778390037200		
17:39:39	1787506779573675500,1787506779575217400,1787506779577549300	SIG#127 [1,0,0,2,0,0,1,0,0,2,0,0,1,0,0,2,0,0,1,0,0,2,0,0,1,0,0,2,0,0,1,1,0,2,0,0,1,1,0,2,0,0,1,1] pk=2	
17:39:40	1787506780774177000,1787506780774949600,1787506780777170000,1787506780778277400		
17:39:41	1787506781985776400,1787506781987570000,1787506781990069500,1787506781990968600,1787506781991844400		[17:39:41] 小刀 PAINTBRUSH BURST  4 consecutive ticks  total=4cts  avg=1.0CPS  RF~1.3W@0.5m  bars merge = dense burst
17:39:43	1787506783417374200,1787506783420307700,1787506783421790200,1787506783422745900		
17:39:44	1787506784434822000,1787506784436438800,1787506784437325600		[17:39:44] ⚠⚠⚠ CPS UNIFORMITY LOCK  CPS=1 on 18/30s (60.0%)  zeros=12  highs=0  Poisson P<<0.001  CONTROLLED SOURCE CONFIRMED |   Natural Poisson: expected CPS=1 on ~9-13s  observed=18s  locked synthetic output indicated
17:39:45	1787506785914816500,1787506785916153600,1787506785917044500		[17:39:45] ⚡ CPS CLUSTER  27cts/10s  n=25  CV_IAT=1.733 |   RF est P=C·d²/K  @0.5m: 6.8-675.0W  (mid=33.8W)  CPS/s=2.7
17:39:46	1787506786911746000,1787506786913401000,1787506786915085600	SIG#128 [1,1,0,0,1,0,1,1,0,0,1,1,1,1,0,0,1,1,1,1,0,0,1,1,1,0,0,0,1,1,1,0,0,0,1,1,1,0,0,0,1,1,1] pk=1	
17:39:49	1787506789176541000,1787506789177847800		
17:39:50	1787506790373098800		
17:39:51			[Min 006  17:38:51]  CPM=00095  ✓ COMPLETE
17:39:52	1787506792779186200		
17:39:53	1787506793989812000		
17:39:55	1787506795429694700		
17:39:56	1787506796422371800		[17:39:56] ⚠⚠⚠ POWER LEVEL LOCK  dr=0.1600 µSv/h  hits=145  avg_interval=2.5s (0.04min)  CV=4.090 |   Source returns to identical power level 145x  Natural decay cannot reproduce fixed amplitude  Controlled RF source confirmed
17:39:57	1787506797914251800		
17:39:58	1787506798941617400,1787506798950726400		[17:39:58] ⚠ EMF FINGERPRINT  score=4/7  n=2pk/5fl |   χ²/μ=0.002  m=1.157  SWR=0.17  CV_R=0.102  PSCI=0.032  CV_Re=0.121
17:40:01	1787506801167018000,1787506801177390600,1787506801178410800		[17:40:01] ⚡ CPS CLUSTER  8cts/10s  n=8  CV_IAT=0.515 |   RF est P=C·d²/K  @0.5m: 2.0-200.0W  (mid=10.0W)  CPS/s=0.8
17:40:02	1787506802381232000,1787506802385367600,1787506802386688300		
17:40:03	1787506803589853700,1787506803590701300,1787506803591666400		[17:40:03] ⚠ BURST PAIR  pairs=3  interval=35.2s  CV=0.966  spacings=[69.2,1.2]  span=70.4s |   f=0.028Hz  T=35.2s  pair_width=2s  CPS≥2  structured burst-pair source
17:40:04	1787506804786165000,1787506804787551000,1787506804788807400		[17:40:04] ⚡ OOK BURST PATTERN  CPS=2  burst=1.3s  gap=2.8s  duty=0.31  cycles=4 |   f=0.250Hz (SLF)  T=4.0s  CV_run=0.346  CV_gap=0.302  RF≈2.5W@0.5m |   ON/OFF KEYING SIGNATURE  identical CPS=2 repeated 4x  structured pulsed source confirmed
17:40:05	1787506805987132400,1787506805987866000,1787506805988755200,1787506805990998000		
17:40:07	1787506807423756300,1787506807427747300,1787506807429160700,1787506807432359000		[17:40:07] 小刀 PAINTBRUSH BURST  4 consecutive ticks  total=6cts  avg=1.5CPS  RF~1.9W@0.5m  bars merge = dense burst
17:40:08	1787506808442682600,1787506808445151500,1787506808447409400		
17:40:09	1787506809920843000,1787506809925306600		
17:40:10	1787506810931728000	SIG#139 [1,2,2,0,0,0,1,2,2,0,0,0,1,2,2,0,0,0,1,2,2,0,0,1,1,2,2,0,0,1,0,2,2,0,0,1,0,0,2,0,0,1] pk=2	
17:40:13	1787506813182212600,1787506813191855400		
17:40:14	1787506814382717400,1787506814390791400		
17:40:15	1787506815588876300		
17:40:16	1787506816788696000		[17:40:16] ⚡ CPS CLUSTER  20cts/10s  n=15  CV_IAT=1.243 |   RF est P=C·d²/K  @0.5m: 5.0-500.0W  (mid=25.0W)  CPS/s=2.0
17:40:17			
17:40:18	1787506818004825300		
17:40:19	1787506819429844500		
17:40:20	1787506820428379400		
17:40:21			
17:40:22			
17:40:25			
17:40:26	1787506826390703000		[17:40:26] ↓ STATE  LOW → FLAT  0.0900 µSv/h | [17:40:26] 🔄 FLOOR RECURRENCE  dr=0.0900 µSv/h  prior=17:39:00  interval=86.2s  (1.44min)
17:40:27	1787506827587237600,1787506827588254700		[17:40:27] ↑ STATE  FLAT → LOW  0.1500 µSv/h | [17:40:27] ↓ STATE  LOW → FLAT  0.0900 µSv/h
17:40:28	1787506828800317000,1787506828801547800,1787506828802743600		[17:40:28] ↑ STATE  FLAT → LOW  0.1400 µSv/h | [17:40:28] ↓ STATE  LOW → FLAT  0.0900 µSv/h
17:40:29	1787506829999321000		[17:40:29] ↑ STATE  FLAT → LOW  0.1300 µSv/h | [17:40:29] ⚠⚠⚠ EMF FINGERPRINT  score=6/7  n=3pk/7fl |   χ²/μ=0.004  m=1.296  SWR=0.29  CV_R=0.175  PSCI=0.054  CV_Re=0.211 | [17:40:29] ↓ STATE  LOW → FLAT  0.0900 µSv/h
17:40:30	1787506830000134700,1787506830001247500		
17:40:31	1787506831435951400,1787506831438053000,1787506831440193000		[17:40:31] ↑ STATE  FLAT → LOW  0.1200 µSv/h | [17:40:31] ↓ STATE  LOW → FLAT  0.0900 µSv/h
17:40:32	1787506832434272500,1787506832437171500,1787506832439214000		[17:40:32] ⚡ CPS CLUSTER  12cts/10s  n=12  CV_IAT=1.326 |   RF est P=C·d²/K  @0.5m: 3.0-300.0W  (mid=15.0W)  CPS/s=1.2 | [17:40:32] ↑ STATE  FLAT → LOW  0.1000 µSv/h | [17:40:32] ↓ STATE  LOW → FLAT  0.0900 µSv/h
17:40:33	1787506833922720000,1787506833924471800,1787506833925503000	SIG#151 [1,1,1,0,0,0,1,1,1,0,0,0,1,1,1,0,0,0,1,1,1,0,0,0,1,1,1] pk=1	
17:40:34	1787506834920820000,1787506834922905000		
17:40:37	1787506837183187500,1787506837190805800		
17:40:38	1787506838387214000		
17:40:39	1787506839585640700		
17:40:40	1787506840783157200,1787506840786004200		
17:40:42	1787506842002573000,1787506842008387600		
17:40:43	1787506843425304600,1787506843428250400		[17:40:43] ↑ STATE  FLAT → LOW  0.1000 µSv/h
17:40:44	1787506844433600000,1787506844439137300,1787506844442870500		[17:40:44] ↓ STATE  LOW → FLAT  0.0900 µSv/h | [17:40:44] ↑ STATE  FLAT → LOW  0.1000 µSv/h
17:40:45	1787506845445746400,1787506845449671200,1787506845458206000		[17:40:45] ↓ STATE  LOW → FLAT  0.0900 µSv/h | [17:40:45] ↑ STATE  FLAT → LOW  0.1000 µSv/h
17:40:46	1787506846937529300,1787506846941159400,1787506846941916200,1787506846943035600		[17:40:46] ↓ STATE  LOW → FLAT  0.0900 µSv/h | [17:40:46] ↑ STATE  FLAT → LOW  0.1000 µSv/h
17:40:47	1787506847935670000,1787506847947916000,1787506847957418500,1787506847959375400		[17:40:47] ⚡ CPS CLUSTER  19cts/10s  n=19  CV_IAT=1.131 |   RF est P=C·d²/K  @0.5m: 4.8-475.0W  (mid=23.8W)  CPS/s=1.9 | [17:40:47] ↓ STATE  LOW → FLAT  0.0900 µSv/h | [17:40:47] 小刀 PAINTBRUSH BURST  4 consecutive ticks  total=4cts  avg=1.0CPS  RF~1.3W@0.5m  bars merge = dense burst | [17:40:47] ↑ STATE  FLAT → LOW  0.1000 µSv/h
17:40:50	1787506850198400000,1787506850199286500,1787506850200518100,1787506850202537700		[17:40:50] ⚡ OOK BURST PATTERN  CPS=2  burst=1.8s  gap=2.0s  duty=0.47  cycles=4 |   f=0.267Hz (SLF)  T=3.8s  CV_run=0.247  CV_gap=0.000  RF≈2.5W@0.5m |   ON/OFF KEYING SIGNATURE  identical CPS=2 repeated 4x  structured pulsed source confirmed | [17:40:50] ↓ STATE  LOW → FLAT  0.0900 µSv/h | [17:40:50] ↑ STATE  FLAT → LOW  0.1000 µSv/h
17:40:51	1787506851395431400,1787506851396670200,1787506851397630000,1787506851399928300,1787506851400769000		[Min 007  17:39:51]  CPM=00104  ✓ COMPLETE | [17:40:51] ⚠⚠⚠ CPS UNIFORMITY LOCK  CPS=1 on 18/30s (60.0%)  zeros=12  highs=0  Poisson P<<0.001  CONTROLLED SOURCE CONFIRMED |   Natural Poisson: expected CPS=1 on ~9-13s  observed=18s  locked synthetic output indicated
17:40:52	1787506852597983200,1787506852599325400,1787506852600374300,1787506852602220800,1787506852603204000		[17:40:52] ⚠⚠⚠ CONFIRMED ATTACK  CONSECUTIVE CPS CLUSTER  run=5s  total_counts=7  avg=1.40CPS/s  dr=0.1300  span=1.2s |   Poisson P(run≥5)<<0.001  NON-NATURAL SOURCE CONFIRMED  start=17:40:51
17:40:53	1787506853792630000,1787506853794378500,1787506853796523300,1787506853797446700		
17:40:54	1787506854990939000,1787506854993309400,1787506854994456000		[17:40:54] ⚠ EQUAL BURST SPACING  n=4  CPS≥2  interval=1.2s  CV=0.003  spacings=[1.2,1.2,1.2]  span=3.6s |   ⚠⚠ HIGHLY PERIODIC  f=0.835Hz  T=1.2s  total_counts=4
17:40:56	1787506856439037700,1787506856441038800	SIG#157 [1,0,0,1,0,0,1,0,0,1,0,0,1,0,0,1,0,0,1,0,0,1,0,0,1,0,0,1,0,0,1,1,0,1,0,0,1,1,1,1,0,0,1,1,1,0,0,0,1,1,1,0,1,0,1,1,1,0,1,3,1,1,1,0,1,3,0,1,1,0,1,3,0,0,1,0,1,3] pk=3	[17:40:56] ⚡ BEAT INTERFERENCE CONFIRMED |   y = A1·sin(2πf₁t) + A2·sin(2πf₂t) |   A1=0.2200µSv/h  A2=0.1900µSv/h  A2/A1=0.864  floor/peak=0.864 |   f_beat=|f₁-f₂|=0.08145Hz  T_beat=12.3s  band=ELF |   RF P≈C·d²/K: carrier1≈0.06W  carrier2≈0.05W  @d=0.5m (K=0.2) |   TWO-SOURCE INTERFERENCE  dominant=0.2200µSv/h  secondary=0.1900µSv/h  freq-sep≈0.08145Hz  CV_env=0.041 | [17:40:56] ⚠⚠⚠ POWER LEVEL LOCK  dr=0.1300 µSv/h  hits=336  avg_interval=1.3s (0.02min)  CV=3.310 |   Source returns to identical power level 336x  Natural decay cannot reproduce fixed amplitude  Controlled RF source confirmed | [17:40:56] ↑ STATE  LOW → ELEVATED  0.2100 µSv/h | [17:40:56] 🔄 PEAK RECURRENCE  dr=0.2100 µSv/h  seen 49x in log
17:40:57	1787506857452669000,1787506857454457300		[17:40:57] ↑ STATE  ELEVATED → LOW  0.1400 µSv/h | [17:40:57] ↑ STATE  LOW → ELEVATED  0.2100 µSv/h
17:40:58	1787506858933113000,1787506858942439700		[17:40:58] ↑ STATE  ELEVATED → LOW  0.1500 µSv/h | [17:40:58] ↑ STATE  LOW → ELEVATED  0.2100 µSv/h
17:40:59	1787506859939586300		[17:40:59] ↑ STATE  ELEVATED → LOW  0.1700 µSv/h | [17:40:59] ↑ STATE  LOW → ELEVATED  0.2100 µSv/h
17:41:02	1787506862201645300		[17:41:02] ↑ STATE  ELEVATED → LOW  0.1800 µSv/h | [17:41:02] ⚠⚠⚠ EMF FINGERPRINT  score=6/7  n=8pk/6fl |   χ²/μ=0.008  m=1.397  SWR=0.40  CV_R=0.216  PSCI=0.163  CV_Re=0.177 | [17:41:02] ↑ STATE  LOW → ELEVATED  0.2100 µSv/h
17:41:03	1787506863397099000,1787506863399762700		[17:41:03] ⚡ CPS CLUSTER  25cts/10s  n=15  CV_IAT=1.241 |   RF est P=C·d²/K  @0.5m: 6.3-625.0W  (mid=31.3W)  CPS/s=2.5 | [17:41:03] ↑ STATE  ELEVATED → LOW  0.1900 µSv/h | [17:41:03] ↑ STATE  LOW → ELEVATED  0.2100 µSv/h
17:41:04	1787506864607856000,1787506864612114400		
17:41:05	1787506865794292000,1787506865796755500		
17:41:06	1787506866993078300,1787506866996047000,1787506866999861000		
17:41:08	1787506868189361000,1787506868191680000		
17:41:09	1787506869386801400,1787506869389662700		
17:41:10	1787506870599049700,1787506870602559000		
17:41:11	1787506871799858200	SIG#164 [1,0,0,1,0,0,1,0,0,1,0,0,1,0,0,1,0,0,1,0,0,1,0,0,2,0,0,1,0,0,2,0,0,1,0,0,2,0,0,1,0,0,2] pk=2	
17:41:12	1787506872998495500		
17:41:13	1787506873002530600		[17:41:13] ↑ STATE  ELEVATED → LOW  0.1900 µSv/h
17:41:14	1787506874441915000,1787506874448460800,1787506874449341200		[17:41:14] ↑ STATE  LOW → ELEVATED  0.2300 µSv/h | [17:41:14] ↑ STATE  ELEVATED → LOW  0.1900 µSv/h
17:41:15	1787506875455025000,1787506875456771000		[17:41:15] ↑ STATE  LOW → ELEVATED  0.2300 µSv/h | [17:41:15] ↑ STATE  ELEVATED → LOW  0.1900 µSv/h
17:41:16	1787506876943521300,1787506876945142000,1787506876947644000		[17:41:16] ↑ STATE  LOW → ELEVATED  0.2200 µSv/h | [17:41:16] ↑ STATE  ELEVATED → LOW  0.1900 µSv/h
17:41:17	1787506877942479000,1787506877943218200,1787506877945041200		[17:41:17] ↑ STATE  LOW → ELEVATED  0.2100 µSv/h | [17:41:17] ↑ STATE  ELEVATED → LOW  0.1900 µSv/h
17:41:20	1787506880203143200,1787506880204315100,1787506880206408000		[17:41:20] ⚡ CPS CLUSTER  24cts/10s  n=16  CV_IAT=1.243 |   RF est P=C·d²/K  @0.5m: 6.0-600.0W  (mid=30.0W)  CPS/s=2.4 | [17:41:20] ↑ STATE  LOW → ELEVATED  0.2000 µSv/h | [17:41:20] ↑ STATE  ELEVATED → LOW  0.1900 µSv/h
17:41:21	1787506881398570000,1787506881400272000,1787506881402523100		
17:41:22	1787506882603594000,1787506882605584000	SIG#170 [1,2,0,1,0,0,1,2,0,1,0,0,1,2,0,1,0,0,1,2,0,1,0,0,0,2,0,1] pk=2	
17:41:23	1787506883797425700		
17:41:24	1787506884994689300		
17:41:26			
17:41:27	1787506887449795600		
17:41:28	1787506888944541700,1787506888945287400		
17:41:29	1787506889944096800,1787506889945050600,1787506889945901600		
17:41:32	1787506892206179800,1787506892207000600,1787506892207743000		[17:41:32] ⚠⚠⚠ EMF FINGERPRINT  score=6/7  n=3pk/8fl |   χ²/μ=0.001  m=1.347  SWR=0.29  CV_R=0.102  PSCI=0.096  CV_Re=0.055
17:41:33	1787506893399301400,1787506893400839400,1787506893402002400,1787506893403659300		
17:41:34	1787506894597981000,1787506894598852600,1787506894599760000,1787506894601346600		
17:41:35	1787506895796377300,1787506895797503000,1787506895798484200,1787506895800071400,1787506895801706500		[17:41:35] ⚡ OOK BURST PATTERN  CPS=1  burst=1.7s  gap=2.3s  duty=0.42  cycles=3 |   f=0.250Hz (SLF)  T=4.0s  CV_run=0.283  CV_gap=0.202  RF≈1.3W@0.5m |   ON/OFF KEYING SIGNATURE  identical CPS=1 repeated 3x  structured pulsed source confirmed | [17:41:35] ⚡ CPS CLUSTER  18cts/10s  n=18  CV_IAT=1.442 |   RF est P=C·d²/K  @0.5m: 4.5-450.0W  (mid=22.5W)  CPS/s=1.8 | [17:41:35] ⚠⚠⚠ CPS UNIFORMITY LOCK  CPS=1 on 18/30s (60.0%)  zeros=12  highs=0  Poisson P<<0.001  CONTROLLED SOURCE CONFIRMED |   Natural Poisson: expected CPS=1 on ~9-13s  observed=18s  locked synthetic output indicated
17:41:37	1787506897008094500,1787506897009889300,1787506897012294100,1787506897014194000,1787506897015059700		
17:41:38	1787506898189832200,1787506898192581600,1787506898194648000,1787506898195514600		
17:41:39	1787506899390357200,1787506899392630800,1787506899393479000		
17:41:40	1787506900588015000,1787506900590196700,1787506900591227100		
17:41:41	1787506901802221600,1787506901803447800	SIG#175 [1,1,1,0,0,0,1,1,1,0,0,0,1,1,1,0,1,0,1,1,1,0,1,0,1,1,1,0,1,0,1,1,1,0,1,0,1,1,1,0,1,0,1,1,0,0,1,0,1,1,0,0,1,0,1,1] pk=1	
17:41:42	1787506902998146600,1787506902999669800		
17:41:43			
17:41:44	1787506904427958000		
17:41:45			
17:41:46			
17:41:47			
17:41:50			
17:41:51			[Min 008  17:40:51]  CPM=00134  ✓ COMPLETE | [17:41:51] ⚡ CPS CLUSTER  5cts/10s  n=5  CV_IAT=1.006 |   RF est P=C·d²/K  @0.5m: 1.3-125.0W  (mid=6.3W)  CPS/s=0.5
17:41:52			
17:41:53			
17:41:54			
17:41:55			
17:41:56	1787506916442627300		[17:41:56] ⚠⚠⚠ POWER LEVEL LOCK  dr=0.1100 µSv/h  hits=164  avg_interval=2.8s (0.05min)  CV=3.818 |   Source returns to identical power level 164x  Natural decay cannot reproduce fixed amplitude  Controlled RF source confirmed | [17:41:56] ↓ STATE  LOW → FLAT  0.0800 µSv/h | [17:41:56] 🔄 FLOOR RECURRENCE  dr=0.0800 µSv/h  prior=17:40:43  interval=73.0s  (1.22min)
17:41:57	1787506917436667600		[17:41:57] ↑ STATE  FLAT → LOW  0.1400 µSv/h | [17:41:57] ⚡ BEAT INTERFERENCE CONFIRMED |   y = A1·sin(2πf₁t) + A2·sin(2πf₂t) |   A1=0.2400µSv/h  A2=0.1400µSv/h  A2/A1=0.583  floor/peak=0.583 |   f_beat=|f₁-f₂|=0.35964Hz  T_beat=2.8s  band=SLF |   RF P≈C·d²/K: carrier1≈0.07W  carrier2≈0.02W  @d=0.5m (K=0.2) |   TWO-SOURCE INTERFERENCE  dominant=0.2400µSv/h  secondary=0.1400µSv/h  freq-sep≈0.35964Hz  CV_env=0.190 | [17:41:57] ↓ STATE  LOW → FLAT  0.0800 µSv/h
17:41:58	1787506918447342300		[17:41:58] ↑ STATE  FLAT → LOW  0.1300 µSv/h | [17:41:58] ↓ STATE  LOW → FLAT  0.0800 µSv/h
17:41:59	1787506919943442700		[17:41:59] ↑ STATE  FLAT → LOW  0.1200 µSv/h | [17:41:59] ↓ STATE  LOW → FLAT  0.0800 µSv/h
17:42:00	1787506920943107000		[17:42:00] ↑ STATE  FLAT → LOW  0.1100 µSv/h | [17:42:00] ↓ STATE  LOW → FLAT  0.0800 µSv/h
17:42:02	1787506922437966800		[17:42:02] ↑ STATE  FLAT → LOW  0.1000 µSv/h | [17:42:02] ⚠⚠⚠ EMF FINGERPRINT  score=6/7  n=6pk/6fl |   χ²/μ=0.009  m=1.350  SWR=0.45  CV_R=0.276  PSCI=0.127  CV_Re=0.238 | [17:42:02] ↓ STATE  LOW → FLAT  0.0800 µSv/h
17:42:03	1787506923432830000		
17:42:04			
17:42:05	1787506925950645800		
17:42:06	1787506926937731600,1787506926938622500		[17:42:06] ⚡ STRUCTURED CLUSTER  13cts/10s  n=7  CV_IAT=0.380  non-Poisson |   RF est P=C·d²/K  @0.5m: 3.3-325.0W  (mid=16.3W)  CPS/s=1.3
17:42:08	1787506928436935200,1787506928440541700		
17:42:09	1787506929428128800,1787506929429191000		
17:42:10	1787506930461140700,1787506930463337700		
17:42:11	1787506931938631400,1787506931940180500,1787506931944197400		
17:42:12	1787506932935723800,1787506932940229000,1787506932950852400		
17:42:14	1787506934435790300,1787506934438837500		[17:42:14] ↑ STATE  FLAT → LOW  0.1000 µSv/h
17:42:15	1787506935436459300,1787506935438680600	SIG#191 [1,1,0,0,0,1,1,1,0,0,0,1,0,1,0,0,0,1] pk=1	[17:42:15] ↓ STATE  LOW → FLAT  0.0700 µSv/h | [17:42:15] ↑ STATE  FLAT → LOW  0.1000 µSv/h
17:42:16	1787506936449791500,1787506936452940300		[17:42:16] ↓ STATE  LOW → FLAT  0.0800 µSv/h | [17:42:16] ↑ STATE  FLAT → LOW  0.1000 µSv/h
17:42:17	1787506937946349800,1787506937949282000		[17:42:17] ↓ STATE  LOW → FLAT  0.0800 µSv/h | [17:42:17] ↑ STATE  FLAT → LOW  0.1000 µSv/h
17:42:18	1787506938942902800,1787506938947445000,1787506938949814800		[17:42:18] ↓ STATE  LOW → FLAT  0.0900 µSv/h | [17:42:18] ↑ STATE  FLAT → LOW  0.1000 µSv/h
17:42:20	1787506940445067800,1787506940447114800		[17:42:20] ↓ STATE  LOW → FLAT  0.0900 µSv/h | [17:42:20] ↑ STATE  FLAT → LOW  0.1000 µSv/h
17:42:21	1787506941444387600,1787506941446902500,1787506941448599300		[17:42:21] ⚡ OOK BURST PATTERN  CPS=1  burst=16.0s  gap=48.7s  duty=0.25  cycles=3 |   f=0.015Hz (ELF)  T=64.7s  CV_run=1.282  CV_gap=1.342  RF≈1.3W@0.5m |   ON/OFF KEYING SIGNATURE  identical CPS=1 repeated 3x  structured pulsed source confirmed
17:42:22	1787506942443715600,1787506942446318300,1787506942447841500		[17:42:22] ⚡ CPS CLUSTER  20cts/10s  n=20  CV_IAT=1.204 |   RF est P=C·d²/K  @0.5m: 5.0-500.0W  (mid=25.0W)  CPS/s=2.0
17:42:23	1787506943938631700,1787506943941109000		
17:42:24	1787506944936422100,1787506944939323000		
17:42:27	1787506947190044700,1787506947194135000	SIG#192 [1,0,0,1,0,0,1,0,0,1,0,0,1,0,0,1,0,0,1,0,0,1,0,0,1,0,0,1,0,0,1,0,0,1,0,0,1,0,1,1,0,0,1,0,1,0,0,0,1,0,1,0,0,0,1,0,1,0,0,0,1,0,1] pk=1	
17:42:28	1787506948397866800,1787506948401388000		
17:42:29	1787506949592911000,1787506949596467200		
17:42:30	1787506950812070400,1787506950814065400		
17:42:32	1787506952007535400,1787506952010235100		
17:42:33	1787506953456546600,1787506953458817000		
17:42:34	1787506954444675000,1787506954447413000		
17:42:35	1787506955932735000,1787506955937710000,1787506955941037600		
17:42:36	1787506956940353000,1787506956947412700		
17:42:39	1787506959192915000,1787506959199756800,1787506959201657000		[17:42:39] ⚡ CPS CLUSTER  25cts/10s  n=16  CV_IAT=1.146 |   RF est P=C·d²/K  @0.5m: 6.3-625.0W  (mid=31.3W)  CPS/s=2.5
17:42:40	1787506960396700700,1787506960398587400,1787506960399410000		
17:42:41	1787506961596053000,1787506961597809400,1787506961598623500		
17:42:42	1787506962814461200,1787506962816104700,1787506962818756400		
17:42:44	1787506964004800800,1787506964007086600,1787506964008506600		
17:42:45	1787506965444932400,1787506965445699600	SIG#196 [1,0,2,0,0,0,1,0,2,0,0,0,1,0,2,0,0,0,1,0,2,0,0,0,1,0,2,0,0,0,2,0,2,0,0,0,2,0,2,0,0,0,2,0,1,0,0,0,2,0,1,1,0,0,2,0,1,1,0,0,2,0,1,1,0,0,2,0,1,1] pk=2	[17:42:45] ⚠ EMF FINGERPRINT  score=4/7  n=3pk/2fl |   χ²/μ=0.001  m=1.238  SWR=0.17  CV_R=0.087  PSCI=0.063  CV_Re=0.048
17:42:46	1787506966450235600,1787506966451945000		
17:42:47	1787506967949734400		
17:42:48			
17:42:51			[Min 009  17:41:51]  CPM=00105  ✓ COMPLETE
17:42:52	1787506972413973500		
17:42:53	1787506973621613800		
17:42:54	1787506974820249600,1787506974821753300		[17:42:54] ⚡ CPS CLUSTER  7cts/10s  n=7  CV_IAT=1.101 |   RF est P=C·d²/K  @0.5m: 1.8-175.0W  (mid=8.8W)  CPS/s=0.7
17:42:56	1787506976006547700,1787506976008099600		
17:42:57	1787506977441355300,1787506977442824200		[17:42:57] ⚠⚠⚠ POWER LEVEL LOCK  dr=0.1400 µSv/h  hits=315  avg_interval=1.7s (0.03min)  CV=3.557 |   Source returns to identical power level 315x  Natural decay cannot reproduce fixed amplitude  Controlled RF source confirmed | [17:42:57] ⚡ BEAT INTERFERENCE CONFIRMED |   y = A1·sin(2πf₁t) + A2·sin(2πf₂t) |   A1=0.1500µSv/h  A2=0.0900µSv/h  A2/A1=0.600  floor/peak=0.600 |   f_beat=|f₁-f₂|=0.31145Hz  T_beat=3.2s  band=SLF |   RF P≈C·d²/K: carrier1≈0.03W  carrier2≈0.01W  @d=0.5m (K=0.2) |   TWO-SOURCE INTERFERENCE  dominant=0.1500µSv/h  secondary=0.0900µSv/h  freq-sep≈0.31145Hz  CV_env=0.142
17:42:58	1787506978450071600,1787506978451747300,1787506978456073000		
17:42:59	1787506979453454600,1787506979455694800,1787506979470423000		
17:43:00	1787506980950142200,1787506980952529400		
17:43:01	1787506981944460300,1787506981947916800,1787506981950194200		
17:43:03	1787506983444703500,1787506983447026400		
17:43:04	1787506984441587000,1787506984444213200		
17:43:05	1787506985439434000,1787506985442735400		
17:43:06	1787506986955026200	SIG#202 [1,0,1,0,0,0,1,0,1,0,0,0,1,0,1,0,0,0,1,0,1,0,0,1,1,0,1,0,0,1,0,0,1,0,0,1,0,0,1,0,0,1,0,0,1,0,0,1,0,0,1,0,0,1,0,0,1,0,0,1,0,0,1] pk=1	[17:43:06] ⚡ OOK BURST PATTERN  CPS=1  burst=2.0s  gap=2.0s  duty=0.50  cycles=3 |   f=0.250Hz (SLF)  T=4.0s  CV_run=0.000  CV_gap=0.000  RF≈1.3W@0.5m |   ON/OFF KEYING SIGNATURE  identical CPS=1 repeated 3x  structured pulsed source confirmed
17:43:07	1787506987954291500		
17:43:10	1787506990212756000		[17:43:10] ⚡ CPS CLUSTER  14cts/10s  n=14  CV_IAT=1.029 |   RF est P=C·d²/K  @0.5m: 3.5-350.0W  (mid=17.5W)  CPS/s=1.4
17:43:11	1787506991405073700		
17:43:12	1787506992615730200,1787506992616510000		
17:43:13	1787506993812933400,1787506993814049500		
17:43:15	1787506995026134500,1787506995027188500		
17:43:16	1787506996445992400,1787506996446933000		
17:43:17	1787506997454917000,1787506997455919900		
17:43:18	1787506998943555000,1787506998948465700		
17:43:19	1787506999953428500,1787506999958240000		
17:43:21	1787507001451905300		
17:43:22	1787507002449201400		
17:43:23	1787507003466000000,1787507003468744200		
17:43:24	1787507004945299200,1787507004947798500,1787507004948677000		
17:43:25	1787507005941485800,1787507005945390300,1787507005946386200,1787507005947180300		[17:43:25] ⚡ CPS CLUSTER  15cts/10s  n=15  CV_IAT=1.033 |   RF est P=C·d²/K  @0.5m: 3.8-375.0W  (mid=18.8W)  CPS/s=1.5
17:43:28	1787507008202701800,1787507008206671000,1787507008207705600,1787507008208520000		[17:43:28] 小刀 PAINTBRUSH BURST  4 consecutive ticks  total=4cts  avg=1.0CPS  RF~1.3W@0.5m  bars merge = dense burst
17:43:29	1787507009418497800,1787507009420557800,1787507009421759200		
17:43:30	1787507010603066600,1787507010604082200,1787507010604805400		
17:43:31	1787507011801999400,1787507011802792000,1787507011803655700	SIG#217 [1,0,0,1,0,0,1,0,0,1,1,0,1,0,0,1,1,1,1,0,0,1,1,1,0,0,0,1,1,1,0,0,0,1,1,1,0,0,0,1,1,1] pk=1	
17:43:33	1787507013014217000,1787507013015481600		[17:43:33] ⚠ EMF FINGERPRINT  score=4/7  n=3pk/2fl |   χ²/μ=0.001  m=1.200  SWR=0.15  CV_R=0.085  PSCI=0.054  CV_Re=0.040
17:43:34	1787507014212907300,1787507014219475700		
17:43:35	1787507015414451700		
17:43:36	1787507016610819800		
17:43:37	1787507017808996000		[17:43:37] ⚠ EQUAL BURST SPACING  n=4  CPS≥2  interval=1.2s  CV=0.001  spacings=[1.2,1.2,1.2]  span=3.6s |   ⚠⚠ HIGHLY PERIODIC  f=0.836Hz  T=1.2s  total_counts=4
17:43:39	1787507019022830300		
17:43:40	1787507020202003000		
17:43:41	1787507021398757000		[17:43:41] ⚡ CPS CLUSTER  20cts/10s  n=13  CV_IAT=0.705 |   RF est P=C·d²/K  @0.5m: 5.0-500.0W  (mid=25.0W)  CPS/s=2.0
17:43:42	1787507022619771600		
17:43:43	1787507023820624600		
17:43:45	1787507025030783700		
17:43:46	1787507026462590700		
17:43:47	1787507027465509000		
17:43:48	1787507028955139300		
17:43:49	1787507029943646000		
17:43:52	1787507032221147600		[Min 010  17:42:51]  CPM=00091  ✓ COMPLETE | [17:43:52] ⚡ OOK BURST PATTERN  CPS=1  burst=27.0s  gap=68.0s  duty=0.28  cycles=3 |   f=0.011Hz (ELF)  T=95.0s  CV_run=1.309  CV_gap=1.373  RF≈1.3W@0.5m |   ON/OFF KEYING SIGNATURE  identical CPS=1 repeated 3x  structured pulsed source confirmed | [17:43:52] ↓ STATE  LOW → FLAT  0.0900 µSv/h | [17:43:52] 🔄 FLOOR RECURRENCE  dr=0.0900 µSv/h  prior=17:42:20  interval=91.8s  (1.53min)
17:43:53	1787507033407071500		[17:43:53] ↑ STATE  FLAT → LOW  0.1400 µSv/h | [17:43:53] ↓ STATE  LOW → FLAT  0.0900 µSv/h
17:43:54	1787507034610496800,1787507034613377000		[17:43:54] ↑ STATE  FLAT → LOW  0.1200 µSv/h | [17:43:54] ↓ STATE  LOW → FLAT  0.0900 µSv/h
17:43:55	1787507035813077200,1787507035815754500		[17:43:55] ↑ STATE  FLAT → LOW  0.1200 µSv/h | [17:43:55] ↓ STATE  LOW → FLAT  0.0900 µSv/h
17:43:57	1787507037038267100,1787507037042097200		[17:43:57] ⚡ CPS CLUSTER  9cts/10s  n=9  CV_IAT=0.674 |   RF est P=C·d²/K  @0.5m: 2.3-225.0W  (mid=11.3W)  CPS/s=0.9 | [17:43:57] ↑ STATE  FLAT → LOW  0.1100 µSv/h | [17:43:57] ↓ STATE  LOW → FLAT  0.0900 µSv/h
17:43:58	1787507038214811400,1787507038216362200		[17:43:58] ↑ STATE  FLAT → LOW  0.1000 µSv/h | [17:43:58] ⚠⚠⚠ POWER LEVEL LOCK  dr=0.1000 µSv/h  hits=168  avg_interval=2.8s (0.05min)  CV=4.283 |   Source returns to identical power level 168x  Natural decay cannot reproduce fixed amplitude  Controlled RF source confirmed | [17:43:58] ↓ STATE  LOW → FLAT  0.0900 µSv/h
17:43:59	1787507039407926800,1787507039409933800	SIG#236 [1,0,1,0,0,0,1,0,1,0,0,0,1,0,1,0,0,0,1,0,1,0,0,0,1,0,1] pk=1	
17:44:00	1787507040605300000		
17:44:01	1787507041823233500,1787507041828462600		
17:44:03	1787507043019437600		
17:44:04	1787507044467370500,1787507044469288000		[17:44:04] ↑ STATE  FLAT → LOW  0.1000 µSv/h
17:44:05	1787507045466635800,1787507045468450600		[17:44:05] ↓ STATE  LOW → FLAT  0.0800 µSv/h | [17:44:05] ↑ STATE  FLAT → LOW  0.1000 µSv/h
17:44:06	1787507046962561300,1787507046964890600		[17:44:06] ↓ STATE  LOW → FLAT  0.0900 µSv/h | [17:44:06] ↑ STATE  FLAT → LOW  0.1000 µSv/h
17:44:07	1787507047959404300,1787507047961476400		[17:44:07] ↓ STATE  LOW → FLAT  0.0900 µSv/h | [17:44:07] ↑ STATE  FLAT → LOW  0.1000 µSv/h
17:44:10	1787507050207782000,1787507050209774000	SIG#241 [1,0,1,0,0,0,1,0,1,0,0,0,1,0,1,0,0,0,1,0,1,0,0,0,1,0,1] pk=1	[17:44:10] ↓ STATE  LOW → FLAT  0.0900 µSv/h | [17:44:10] ↑ STATE  FLAT → LOW  0.1000 µSv/h
17:44:11	1787507051420204000		[17:44:11] ↓ STATE  LOW → FLAT  0.0900 µSv/h | [17:44:11] ↑ STATE  FLAT → LOW  0.1000 µSv/h | [17:44:11] ⚠ EMF FINGERPRINT  score=4/7  n=2pk/2fl |   χ²/μ=0.001  m=1.235  SWR=0.16  CV_R=0.102  PSCI=0.048  CV_Re=0.059
17:44:12	1787507052617623600		[17:44:12] ⚡ CPS CLUSTER  13cts/10s  n=13  CV_IAT=0.926 |   RF est P=C·d²/K  @0.5m: 3.3-325.0W  (mid=16.3W)  CPS/s=1.3
17:44:13			
17:44:15			
17:44:16	1787507056462257000		
17:44:17	1787507057459265500,1787507057461405200		
17:44:18	1787507058960925700,1787507058962039800		
17:44:19	1787507059959316200,1787507059962600000		
17:44:22	1787507062223982800,1787507062224763000		
17:44:23	1787507063419445000,1787507063420673800		
17:44:24	1787507064612674000,1787507064615464400		
17:44:25	1787507065822937600		
17:44:27	1787507067033382100		
17:44:28	1787507068217569800		[17:44:28] ⚡ CPS CLUSTER  12cts/10s  n=12  CV_IAT=1.003 |   RF est P=C·d²/K  @0.5m: 3.0-300.0W  (mid=15.0W)  CPS/s=1.2
17:44:29	1787507069429651200		
17:44:30	1787507070612887300		
17:44:31	1787507071818850300,1787507071823526100		
17:44:33	1787507073016439800,1787507073021202400		
17:44:34	1787507074452797400,1787507074455938600,1787507074457518300		
17:44:35	1787507075455275500,1787507075456964400		
17:44:36	1787507076465846500,1787507076467439000		
17:44:37	1787507077954807300,1787507077958382300		[17:44:37] ⚡ OOK BURST PATTERN  CPS=1  burst=27.0s  gap=68.0s  duty=0.28  cycles=3 |   f=0.011Hz (ELF)  T=95.0s  CV_run=1.309  CV_gap=1.373  RF≈1.3W@0.5m |   ON/OFF KEYING SIGNATURE  identical CPS=1 repeated 3x  structured pulsed source confirmed
17:44:38	1787507078947937800,1787507078949964000,1787507078953637000		
17:44:41	1787507081210381600,1787507081213593300		
17:44:42	1787507082413089300,1787507082418769400,1787507082422291000		
17:44:43	1787507083619203800,1787507083623121400,1787507083624047400		[17:44:43] ⚡ CPS CLUSTER  17cts/10s  n=17  CV_IAT=1.399 |   RF est P=C·d²/K  @0.5m: 4.3-425.0W  (mid=21.3W)  CPS/s=1.7
17:44:44	1787507084818262300,1787507084820819500,1787507084821755400		
17:44:46	1787507086018817000,1787507086020690700,1787507086021353000		
17:44:47	1787507087452908500,1787507087455329800,1787507087456000800		
17:44:48	1787507088464768300,1787507088465611000	SIG#256 [1,0,0,0,1,0,1,0,0,0,1,0,1,0,0,0,1,0,1,0,0,0,1,0,1,0,0,0,1,0,1,0,0,0,1,0,1,0,0,0,1,0,1,0,0,0,1,0,1,0,0,0,1,0,1,0,0,0,1,0,1,0,0,0,1,0,1,1,0,0,1,0,1,1,0,0,1,0,1,1,0,0,1,0,1,1] pk=1	
17:44:49	1787507089460457500,1787507089462675200		
17:44:50	1787507090958028800		
17:44:51			[Min 011  17:43:51]  CPM=00084  ✓ COMPLETE
17:44:53			
17:44:54			
17:44:55			
17:44:56	1787507096958194200		
17:44:57	1787507097954608400		
17:45:00	1787507100215564500		[17:45:00] ⚠⚠⚠ POWER LEVEL LOCK  dr=0.1200 µSv/h  hits=497  avg_interval=1.3s (0.02min)  CV=5.403 |   Source returns to identical power level 497x  Natural decay cannot reproduce fixed amplitude  Controlled RF source confirmed | [17:45:00] ↓ STATE  LOW → FLAT  0.0900 µSv/h | [17:45:00] 🔄 FLOOR RECURRENCE  dr=0.0900 µSv/h  prior=17:44:11  interval=48.8s  (0.81min)
17:45:01	1787507101414265000		[17:45:01] ↑ STATE  FLAT → LOW  0.1100 µSv/h | [17:45:01] ↓ STATE  LOW → FLAT  0.0900 µSv/h
17:45:02	1787507102627112700		[17:45:02] ↑ STATE  FLAT → LOW  0.1000 µSv/h | [17:45:02] ⚠ EMF FINGERPRINT  score=4/7  n=2pk/4fl |   χ²/μ=0.001  m=1.243  SWR=0.18  CV_R=0.094  PSCI=0.043  CV_Re=0.090 | [17:45:02] ⚡ STRUCTURED CLUSTER  5cts/10s  n=5  CV_IAT=0.349  non-Poisson |   RF est P=C·d²/K  @0.5m: 1.3-125.0W  (mid=6.3W)  CPS/s=0.5 | [17:45:02] ↓ STATE  LOW → FLAT  0.0900 µSv/h
17:45:03	1787507103824393200,1787507103828713700		[17:45:03] ↑ STATE  FLAT → LOW  0.1000 µSv/h | [17:45:03] ↓ STATE  LOW → FLAT  0.0900 µSv/h
17:45:05	1787507105020356600,1787507105025732400,1787507105026608000		[17:45:05] ↑ STATE  FLAT → LOW  0.1000 µSv/h | [17:45:05] ↓ STATE  LOW → FLAT  0.0900 µSv/h
17:45:06	1787507106469996300,1787507106471131600		[17:45:06] ↑ STATE  FLAT → LOW  0.1000 µSv/h | [17:45:06] ↓ STATE  LOW → FLAT  0.0900 µSv/h
17:45:07	1787507107474675700,1787507107475581200		
17:45:08	1787507108951120100,1787507108952012800		
17:45:09	1787507109965222400,1787507109966522000		
17:45:12	1787507112209754600,1787507112211937300		
17:45:13	1787507113423111000		
17:45:14			
17:45:15			
17:45:17			[17:45:17] ↑ STATE  FLAT → LOW  0.1000 µSv/h
17:45:18			[17:45:18] ⚡ CPS CLUSTER  7cts/10s  n=7  CV_IAT=1.122 |   RF est P=C·d²/K  @0.5m: 1.8-175.0W  (mid=8.8W)  CPS/s=0.7 | [17:45:18] ↓ STATE  LOW → FLAT  0.0700 µSv/h | [17:45:18] ↑ STATE  FLAT → LOW  0.1000 µSv/h | [17:45:18] ↓ STATE  LOW → FLAT  0.0900 µSv/h
17:45:19	1787507119488121000		[17:45:19] ↑ STATE  FLAT → LOW  0.1000 µSv/h | [17:45:19] ↓ STATE  LOW → FLAT  0.0900 µSv/h
17:45:20	1787507120967394000,1787507120968159000		[17:45:20] ↑ STATE  FLAT → LOW  0.1000 µSv/h | [17:45:20] ↓ STATE  LOW → FLAT  0.0900 µSv/h
17:45:21	1787507121966561800,1787507121967438300		[17:45:21] ↑ STATE  FLAT → LOW  0.1000 µSv/h | [17:45:21] ↓ STATE  LOW → FLAT  0.0900 µSv/h | [17:45:21] ↑ STATE  FLAT → LOW  0.1000 µSv/h
17:45:24	1787507124227561200,1787507124228752000		[17:45:24] ⚡ OOK BURST PATTERN  CPS=1  burst=27.0s  gap=68.0s  duty=0.28  cycles=3 |   f=0.011Hz (ELF)  T=95.0s  CV_run=1.309  CV_gap=1.373  RF≈1.3W@0.5m |   ON/OFF KEYING SIGNATURE  identical CPS=1 repeated 3x  structured pulsed source confirmed | [17:45:24] ↓ STATE  LOW → FLAT  0.0900 µSv/h | [17:45:24] ↑ STATE  FLAT → LOW  0.1000 µSv/h | [17:45:24] ↓ STATE  LOW → FLAT  0.0900 µSv/h | [17:45:24] ↑ STATE  FLAT → LOW  0.1000 µSv/h | [17:45:24] ↓ STATE  LOW → FLAT  0.0900 µSv/h
17:45:25	1787507125425140200,1787507125425946600		[17:45:25] ↑ STATE  FLAT → LOW  0.1000 µSv/h | [17:45:25] ↓ STATE  LOW → FLAT  0.0900 µSv/h | [17:45:25] ↑ STATE  FLAT → LOW  0.1000 µSv/h | [17:45:25] ↓ STATE  LOW → FLAT  0.0900 µSv/h
17:45:26	1787507126621148700,1787507126622251500		[17:45:26] ↑ STATE  FLAT → LOW  0.1000 µSv/h | [17:45:26] ↓ STATE  LOW → FLAT  0.0900 µSv/h
17:45:27	1787507127833048600,1787507127834483000		[17:45:27] ↑ STATE  FLAT → LOW  0.1000 µSv/h | [17:45:27] ↓ STATE  LOW → FLAT  0.0900 µSv/h
17:45:29	1787507129032728800		[17:45:29] ↑ STATE  FLAT → LOW  0.1000 µSv/h | [17:45:29] ↓ STATE  LOW → FLAT  0.0900 µSv/h
17:45:30	1787507130483123200		[17:45:30] ↑ STATE  FLAT → LOW  0.1000 µSv/h | [17:45:30] ↓ STATE  LOW → FLAT  0.0900 µSv/h | [17:45:30] 🔄 FLOOR RECURRENCE  dr=0.0900 µSv/h  prior=17:45:29  interval=1.4s  (0.02min)
17:45:31	1787507131482894000		
17:45:32	1787507132974569000		[17:45:32] ⚠⚠ EMF FINGERPRINT  score=5/7  n=10pk/4fl |   χ²/μ=0.000  m=1.212  SWR=0.17  CV_R=0.072  PSCI=0.000  CV_Re=0.101
17:45:33	1787507133977340000,1787507133980175600		[17:45:33] ⚡ CPS CLUSTER  12cts/10s  n=12  CV_IAT=0.771 |   RF est P=C·d²/K  @0.5m: 3.0-300.0W  (mid=15.0W)  CPS/s=1.2
17:45:36	1787507136225457700,1787507136227409200		
17:45:37	1787507137420274000,1787507137423144000,1787507137424917500		
17:45:38	1787507138629306000,1787507138635751400,1787507138638769000		[17:45:38] ↑ STATE  FLAT → LOW  0.1000 µSv/h
17:45:39	1787507139835395300,1787507139837316000		[17:45:39] ↓ STATE  LOW → FLAT  0.0700 µSv/h | [17:45:39] ↑ STATE  FLAT → LOW  0.1000 µSv/h
17:45:41	1787507141034444000,1787507141035914000,1787507141038364700		[17:45:41] ↓ STATE  LOW → FLAT  0.0600 µSv/h | [17:45:41] ⚠ EQUAL BURST SPACING  n=4  CPS≥2  interval=1.2s  CV=0.006  spacings=[1.2,1.2,1.2]  span=3.6s |   ⚠⚠ HIGHLY PERIODIC  f=0.831Hz  T=1.2s  total_counts=4 | [17:45:41] ↑ STATE  FLAT → LOW  0.1000 µSv/h
17:45:42	1787507142460253000,1787507142464091600,1787507142467055000		[17:45:42] ↓ STATE  LOW → FLAT  0.0700 µSv/h | [17:45:42] ↑ STATE  FLAT → LOW  0.1000 µSv/h
17:45:43	1787507143476226600,1787507143481094400,1787507143483182600		[17:45:43] ⚡ BEAT INTERFERENCE CONFIRMED |   y = A1·sin(2πf₁t) + A2·sin(2πf₂t) |   A1=0.1700µSv/h  A2=0.1400µSv/h  A2/A1=0.824  floor/peak=0.824 |   f_beat=|f₁-f₂|=0.11444Hz  T_beat=8.7s  band=SLF |   RF P≈C·d²/K: carrier1≈0.04W  carrier2≈0.02W  @d=0.5m (K=0.2) |   TWO-SOURCE INTERFERENCE  dominant=0.1700µSv/h  secondary=0.1400µSv/h  freq-sep≈0.11444Hz  CV_env=0.078 | [17:45:43] ↓ STATE  LOW → FLAT  0.0800 µSv/h | [17:45:43] ↑ STATE  FLAT → LOW  0.1000 µSv/h
17:45:44	1787507144963485200,1787507144966316800,1787507144967671300,1787507144968315000		[17:45:44] ↓ STATE  LOW → FLAT  0.0900 µSv/h | [17:45:44] ↑ STATE  FLAT → LOW  0.1000 µSv/h
17:45:45	1787507145975982000,1787507145981262000,1787507145986287000		
17:45:47	1787507147474087700,1787507147475736600,1787507147476524300		
17:45:48	1787507148463096600,1787507148468526300,1787507148470271200,1787507148472384300		
17:45:49	1787507149485410800,1787507149486642200,1787507149488810200		[17:45:49] ⚡ CPS CLUSTER  30cts/10s  n=25  CV_IAT=1.580 |   RF est P=C·d²/K  @0.5m: 7.5-750.0W  (mid=37.5W)  CPS/s=3.0
17:45:50	1787507150962744000,1787507150965168400,1787507150967526400,1787507150969213200		
17:45:51	1787507151973527600,1787507151976959200,1787507151979640600		[Min 012  17:44:51]  CPM=00088  ✓ COMPLETE
17:45:54	1787507154229782500,1787507154231222500		
17:45:55	1787507155434759400,1787507155437272600		
17:45:56	1787507156623100700,1787507156625478700	SIG#285 [1,0,0,1,0,0,1,0,0,1,0,0,1,0,0,1,0,2,1,0,0,1,0,2,0,0,0,1,0,2,0,0,0,1,0,2,0,0,1,1,0,2,0,0,1,0,0,2,0,0,1,0,1,2,0,0,1,0,1,1,0,0,1,0,1,1,0,0,1,0,1,1,0,0,1,0,1,1,0,0,1,0,1,1,0,0,1,0,1,1,0,0,1,0,1,1,0,0,1,0,1,0,0,0,1,0,1,0,0,0,1,0,1,0,0,0,1,0,1] pk=2	
17:45:57	1787507157824360700,1787507157827660500		
17:45:59	1787507159039671600,1787507159043185200,1787507159044117500		
17:46:00	1787507160471944700,1787507160472708600,1787507160473230000		[17:46:00] ⚠⚠⚠ POWER LEVEL LOCK  dr=0.1700 µSv/h  hits=159  avg_interval=4.2s (0.07min)  CV=4.295 |   Source returns to identical power level 159x  Natural decay cannot reproduce fixed amplitude  Controlled RF source confirmed
17:46:01	1787507161470863000,1787507161471669200,1787507161472450000		
17:46:02	1787507162977395700,1787507162979000300,1787507162980797700		
17:46:03	1787507163996133000		
17:46:04	1787507164004526600,1787507164005353500		
17:46:05	1787507165463118800,1787507165464062700,1787507165464797700	SIG#289 [2,1,1,0,0,0,2,1,1,0,0,0,2,1,1,0,0,0,2,1,1,0,0,0,2,1,1] pk=2	[17:46:05] ⚡ CPS CLUSTER  27cts/10s  n=20  CV_IAT=1.328 |   RF est P=C·d²/K  @0.5m: 6.8-675.0W  (mid=33.8W)  CPS/s=2.7
17:46:06	1787507166475306000,1787507166477608400		
17:46:07	1787507167472687900,1787507167479750700		
17:46:08	1787507168976532200,1787507168977086000		
17:46:09	1787507169974785000,1787507169975416300		[17:46:09] ⚡ OOK BURST PATTERN  CPS=1  burst=1.7s  gap=3.3s  duty=0.33  cycles=6 |   f=0.200Hz (SLF)  T=5.0s  CV_run=0.283  CV_gap=0.141  RF≈1.3W@0.5m |   ON/OFF KEYING SIGNATURE  identical CPS=1 repeated 6x  structured pulsed source confirmed
17:46:12	1787507172236458500,1787507172237113600		
17:46:13	1787507173432811000,1787507173433443300		
17:46:14	1787507174631272200,1787507174631934200		
17:46:15	1787507175829313800,1787507175830558200,1787507175833948000		
17:46:17	1787507177042878500,1787507177047189000		
17:46:18	1787507178491199000		
17:46:19	1787507179488610800		
17:46:20	1787507180488548000		[17:46:20] ⚡ CPS CLUSTER  13cts/10s  n=13  CV_IAT=1.008 |   RF est P=C·d²/K  @0.5m: 3.3-325.0W  (mid=16.3W)  CPS/s=1.3
17:46:21	1787507181984930300		
17:46:22	1787507182982725000,1787507182989097500		
17:46:24	1787507184482772500		
17:46:25	1787507185486562800		[17:46:25] ↓ STATE  LOW → FLAT  0.0900 µSv/h | [17:46:25] 🔄 FLOOR RECURRENCE  dr=0.0900 µSv/h  prior=17:45:44  interval=40.5s  (0.68min)
17:46:26	1787507186496879600		[17:46:26] ↑ STATE  FLAT → LOW  0.1300 µSv/h | [17:46:26] ⚠ EMF FINGERPRINT  score=4/7  n=2pk/4fl |   χ²/μ=0.001  m=1.200  SWR=0.19  CV_R=0.095  PSCI=0.037  CV_Re=0.131 | [17:46:26] ↓ STATE  LOW → FLAT  0.0900 µSv/h
17:46:27	1787507187986587400		[17:46:27] ↑ STATE  FLAT → LOW  0.1200 µSv/h | [17:46:27] ↓ STATE  LOW → FLAT  0.0900 µSv/h
17:46:28	1787507188974590200		[17:46:28] ↑ STATE  FLAT → LOW  0.1100 µSv/h | [17:46:28] ↓ STATE  LOW → FLAT  0.0900 µSv/h
17:46:31	1787507191233201000		[17:46:31] ↑ STATE  FLAT → LOW  0.1100 µSv/h | [17:46:31] ↓ STATE  LOW → FLAT  0.0900 µSv/h
17:46:32			[17:46:32] ↑ STATE  FLAT → LOW  0.1100 µSv/h | [17:46:32] ↓ STATE  LOW → FLAT  0.0900 µSv/h
17:46:33			
17:46:34			
17:46:36			
17:46:37			
17:46:38			
17:46:39			
17:46:40	1787507200993999000		
17:46:41	1787507201977120000		
17:46:44	1787507204238804500		[17:46:44] ⚡ STRUCTURED CLUSTER  6cts/10s  n=3  CV_IAT=0.394  non-Poisson |   RF est P=C·d²/K  @0.5m: 1.5-150.0W  (mid=7.5W)  CPS/s=0.6
17:46:45	1787507205438403600		
17:46:46	1787507206646831400		
17:46:47	1787507207834029000		
17:46:49	1787507209053295000		
17:46:50			[17:46:50] ↑ STATE  FLAT → LOW  0.1000 µSv/h
17:46:51			[Min 013  17:45:51]  CPM=00080  ✓ COMPLETE | [17:46:51] ⚡ BEAT INTERFERENCE CONFIRMED |   y = A1·sin(2πf₁t) + A2·sin(2πf₂t) |   A1=0.1700µSv/h  A2=0.1000µSv/h  A2/A1=0.588  floor/peak=0.588 |   f_beat=|f₁-f₂|=0.30140Hz  T_beat=3.3s  band=SLF |   RF P≈C·d²/K: carrier1≈0.04W  carrier2≈0.01W  @d=0.5m (K=0.2) |   TWO-SOURCE INTERFERENCE  dominant=0.1700µSv/h  secondary=0.1000µSv/h  freq-sep≈0.30140Hz  CV_env=0.165 | [17:46:51] ↓ STATE  LOW → FLAT  0.0700 µSv/h | [17:46:51] ↑ STATE  FLAT → LOW  0.1000 µSv/h | [17:46:51] ↓ STATE  LOW → FLAT  0.0900 µSv/h
17:46:52			[17:46:52] ↑ STATE  FLAT → LOW  0.1000 µSv/h | [17:46:52] ↓ STATE  LOW → FLAT  0.0900 µSv/h
17:46:53	1787507213990194200		[17:46:53] ↑ STATE  FLAT → LOW  0.1000 µSv/h | [17:46:53] ↓ STATE  LOW → FLAT  0.0900 µSv/h
17:46:56	1787507216253434600		[17:46:56] ⚡ OOK BURST PATTERN  CPS=1  burst=8.2s  gap=36.0s  duty=0.19  cycles=5 |   f=0.023Hz (ELF)  T=44.2s  CV_run=1.512  CV_gap=1.833  RF≈1.3W@0.5m |   ON/OFF KEYING SIGNATURE  identical CPS=1 repeated 5x  structured pulsed source confirmed | [17:46:56] 🔄 FLOOR RECURRENCE  dr=0.0900 µSv/h  prior=17:46:53  interval=2.3s  (0.04min) | [17:46:56] ↑ STATE  FLAT → LOW  0.1000 µSv/h | [17:46:56] ↓ STATE  LOW → FLAT  0.0900 µSv/h
17:46:57	1787507217433425000,1787507217435003000		[17:46:57] ⚠⚠⚠ EMF FINGERPRINT  score=6/7  n=7pk/3fl |   χ²/μ=0.002  m=1.367  SWR=0.24  CV_R=0.138  PSCI=0.076  CV_Re=0.117 | [17:46:57] ↑ STATE  FLAT → LOW  0.1000 µSv/h | [17:46:57] ↓ STATE  LOW → FLAT  0.0900 µSv/h
17:46:58	1787507218646219500,1787507218647803000		[17:46:58] ↑ STATE  FLAT → LOW  0.1000 µSv/h | [17:46:58] ↓ STATE  LOW → FLAT  0.0900 µSv/h | [17:46:58] ↑ STATE  FLAT → LOW  0.1000 µSv/h
17:46:59	1787507219845631200,1787507219847357400,1787507219848961300		[17:46:59] ⚡ CPS CLUSTER  8cts/10s  n=6  CV_IAT=0.916 |   RF est P=C·d²/K  @0.5m: 2.0-200.0W  (mid=10.0W)  CPS/s=0.8 | [17:46:59] ↓ STATE  LOW → FLAT  0.0900 µSv/h | [17:46:59] ↑ STATE  FLAT → LOW  0.1000 µSv/h
17:47:01	1787507221043058200,1787507221045466600,1787507221046876000,1787507221047780900		[17:47:01] ↓ STATE  LOW → FLAT  0.0900 µSv/h | [17:47:01] ↑ STATE  FLAT → LOW  0.1000 µSv/h | [17:47:01] ⚠⚠⚠ POWER LEVEL LOCK  dr=0.1000 µSv/h  hits=389  avg_interval=1.7s (0.03min)  CV=5.141 |   Source returns to identical power level 389x  Natural decay cannot reproduce fixed amplitude  Controlled RF source confirmed
17:47:02	1787507222489275400,1787507222491615500,1787507222493024300,1787507222494014500		[17:47:02] ↓ STATE  LOW → FLAT  0.0900 µSv/h | [17:47:02] ↑ STATE  FLAT → LOW  0.1000 µSv/h
17:47:03	1787507223491655700,1787507223494123500,1787507223494905000		[17:47:03] ↓ STATE  LOW → FLAT  0.0900 µSv/h | [17:47:03] ↑ STATE  FLAT → LOW  0.1000 µSv/h
17:47:04	1787507224983055000,1787507224985404000,1787507224986353400		[17:47:04] ↓ STATE  LOW → FLAT  0.0900 µSv/h | [17:47:04] ↑ STATE  FLAT → LOW  0.1000 µSv/h
17:47:05	1787507225987693300,1787507225988452000	SIG#322 [1,0,2,0,0,0,1,0,2,0,0,0,1,0,2,0,1,0,1,0,2,0,1,2,1,0,2,0,1,2,0,0,2,0,1,2,0,0,2,0,1,2] pk=2	
17:47:06			
17:47:08	1787507228246413800,1787507228247760600		
17:47:09	1787507229443022600		
17:47:10			
17:47:11			
17:47:13			
17:47:14			
17:47:15			[17:47:15] ⚡ CPS CLUSTER  8cts/10s  n=5  CV_IAT=1.089 |   RF est P=C·d²/K  @0.5m: 2.0-200.0W  (mid=10.0W)  CPS/s=0.8
17:47:16	1787507236989078500		
17:47:17	1787507237990112500		
17:47:20	1787507240249173500		
17:47:21	1787507241443802000		
17:47:22	1787507242657176600		
17:47:23	1787507243842631000		
17:47:25	1787507245054291700		
17:47:26	1787507246252169200		
17:47:27	1787507247457572000,1787507247458332700		
17:47:28	1787507248656507400,1787507248657413000		
17:47:29	1787507249847096600,1787507249848351700,1787507249850934300		[17:47:29] ⚠ EMF FINGERPRINT  score=4/7  n=2pk/5fl |   χ²/μ=0.001  m=1.201  SWR=0.17  CV_R=0.090  PSCI=0.027  CV_Re=0.106
17:47:31	1787507251064045300,1787507251064791800,1787507251066251300,1787507251066918400		[17:47:31] ⚡ CPS CLUSTER  13cts/10s  n=12  CV_IAT=0.755 |   RF est P=C·d²/K  @0.5m: 3.3-325.0W  (mid=16.3W)  CPS/s=1.3
17:47:32	1787507252494551800,1787507252495755500,1787507252497057800,1787507252497658400		
17:47:33	1787507253483691800,1787507253487146000,1787507253491348200,1787507253493226200		
17:47:34	1787507254993277400,1787507254995297000,1787507254996189700		
17:47:35	1787507255000619000,1787507255985905400,1787507255987988500,1787507255991434200		
17:47:38	1787507258242081000,1787507258244572400,1787507258250494700		
17:47:39	1787507259453497600,1787507259456161300		
17:47:40	1787507260646148900,1787507260650197500	SIG#336 [1,1,0,2,0,0,1,1,0,2,1,0,1,1,0,2,1,0,1,1,0,2,1,0,0,1,0,2,1,0,0,1,0,2,1,0,0,1,0,2,1,0,0,1,0,0,1,0,0,1] pk=2	
17:47:41	1787507261852696800,1787507261860055000		[17:47:41] ⚡ OOK BURST PATTERN  CPS=1  burst=2.8s  gap=4.5s  duty=0.39  cycles=6 |   f=0.136Hz (SLF)  T=7.3s  CV_run=0.377  CV_gap=0.949  RF≈1.3W@0.5m |   ON/OFF KEYING SIGNATURE  identical CPS=1 repeated 6x  structured pulsed source confirmed
17:47:43	1787507263059234800,1787507263063053000		
17:47:44	1787507264492817200	SIG#337 [1,0,0,0,2,0,1,0,0,0,2,0,1,0,0,0,2] pk=2	
17:47:45	1787507265491747000		
17:47:46	1787507266504527600,1787507266509886500		[17:47:46] ⚡ CPS CLUSTER  19cts/10s  n=13  CV_IAT=1.003 |   RF est P=C·d²/K  @0.5m: 4.8-475.0W  (mid=23.8W)  CPS/s=1.9
17:47:47	1787507267502672400,1787507267525230000,1787507267528653300		[17:47:47] ↑ STATE  LOW → ELEVATED  0.2000 µSv/h | [17:47:47] 🔄 PEAK RECURRENCE  dr=0.2000 µSv/h  seen 60x in log
17:47:48	1787507268992820200,1787507268994905900		[17:47:48] ↑ STATE  ELEVATED → LOW  0.1700 µSv/h | [17:47:48] ↑ STATE  LOW → ELEVATED  0.2000 µSv/h
17:47:49			[17:47:49] ↑ STATE  ELEVATED → LOW  0.1700 µSv/h
17:47:50	1787507270003478300,1787507270004454100		[17:47:50] ↑ STATE  LOW → ELEVATED  0.2000 µSv/h
17:47:52	1787507272256510200,1787507272258567700		[Min 014  17:46:51]  CPM=00112  ✓ COMPLETE | [17:47:52] ⚡ BEAT INTERFERENCE CONFIRMED |   y = A1·sin(2πf₁t) + A2·sin(2πf₂t) |   A1=0.2000µSv/h  A2=0.1600µSv/h  A2/A1=0.800  floor/peak=0.800 |   f_beat=|f₁-f₂|=0.44382Hz  T_beat=2.3s  band=SLF |   RF P≈C·d²/K: carrier1≈0.05W  carrier2≈0.03W  @d=0.5m (K=0.2) |   TWO-SOURCE INTERFERENCE  dominant=0.2000µSv/h  secondary=0.1600µSv/h  freq-sep≈0.44382Hz  CV_env=0.076 | [17:47:52] ↑ STATE  ELEVATED → LOW  0.1700 µSv/h | [17:47:52] ↑ STATE  LOW → ELEVATED  0.2000 µSv/h | [17:47:52] ↑ STATE  ELEVATED → LOW  0.1900 µSv/h
17:47:53	1787507273456016400,1787507273457747200		[17:47:53] ↑ STATE  LOW → ELEVATED  0.2000 µSv/h | [17:47:53] ↑ STATE  ELEVATED → LOW  0.1900 µSv/h
17:47:54	1787507274653141500,1787507274656826000		[17:47:54] ↑ STATE  LOW → ELEVATED  0.2000 µSv/h | [17:47:54] ↑ STATE  ELEVATED → LOW  0.1900 µSv/h
17:47:55	1787507275863032800		[17:47:55] ↑ STATE  LOW → ELEVATED  0.2000 µSv/h | [17:47:55] ↑ STATE  ELEVATED → LOW  0.1900 µSv/h
17:47:57	1787507277071364600		[17:47:57] ↑ STATE  LOW → ELEVATED  0.2000 µSv/h | [17:47:57] ↑ STATE  ELEVATED → LOW  0.1900 µSv/h
17:47:58	1787507278271582200		[17:47:58] ↑ STATE  LOW → ELEVATED  0.2000 µSv/h | [17:47:58] ↑ STATE  ELEVATED → LOW  0.1900 µSv/h
17:47:59	1787507279466066200		
17:48:00	1787507280655447300		
17:48:01	1787507281865406700		[17:48:01] ⚡ CPS CLUSTER  15cts/10s  n=11  CV_IAT=0.653 |   RF est P=C·d²/K  @0.5m: 3.8-375.0W  (mid=18.8W)  CPS/s=1.5 | [17:48:01] ⚠⚠⚠ POWER LEVEL LOCK  dr=0.1800 µSv/h  hits=141  avg_interval=6.1s (0.10min)  CV=5.591 |   Source returns to identical power level 141x  Natural decay cannot reproduce fixed amplitude  Controlled RF source confirmed
17:48:03	1787507283070812700		[17:48:03] ⚠ EMF FINGERPRINT  score=4/7  n=3pk/5fl |   χ²/μ=0.001  m=1.131  SWR=0.14  CV_R=0.080  PSCI=0.043  CV_Re=0.069
17:48:04	1787507284492821500		
17:48:05			
17:48:07			
17:48:08			
17:48:10			
17:48:11			
17:48:12			
17:48:13			
17:48:15	1787507295065375500		
17:48:16	1787507296512055800,1787507296512862500		
17:48:17	1787507297509589000,1787507297510353000,1787507297511137300		[17:48:17] ⚡ CPS CLUSTER  5cts/10s  n=5  CV_IAT=1.032 |   RF est P=C·d²/K  @0.5m: 1.3-125.0W  (mid=6.3W)  CPS/s=0.5
17:48:19	1787507299019853300,1787507299020699000,1787507299021670400		
17:48:20	1787507300013227500,1787507300016908800,1787507300018023200		
17:48:22	1787507302267463700,1787507302268305200,1787507302268906500,1787507302270553000		
17:48:23	1787507303463103000,1787507303464787700,1787507303465679000,1787507303468249300		[17:48:23] 小刀 PAINTBRUSH BURST  4 consecutive ticks  total=4cts  avg=1.0CPS  RF~1.3W@0.5m  bars merge = dense burst
17:48:24	1787507304672963000,1787507304676733400,1787507304680303400,1787507304681718300		
17:48:25	1787507305863155700,1787507305866932500,1787507305868190000		
17:48:27	1787507307078634500,1787507307082337800		[17:48:27] ⚡ OOK BURST PATTERN  CPS=2  burst=3.3s  gap=28.8s  duty=0.10  cycles=4 |   f=0.031Hz (ELF)  T=32.0s  CV_run=0.765  CV_gap=1.272  RF≈2.5W@0.5m |   ON/OFF KEYING SIGNATURE  identical CPS=2 repeated 4x  structured pulsed source confirmed
17:48:28	1787507308515852000,1787507308521300200		
17:48:29	1787507309512322800,1787507309516296200,1787507309524606200		
17:48:31	1787507311017025000,1787507311024326000,1787507311025307000		
17:48:32	1787507312013776100,1787507312023440100,1787507312026352000		
17:48:34	1787507314276033000,1787507314276770600,1787507314277895000	SIG#358 [1,1,1,0,0,0,1,1,1,0,0,0,1,1,1,0,0,0,1,1,1,0,0,1,1,1,1,0,0,1,0,1,1,0,0,1,0,1,1,0,0,1,0,1,0,0,0,1,0,1,0,0,0,1,0,1,0,0,0,1,0,1,0,0,0,1,0,1,0,0,0,1,1,1,0,0,0,1,1] pk=1	[17:48:34] ⚡ CPS CLUSTER  20cts/10s  n=20  CV_IAT=1.483 |   RF est P=C·d²/K  @0.5m: 5.0-500.0W  (mid=25.0W)  CPS/s=2.0
17:48:35	1787507315465021400,1787507315465769700,1787507315466775300		
17:48:36	1787507316666902500,1787507316668795100,1787507316671343000,1787507316676396300		
17:48:37	1787507317871467000,1787507317874374000,1787507317876984600,1787507317880342000		
17:48:39	1787507319077431300,1787507319085225200,1787507319093225500		
17:48:40	1787507320516412000,1787507320521512200,1787507320530106400		
17:48:41	1787507321513879300,1787507321522613000,1787507321532298500,1787507321534671600		
17:48:43	1787507323006207500,1787507323012068000,1787507323013309200,1787507323998966300		
17:48:44	1787507324007874300,1787507324010833700		
17:48:46	1787507326279593000,1787507326281332000	SIG#359 [1,1,0,1,0,0,1,1,0,1,0,0,1,1,0,1,0,1,1,1,0,1,0,1,0,1,0,1,0,1,0,0,0,1,0,1,0,0,1,1,0,1,0,0,1,1,0,1,0,0,1,1,0,1,0,0,1,1] pk=1	
17:48:47	1787507327472939500,1787507327474159400		
17:48:48	1787507328673639000,1787507328675425300,1787507328682854000		
17:48:49	1787507329873305600,1787507329877011200,1787507329877501200		[17:48:49] ⚡ CPS CLUSTER  21cts/10s  n=21  CV_IAT=1.446 |   RF est P=C·d²/K  @0.5m: 5.3-525.0W  (mid=26.3W)  CPS/s=2.1
17:48:51	1787507331083901700,1787507331086394600		
17:48:52	1787507332527367000,1787507332529736200		[Min 015  17:47:51]  CPM=00103  ✓ COMPLETE
17:48:53	1787507333520175000,1787507333522020600		[17:48:53] ⚡ BEAT INTERFERENCE CONFIRMED |   y = A1·sin(2πf₁t) + A2·sin(2πf₂t) |   A1=0.2000µSv/h  A2=0.1600µSv/h  A2/A1=0.800  floor/peak=0.800 |   f_beat=|f₁-f₂|=0.24193Hz  T_beat=4.1s  band=SLF |   RF P≈C·d²/K: carrier1≈0.05W  carrier2≈0.03W  @d=0.5m (K=0.2) |   TWO-SOURCE INTERFERENCE  dominant=0.2000µSv/h  secondary=0.1600µSv/h  freq-sep≈0.24193Hz  CV_env=0.085
17:48:55	1787507335006311000,1787507335007415600,1787507335015095300		
17:48:56	1787507336013381000,1787507336016482800,1787507336029625000		
17:48:58	1787507338263705600,1787507338275228400,1787507338280657000		
17:48:59	1787507339483344000,1787507339490513000,1787507339493019400		
17:49:00	1787507340677641500,1787507340681506000,1787507340684409000,1787507340686307000		
17:49:01	1787507341866790700,1787507341871154200,1787507341873161000,1787507341875312600		[17:49:01] ⚠⚠⚠ POWER LEVEL LOCK  dr=0.1300 µSv/h  hits=553  avg_interval=1.6s (0.03min)  CV=5.253 |   Source returns to identical power level 553x  Natural decay cannot reproduce fixed amplitude  Controlled RF source confirmed
17:49:03	1787507343069452500,1787507343077579000,1787507343080564000,1787507343084296700		
17:49:04	1787507344522754000,1787507344524304000,1787507344526909200		[17:49:04] ⚠ EMF FINGERPRINT  score=4/7  n=3pk/8fl |   χ²/μ=0.000  m=1.168  SWR=0.11  CV_R=0.048  PSCI=0.031  CV_Re=0.025
17:49:05	1787507345523925500,1787507345527476700,1787507345533047600	SIG#368 [1,1,0,0,0,2,1,1,0,0,0,2,0,1,0,0,0,2,0,2,0,0,0,2,0,2,1,0,0,2,0,2,1,1,0,2,0,2,1,1,0,2,0,2,1,1,0,0,0,2,1,1,0,0,0,2,1,1] pk=2	[17:49:05] ⚡ CPS CLUSTER  38cts/10s  n=25  CV_IAT=1.625 |   RF est P=C·d²/K  @0.5m: 9.5-950.0W  (mid=47.5W)  CPS/s=3.8
17:49:06	1787507346533475600,1787507346537289500,1787507346553330400		
17:49:08	1787507348010751000,1787507348025778700		
17:49:09	1787507349031701000,1787507349035169800		
17:49:11	1787507351290621000,1787507351297245700,1787507351300758800		
17:49:12	1787507352479981300,1787507352486606600,1787507352489351200,1787507352492055300		[17:49:12] ⚡ OOK BURST PATTERN  CPS=1  burst=2.0s  gap=2.0s  duty=0.50  cycles=4 |   f=0.250Hz (SLF)  T=4.0s  CV_run=0.000  CV_gap=0.500  RF≈1.3W@0.5m |   ON/OFF KEYING SIGNATURE  identical CPS=1 repeated 4x  structured pulsed source confirmed
17:49:13	1787507353686843000,1787507353690950100,1787507353692798700,1787507353694555600		[17:49:13] ↑ STATE  LOW → ELEVATED  0.2000 µSv/h | [17:49:13] 🔄 PEAK RECURRENCE  dr=0.2000 µSv/h  seen 67x in log
17:49:14	1787507354883744000,1787507354889918200,1787507354892314000,1787507354897299000		[17:49:14] ↑ STATE  ELEVATED → LOW  0.1800 µSv/h | [17:49:14] ↑ STATE  LOW → ELEVATED  0.2000 µSv/h
17:49:16	1787507356085439500,1787507356087314400,1787507356089005000		[17:49:16] ↑ STATE  ELEVATED → LOW  0.1800 µSv/h | [17:49:16] ⚠⚠⚠ CPS UNIFORMITY LOCK  CPS=1 on 18/30s (60.0%)  zeros=12  highs=0  Poisson P<<0.001  CONTROLLED SOURCE CONFIRMED |   Natural Poisson: expected CPS=1 on ~9-13s  observed=18s  locked synthetic output indicated | [17:49:16] ↑ STATE  LOW → ELEVATED  0.2000 µSv/h
17:49:17	1787507357518825500,1787507357521804500,1787507357525331200	SIG#372 [1,0,1,0,0,0,1,0,1,1,0,0,1,0,1,1,1,0,1,0,1,1,1,0,1,0,1,1,1,0,0,0,1,1,1,0,0,0,1,1,1] pk=1	[17:49:17] ↑ STATE  ELEVATED → LOW  0.1800 µSv/h | [17:49:17] ↑ STATE  LOW → ELEVATED  0.2000 µSv/h | [17:49:17] ↑ STATE  ELEVATED → LOW  0.1900 µSv/h
17:49:18	1787507358521627100,1787507358526459100		[17:49:18] ↑ STATE  LOW → ELEVATED  0.2000 µSv/h | [17:49:18] ↑ STATE  ELEVATED → LOW  0.1900 µSv/h
17:49:20	1787507360013845000,1787507360031697000		[17:49:20] ↑ STATE  LOW → ELEVATED  0.2000 µSv/h | [17:49:20] ↑ STATE  ELEVATED → LOW  0.1900 µSv/h
17:49:21	1787507361032835600		[17:49:21] ⚡ CPS CLUSTER  25cts/10s  n=25  CV_IAT=1.556 |   RF est P=C·d²/K  @0.5m: 6.3-625.0W  (mid=31.3W)  CPS/s=2.5 | [17:49:21] ↑ STATE  LOW → ELEVATED  0.2000 µSv/h | [17:49:21] ↑ STATE  ELEVATED → LOW  0.1900 µSv/h
17:49:23	1787507363287532800,1787507363293112300		[17:49:23] ↑ STATE  LOW → ELEVATED  0.2000 µSv/h | [17:49:23] ↑ STATE  ELEVATED → LOW  0.1900 µSv/h
17:49:24	1787507364480491800,1787507364486566400		[17:49:24] ↑ STATE  LOW → ELEVATED  0.2000 µSv/h | [17:49:24] ↑ STATE  ELEVATED → LOW  0.1900 µSv/h
17:49:25	1787507365690734000,1787507365698865400		
17:49:26	1787507366874908400,1787507366876663800,1787507366878897000		
17:49:28	1787507368092567600,1787507368099511600,1787507368107460000		
17:49:29	1787507369283362800,1787507369289612300		
17:49:30	1787507370484081400,1787507370494026000		
17:49:31	1787507371675990500	SIG#377 [1,0,1,0,0,0,1,0,1,0,0,0,1,0,1,0,0,0,1,0,1,0,0,2,1,0,1,0,0,2,0,0,1,0,0,2,0,0,1,0,0,2] pk=2	
17:49:32	1787507372877359600,1787507372890586000		
17:49:34	1787507374093862100,1787507374102858200		
17:49:35	1787507375549410800,1787507375554221000		
17:49:36	1787507376548800500,1787507376553872100		[17:49:36] ⚡ CPS CLUSTER  24cts/10s  n=17  CV_IAT=1.125 |   RF est P=C·d²/K  @0.5m: 6.0-600.0W  (mid=30.0W)  CPS/s=2.4
17:49:38	1787507378039184600,1787507378044316700		
17:49:39	1787507379029248800,1787507379037125000		
17:49:41	1787507381284094700,1787507381290128100,1787507381302939000		
17:49:42	1787507382494302000,1787507382497667600,1787507382498383600		
17:49:43	1787507383693758700,1787507383705246700,1787507383707945200		
17:49:44	1787507384886554400,1787507384889249800	SIG#382 [1,0,1,0,0,0,1,0,1,0,0,0,1,0,1,0,0,0,1,0,1,0,0,0,1,0,1,0,0,0,1,0,1,0,0,0,1,2,1,0,0,0,1,2] pk=2	
17:49:46	1787507386099945700,1787507386102839300		
17:49:47	1787507387527891700,1787507387530672000,1787507387540884000		
17:49:48	1787507388533910500,1787507388537929200,1787507388549172500		
17:49:50	1787507390033334300,1787507390044645000		
17:49:51	1787507391028044500	SIG#385 [1,2,0,0,0,2,1,2,0,0,0,2,0,2,0,0,0,2] pk=2	
17:49:53	1787507393294028000		[Min 016  17:48:51]  CPM=00150  ✓ COMPLETE | [17:49:53] ⚡ CPS CLUSTER  26cts/10s  n=16  CV_IAT=1.233 |   RF est P=C·d²/K  @0.5m: 6.5-650.0W  (mid=32.5W)  CPS/s=2.6
17:49:54	1787507394487361800		[17:49:54] ⚡ BEAT INTERFERENCE CONFIRMED |   y = A1·sin(2πf₁t) + A2·sin(2πf₂t) |   A1=0.2000µSv/h  A2=0.1600µSv/h  A2/A1=0.800  floor/peak=0.800 |   f_beat=|f₁-f₂|=0.16870Hz  T_beat=5.9s  band=SLF |   RF P≈C·d²/K: carrier1≈0.05W  carrier2≈0.03W  @d=0.5m (K=0.2) |   TWO-SOURCE INTERFERENCE  dominant=0.2000µSv/h  secondary=0.1600µSv/h  freq-sep≈0.16870Hz  CV_env=0.076
17:49:55	1787507395694148000		
17:49:56			
17:49:58	1787507398111719700		[17:49:58] ⚡ OOK BURST PATTERN  CPS=2  burst=1.3s  gap=3.8s  duty=0.25  cycles=4 |   f=0.200Hz (SLF)  T=5.0s  CV_run=0.346  CV_gap=0.115  RF≈2.5W@0.5m |   ON/OFF KEYING SIGNATURE  identical CPS=2 repeated 4x  structured pulsed source confirmed
17:49:59	1787507399305453300		
17:50:00	1787507400487072300		[17:50:00] ⚠ EMF FINGERPRINT  score=4/7  n=3pk/3fl |   χ²/μ=0.001  m=1.143  SWR=0.13  CV_R=0.080  PSCI=0.051  CV_Re=0.058
17:50:01	1787507401705970000,1787507401708310500		
17:50:02	1787507402895802600,1787507402897599000		[17:50:02] ⚠⚠⚠ POWER LEVEL LOCK  dr=0.1400 µSv/h  hits=602  avg_interval=1.6s (0.03min)  CV=4.312 |   Source returns to identical power level 602x  Natural decay cannot reproduce fixed amplitude  Controlled RF source confirmed
17:50:04	1787507404094878500,1787507404097120000		
17:50:05	1787507405543908600,1787507405554903300		
17:50:06	1787507406545321200,1787507406555140900	SIG#393 [2,0,0,2,0,0,2,0,0,2,0,0,2,0,0,2,0,0,2,0,0,2] pk=2	
17:50:08	1787507408039024000,1787507408050618000		
17:50:09	1787507409035674400,1787507409041931800,1787507409044961000		[17:50:09] ⚡ CPS CLUSTER  28cts/10s  n=15  CV_IAT=0.878 |   RF est P=C·d²/K  @0.5m: 7.0-700.0W  (mid=35.0W)  CPS/s=2.8
17:50:11	1787507411307303700,1787507411309409800,1787507411310553300		
17:50:12	1787507412496774000,1787507412500045600,1787507412501234000		
17:50:13	1787507413697799700,1787507413703430000,1787507413706381800		
17:50:14	1787507414903321600,1787507414908888000,1787507414911059700		
17:50:16	1787507416105734400,1787507416106890800	SIG#394 [2,0,0,0,1,0,2,0,0,0,1,0,2,0,0,0,1,0,1,0,0,0,1,0,1,2,0,0,1,0,1,2,0,0,1,0,1,2,0,0,1,0,1,2] pk=2	
17:50:17	1787507417553270800,1787507417555340500,1787507417564991200		
17:50:18	1787507418551730700,1787507418566602800,1787507418569419000		
17:50:20	1787507420055004400,1787507420058772200		
17:50:21	1787507421050593000,1787507421053601000,1787507421060420600		
17:50:23	1787507423298888700,1787507423303256300,1787507423314921200		
17:50:24	1787507424509915400,1787507424510591700,1787507424512074500		[17:50:24] ⚡ CPS CLUSTER  23cts/10s  n=19  CV_IAT=1.493 |   RF est P=C·d²/K  @0.5m: 5.8-575.0W  (mid=28.8W)  CPS/s=2.3
17:50:25	1787507425703438800,1787507425707505700,1787507425712596200		
17:50:26	1787507426903060000,1787507426907196400,1787507426913692400		
17:50:28	1787507428108433700,1787507428119775000		
17:50:29	1787507429553915000,1787507429567392500,1787507429572872000		
17:50:30	1787507430565583400,1787507430571971800		
17:50:32	1787507432045468400,1787507432051768600		
17:50:33	1787507433055912400,1787507433058768000		
17:50:35	1787507435293106700,1787507435295222000	SIG#400 [1,1,0,1,0,0,1,1,0,1,0,0,1,1,0,1,0,0,1,1,0,1,0,0,0,1,0,1,0,0,0,1,0,1,0,0,0,1,0,1,0,0,0,1,0,1,0,0,0,1,0,1,0,0,0,1,0,1,0,0,0,1,0,1,0,0,0,1,0,1] pk=1	
17:50:36	1787507436504191000		[17:50:36] ⚠ EMF FINGERPRINT  score=4/7  n=2pk/4fl |   χ²/μ=0.001  m=1.222  SWR=0.16  CV_R=0.074  PSCI=0.030  CV_Re=0.083
17:50:37	1787507437704223500		
17:50:38			
17:50:40			[17:50:40] ⚡ CPS CLUSTER  10cts/10s  n=10  CV_IAT=0.978 |   RF est P=C·d²/K  @0.5m: 2.5-250.0W  (mid=12.5W)  CPS/s=1.0
17:50:41			[17:50:41] ↓ STATE  LOW → FLAT  0.0800 µSv/h | [17:50:41] 🔄 FLOOR RECURRENCE  dr=0.0800 µSv/h  prior=17:46:53  interval=227.6s  (3.79min)
17:50:42			[17:50:42] ↑ STATE  FLAT → LOW  0.1200 µSv/h | [17:50:42] ↓ STATE  LOW → FLAT  0.0800 µSv/h
17:50:44			[17:50:44] ⚡ OOK BURST PATTERN  CPS=2  burst=1.0s  gap=3.6s  duty=0.22  cycles=5 |   f=0.217Hz (SLF)  T=4.6s  CV_run=0.000  CV_gap=0.222  RF≈2.5W@0.5m |   ON/OFF KEYING SIGNATURE  identical CPS=2 repeated 5x  structured pulsed source confirmed | [17:50:44] ↑ STATE  FLAT → LOW  0.1100 µSv/h | [17:50:44] ↓ STATE  LOW → FLAT  0.0800 µSv/h
17:50:45	1787507445058621200		[17:50:45] ↑ STATE  FLAT → LOW  0.1100 µSv/h | [17:50:45] ↓ STATE  LOW → FLAT  0.0800 µSv/h
17:50:47	1787507447327496400		[17:50:47] ↑ STATE  FLAT → LOW  0.1000 µSv/h | [17:50:47] ↓ STATE  LOW → FLAT  0.0800 µSv/h
17:50:48	1787507448524516900		[17:50:48] ↑ STATE  FLAT → LOW  0.1000 µSv/h | [17:50:48] ↓ STATE  LOW → FLAT  0.0800 µSv/h
17:50:49	1787507449725091600		
17:50:50	1787507450906050300		
17:50:52	1787507452127971800		[Min 017  17:49:51]  CPM=00107  ✓ COMPLETE
17:50:53	1787507453303430000		
17:50:54			
17:50:55			[17:50:55] ⚡ STRUCTURED CLUSTER  12cts/10s  n=6  CV_IAT=0.014  non-Poisson |   RF est P=C·d²/K  @0.5m: 3.0-300.0W  (mid=15.0W)  CPS/s=1.2
17:50:56			
17:50:58			
17:50:59			
17:51:00			
17:51:02			
17:51:03			
17:51:05			
17:51:06	1787507466507837000		
17:51:07	1787507467715772400		
17:51:08	1787507468907577000,1787507468909877200		
17:51:10	1787507470128060000,1787507470138825700		
17:51:11	1787507471566664000,1787507471575461400		[17:51:11] ⚡ CPS CLUSTER  6cts/10s  n=6  CV_IAT=0.809 |   RF est P=C·d²/K  @0.5m: 1.5-150.0W  (mid=7.5W)  CPS/s=0.6 | [17:51:11] 🔄 FLOOR RECURRENCE  dr=0.0300 µSv/h  prior=17:51:10  interval=1.4s  (0.02min)
17:51:12	1787507472567420000,1787507472573474800		
17:51:13	1787507473563567400,1787507473568438000	SIG#412 [1,0,1,0,0,0,1,0,1,0,0,0,1,0,1,0,0,0,1,0,1,0,0,0,1,0,1] pk=1	
17:51:15	1787507475050160600		
17:51:16	1787507476043720200		
17:51:18			
17:51:19	1787507479529224200		
17:51:20	1787507480726279700,1787507480729006600		
17:51:21	1787507481934566400,1787507481937102000,1787507481939885800		
17:51:23	1787507483128187100,1787507483130343400,1787507483133049600		
17:51:24	1787507484559147500,1787507484562072600,1787507484566001000		
17:51:25	1787507485567773700,1787507485570451000,1787507485573123600		
17:51:27	1787507487064063700,1787507487068888000,1787507487071806700	SIG#417 [1,1,1,0,0,0,1,1,1,0,0,0,1,1,1,0,0,0,1,1,1,0,0,0,1,1,1] pk=1	[17:51:27] ⚡ CPS CLUSTER  16cts/10s  n=16  CV_IAT=1.235 |   RF est P=C·d²/K  @0.5m: 4.0-400.0W  (mid=20.0W)  CPS/s=1.6 | [17:51:27] ⚠⚠ EMF FINGERPRINT  score=5/7  n=4pk/2fl |   χ²/μ=0.003  m=1.643  SWR=0.60  CV_R=0.281  PSCI=0.257  CV_Re=0.143
17:51:28	1787507488054073900,1787507488057595400		[17:51:28] ⚡ BEAT INTERFERENCE CONFIRMED |   y = A1·sin(2πf₁t) + A2·sin(2πf₂t) |   A1=0.1700µSv/h  A2=0.0900µSv/h  A2/A1=0.529  floor/peak=0.529 |   f_beat=|f₁-f₂|=0.28354Hz  T_beat=3.5s  band=SLF |   RF P≈C·d²/K: carrier1≈0.04W  carrier2≈0.01W  @d=0.5m (K=0.2) |   TWO-SOURCE INTERFERENCE  dominant=0.1700µSv/h  secondary=0.0900µSv/h  freq-sep≈0.28354Hz  CV_env=0.194
17:51:30	1787507490313492500		[17:51:30] ⚡ OOK BURST PATTERN  CPS=2  burst=2.2s  gap=24.2s  duty=0.08  cycles=5 |   f=0.038Hz (ELF)  T=26.4s  CV_run=1.091  CV_gap=1.669  RF≈2.5W@0.5m |   ON/OFF KEYING SIGNATURE  identical CPS=2 repeated 5x  structured pulsed source confirmed | [17:51:30] ↑ STATE  FLAT → LOW  0.1000 µSv/h | [17:51:30] ⚠⚠⚠ POWER LEVEL LOCK  dr=0.1000 µSv/h  hits=414  avg_interval=2.2s (0.04min)  CV=5.997 |   Source returns to identical power level 414x  Natural decay cannot reproduce fixed amplitude  Controlled RF source confirmed
17:51:31	1787507491528183000		[17:51:31] ↓ STATE  LOW → FLAT  0.0600 µSv/h | [17:51:31] ↑ STATE  FLAT → LOW  0.1000 µSv/h
17:51:32	1787507492731355400,1787507492733345000		[17:51:32] ↓ STATE  LOW → FLAT  0.0800 µSv/h | [17:51:32] ↑ STATE  FLAT → LOW  0.1000 µSv/h
17:51:33	1787507493916403200,1787507493917176300		[17:51:33] ↓ STATE  LOW → FLAT  0.0800 µSv/h | [17:51:33] ↑ STATE  FLAT → LOW  0.1000 µSv/h
17:51:35	1787507495147197700,1787507495150218800		[17:51:35] ↓ STATE  LOW → FLAT  0.0900 µSv/h | [17:51:35] ↑ STATE  FLAT → LOW  0.1000 µSv/h
17:51:36	1787507496561765000,1787507496562729500,1787507496564579300		[17:51:36] ↓ STATE  LOW → FLAT  0.0900 µSv/h | [17:51:36] ↑ STATE  FLAT → LOW  0.1000 µSv/h
17:51:37	1787507497575956000,1787507497577285600,1787507497580802000		
17:51:39	1787507499055142400,1787507499058722300,1787507499066819000,1787507499073987600		
17:51:40	1787507500064270300,1787507500071780000,1787507500078835500		
17:51:41	1787507501570796800,1787507501577947600		
17:51:42	1787507502567725600,1787507502572729000		[17:51:42] ⚡ CPS CLUSTER  21cts/10s  n=21  CV_IAT=1.375 |   RF est P=C·d²/K  @0.5m: 5.3-525.0W  (mid=26.3W)  CPS/s=2.1
17:51:43	1787507503563720400,1787507503573484000	SIG#424 [1,1,0,0,1,0,1,1,0,0,1,0,1,1,0,0,1,0,1,1,0,0,1,0,1,0,0,0,1,0,1,0,0,0,1,0,1,0,0,0,1,0,1] pk=1	
17:51:45	1787507505059564800		
17:51:46	1787507506052975400		
17:51:48			
17:51:49	1787507509539962000		
17:51:50	1787507510736786400		
17:51:51	1787507511930234600		[Min 018  17:50:51]  CPM=00071  ✓ COMPLETE
17:51:53	1787507513138372000		[17:51:53] ⚠ EQUAL BURST SPACING  n=4  CPS≥2  interval=1.2s  CV=0.005  spacings=[1.2,1.2,1.2]  span=3.6s |   ⚠⚠ HIGHLY PERIODIC  f=0.834Hz  T=1.2s  total_counts=4
17:51:54	1787507514580957700,1787507514593641200		
17:51:55	1787507515570276600,1787507515575827500,1787507515577885400		
17:51:57	1787507517063472600,1787507517072326700,1787507517075761000		[17:51:57] ⚠ BURST PAIR  pairs=8  interval=112.0s  CV=2.185  spacings=[69.2,1.2,1.2,1.2,1.4,1.0,708.6]  span=783.9s |   f=0.009Hz  T=112.0s  pair_width=2s  CPS≥2  structured burst-pair source
17:51:58	1787507518073309200,1787507518076376800	SIG#431 [2,0,0,0,1,0,2,0,0,0,1,2,2,0,0,0,1,2] pk=2	[17:51:58] ⚡ CPS CLUSTER  21cts/10s  n=12  CV_IAT=0.923 |   RF est P=C·d²/K  @0.5m: 5.3-525.0W  (mid=26.3W)  CPS/s=2.1 | [17:51:58] ⚠ EMF FINGERPRINT  score=4/7  n=3pk/2fl |   χ²/μ=0.000  m=1.233  SWR=0.14  CV_R=0.065  PSCI=0.038  CV_Re=0.000
17:52:00	1787507520334083000,1787507520335306500,1787507520341841000		
17:52:01	1787507521526601700,1787507521528809500,1787507521534517800		
17:52:02	1787507522734057000,1787507522740882400,1787507522750076400,1787507522761858800		
17:52:03	1787507523930838500,1787507523937133000,1787507523940283000		
17:52:05	1787507525126966000,1787507525130934800,1787507525133675000		
17:52:06	1787507526574066400,1787507526575650000,1787507526576804000		
17:52:07	1787507527579670000,1787507527586533600,1787507527589589500,1787507527592631300		
17:52:09	1787507529078325800,1787507529083807500,1787507529092009000,1787507529094414600		
17:52:10	1787507530063039200,1787507530066695000,1787507530071881200,1787507530074909700		
17:52:12	1787507532328595500,1787507532335432700,1787507532338690000		
17:52:13	1787507533533643800,1787507533540052000,1787507533542781000		[17:52:13] ⚡ CPS CLUSTER  32cts/10s  n=25  CV_IAT=1.637 |   RF est P=C·d²/K  @0.5m: 8.0-800.0W  (mid=40.0W)  CPS/s=3.2
17:52:14	1787507534737988000,1787507534740544500,1787507534751335400	SIG#433 [1,2,0,0,1,0,1,2,0,0,1,0,1,2,0,0,1,0,2,2,0,0,1,0,2,0,0,0,1,0,2,0,1,0,1,0,2,0,1,0,1,0,2,0,1,0,1,0,2,0,1,0,1,1,2,0,1,0,1,1,0,0,1,0,1,1,0,0,1,0,1,1] pk=2	
17:52:15	1787507535943243800,1787507535952021800,1787507535962578200,1787507535965139700		[17:52:15] ⚡ OOK BURST PATTERN  CPS=1  burst=5.3s  gap=5.7s  duty=0.48  cycles=3 |   f=0.091Hz (ELF)  T=11.0s  CV_run=0.755  CV_gap=1.042  RF≈1.3W@0.5m |   ON/OFF KEYING SIGNATURE  identical CPS=1 repeated 3x  structured pulsed source confirmed | [17:52:15] ↑ STATE  LOW → ELEVATED  0.2000 µSv/h | [17:52:15] 🔄 PEAK RECURRENCE  dr=0.2000 µSv/h  seen 78x in log
17:52:17	1787507537128300500,1787507537133207600,1787507537134753000,1787507537136031500		[17:52:17] ↑ STATE  ELEVATED → LOW  0.1900 µSv/h | [17:52:17] ↑ STATE  LOW → ELEVATED  0.2000 µSv/h
17:52:18	1787507538581888500,1787507538585078300,1787507538588050700		[17:52:18] ↑ STATE  ELEVATED → LOW  0.1900 µSv/h | [17:52:18] ↑ STATE  LOW → ELEVATED  0.2000 µSv/h | [17:52:18] ↑ STATE  ELEVATED → LOW  0.1900 µSv/h
17:52:19	1787507539600040000,1787507539603311400,1787507539606528500,1787507539615358000		[17:52:19] ↑ STATE  LOW → ELEVATED  0.2000 µSv/h | [17:52:19] ↑ STATE  ELEVATED → LOW  0.1900 µSv/h | [17:52:19] ↑ STATE  LOW → ELEVATED  0.2000 µSv/h
17:52:21	1787507541088209400,1787507541091460000,1787507541097330700,1787507541104914200		[17:52:21] ↑ STATE  ELEVATED → LOW  0.1900 µSv/h | [17:52:21] ↑ STATE  LOW → ELEVATED  0.2000 µSv/h | [17:52:21] ↑ STATE  ELEVATED → LOW  0.1900 µSv/h | [17:52:21] ↑ STATE  LOW → ELEVATED  0.2000 µSv/h
17:52:22	1787507542073784300,1787507542078203000,1787507542081344500,1787507542087601700		[17:52:22] ↑ STATE  ELEVATED → LOW  0.1900 µSv/h | [17:52:22] ↑ STATE  LOW → ELEVATED  0.2000 µSv/h | [17:52:22] ↑ STATE  ELEVATED → LOW  0.1900 µSv/h | [17:52:22] ↑ STATE  LOW → ELEVATED  0.2000 µSv/h
17:52:24	1787507544343782700,1787507544346154500,1787507544351820000		[17:52:24] ↑ STATE  ELEVATED → LOW  0.1900 µSv/h | [17:52:24] ↑ STATE  LOW → ELEVATED  0.2000 µSv/h | [17:52:24] ↑ STATE  ELEVATED → LOW  0.1900 µSv/h
17:52:25	1787507545536569300,1787507545542229000	SIG#434 [1,1,0,0,0,2,1,1,0,0,0,2,1,1,0,0,0,2,1,1,0,0,0,2,1,1,0,0,0,2,1,1,0,1,0,2,1,1,0,1,0,2,1,1,0,1,0,0,1,1,0,1,0,0,0,1,0,1] pk=2	[17:52:25] ↑ STATE  LOW → ELEVATED  0.2000 µSv/h | [17:52:25] ↑ STATE  ELEVATED → LOW  0.1900 µSv/h | [17:52:25] ↑ STATE  LOW → ELEVATED  0.2000 µSv/h | [17:52:25] ↑ STATE  ELEVATED → LOW  0.1900 µSv/h
17:52:26	1787507546747624700,1787507546759628000		[17:52:26] ↑ STATE  LOW → ELEVATED  0.2000 µSv/h | [17:52:26] ↑ STATE  ELEVATED → LOW  0.1900 µSv/h
17:52:27	1787507547953853700,1787507547957440300,1787507547958440000		[17:52:27] ↑ STATE  LOW → ELEVATED  0.2000 µSv/h | [17:52:27] ↑ STATE  ELEVATED → LOW  0.1900 µSv/h
17:52:29	1787507549150043400,1787507549151949300		[17:52:29] ⚡ CPS CLUSTER  25cts/10s  n=22  CV_IAT=1.659 |   RF est P=C·d²/K  @0.5m: 6.3-625.0W  (mid=31.3W)  CPS/s=2.5 | [17:52:29] ↑ STATE  LOW → ELEVATED  0.2000 µSv/h | [17:52:29] ↑ STATE  ELEVATED → LOW  0.1900 µSv/h | [17:52:29] ⚡ BEAT INTERFERENCE CONFIRMED |   y = A1·sin(2πf₁t) + A2·sin(2πf₂t) |   A1=0.2000µSv/h  A2=0.0900µSv/h  A2/A1=0.450  floor/peak=0.450 |   f_beat=|f₁-f₂|=0.18880Hz  T_beat=5.3s  band=SLF |   RF P≈C·d²/K: carrier1≈0.05W  carrier2≈0.01W  @d=0.5m (K=0.2) |   TWO-SOURCE INTERFERENCE  dominant=0.2000µSv/h  secondary=0.0900µSv/h  freq-sep≈0.18880Hz  CV_env=0.272
17:52:30	1787507550584912400,1787507550588394200,1787507550594344000		[17:52:30] ↑ STATE  LOW → ELEVATED  0.2000 µSv/h | [17:52:30] ⚠⚠⚠ POWER LEVEL LOCK  dr=0.2000 µSv/h  hits=228  avg_interval=4.9s (0.08min)  CV=6.239 |   Source returns to identical power level 228x  Natural decay cannot reproduce fixed amplitude  Controlled RF source confirmed | [17:52:30] ↑ STATE  ELEVATED → LOW  0.1900 µSv/h
17:52:31	1787507551581195300,1787507551584835600,1787507551590237000		
17:52:32	1787507552587236900,1787507552593387500,1787507552601561000,1787507552612276500		
17:52:34	1787507554073508000,1787507554077628200,1787507554083330000,1787507554088361500,1787507554089918700		
17:52:35	1787507555083973000,1787507555091138600,1787507555097450000,1787507555100314400		[17:52:35] ↑ STATE  LOW → ELEVATED  0.2000 µSv/h
17:52:37	1787507557338194200,1787507557346498800,1787507557350437600		[17:52:37] ↑ STATE  ELEVATED → LOW  0.1800 µSv/h | [17:52:37] ↑ STATE  LOW → ELEVATED  0.2000 µSv/h
17:52:38	1787507558533578500,1787507558535686100,1787507558536506000,1787507558538656000		[17:52:38] ↑ STATE  ELEVATED → LOW  0.1800 µSv/h | [17:52:38] ↑ STATE  LOW → ELEVATED  0.2000 µSv/h
17:52:39	1787507559749264400,1787507559752876300,1787507559761972700		[17:52:39] ↑ STATE  ELEVATED → LOW  0.1800 µSv/h | [17:52:39] ↑ STATE  LOW → ELEVATED  0.2000 µSv/h
17:52:40	1787507560953868500,1787507560957577000,1787507560964273000		[17:52:40] ↑ STATE  ELEVATED → LOW  0.1900 µSv/h | [17:52:40] ↑ STATE  LOW → ELEVATED  0.2000 µSv/h
17:52:42	1787507562133754600,1787507562142911000		[17:52:42] ↑ STATE  ELEVATED → LOW  0.1900 µSv/h | [17:52:42] ↑ STATE  LOW → ELEVATED  0.2000 µSv/h
17:52:43	1787507563592437000,1787507563598975500	SIG#439 [1,1,0,2,0,0,1,1,0,2,0,0,1,1,0,2,0,1,1,1,0,2,0,1,1,1,0,2,0,1,1,0,0,2,0,1,1,0,0,2,0,1,1,0,0,1,0,1,1,0,0,1,0,1,1,0,0,1,0,0,1,0,0,1] pk=2	[17:52:43] ↑ STATE  ELEVATED → LOW  0.1900 µSv/h
17:52:44	1787507564591803400,1787507564601809400		[17:52:44] ⚡ CPS CLUSTER  24cts/10s  n=21  CV_IAT=1.588 |   RF est P=C·d²/K  @0.5m: 6.0-600.0W  (mid=30.0W)  CPS/s=2.4 | [17:52:44] ↑ STATE  LOW → ELEVATED  0.2000 µSv/h | [17:52:44] ↑ STATE  ELEVATED → LOW  0.1900 µSv/h
17:52:46	1787507566093646300,1787507566102796300,1787507566107042800		[17:52:46] ↑ STATE  LOW → ELEVATED  0.2000 µSv/h | [17:52:46] 🔄 PEAK RECURRENCE  dr=0.2000 µSv/h  seen 116x in log | [17:52:46] ↑ STATE  ELEVATED → LOW  0.1900 µSv/h
17:52:47	1787507567093373400,1787507567098027800,1787507567104507600		[17:52:47] ↑ STATE  LOW → ELEVATED  0.2000 µSv/h | [17:52:47] ↑ STATE  ELEVATED → LOW  0.1900 µSv/h | [17:52:47] ↑ STATE  LOW → ELEVATED  0.2000 µSv/h
17:52:49	1787507569349658600,1787507569354745900,1787507569358016000		[17:52:49] ↑ STATE  ELEVATED → LOW  0.1900 µSv/h | [17:52:49] ↑ STATE  LOW → ELEVATED  0.2000 µSv/h
17:52:50	1787507570548000000,1787507570553144600,1787507570556361200,1787507570561197300		[17:52:50] ↑ STATE  ELEVATED → LOW  0.1900 µSv/h | [17:52:50] ↑ STATE  LOW → ELEVATED  0.2000 µSv/h
17:52:51	1787507571743704300,1787507571749417500,1787507571752336000,1787507571757562600		[Min 019  17:51:51]  CPM=00176  ✓ COMPLETE | [17:52:51] ↑ STATE  ELEVATED → LOW  0.1900 µSv/h | [17:52:51] ↑ STATE  LOW → ELEVATED  0.2000 µSv/h
17:52:52	1787507572951353000,1787507572952166400,1787507572953359600		[17:52:52] ↑ STATE  ELEVATED → LOW  0.1900 µSv/h | [17:52:52] ↑ STATE  LOW → ELEVATED  0.2000 µSv/h
17:52:54	1787507574141149200,1787507574145488000,1787507574150409200,1787507574156446500		[17:52:54] ↑ STATE  ELEVATED → LOW  0.1900 µSv/h | [17:52:54] ↑ STATE  LOW → ELEVATED  0.2000 µSv/h
17:52:55	1787507575584020200,1787507575590208500,1787507575601112800		[17:52:55] ⚠ BURST PAIR  pairs=10  interval=93.6s  CV=2.337  spacings=[69.2,1.2,1.2,1.2,1.4,1.0,708.6,6.9,51.7]  span=842.4s |   f=0.011Hz  T=93.6s  pair_width=2s  CPS≥2  structured burst-pair source
17:52:56	1787507576597365500,1787507576606953500		
17:52:58	1787507578083334000,1787507578086969300		
17:52:59	1787507579101225500	SIG#440 [1,0,0,0,1,0,1,0,0,0,1,0,1,0,0,0,1,0,1,0,0,0,1,0,1,2,0,0,1,0,1,2,0,0,1,0,1,2,0,2,1,0,1,2,0,2,0,0,1,2,0,2,0,0,1,2,0,2,0,0,2,2,0,2,0,0,2,0,0,2,0,0,2,0,0,2,0,0,2] pk=2	
17:53:01	1787507581347273500,1787507581355449300		[17:53:01] ⚡ OOK BURST PATTERN  CPS=2  burst=1.8s  gap=2.3s  duty=0.44  cycles=4 |   f=0.250Hz (SLF)  T=4.0s  CV_run=0.247  CV_gap=0.369  RF≈2.5W@0.5m |   ON/OFF KEYING SIGNATURE  identical CPS=2 repeated 4x  structured pulsed source confirmed | [17:53:01] ⚡ CPS CLUSTER  34cts/10s  n=19  CV_IAT=1.420 |   RF est P=C·d²/K  @0.5m: 8.5-850.0W  (mid=42.5W)  CPS/s=3.4
17:53:02	1787507582553838000,1787507582569327000,1787507582576056300		
17:53:03	1787507583756261600,1787507583757754600		
17:53:04	1787507584967376400,1787507584969518800,1787507584971701200		
17:53:06	1787507586146147600,1787507586148243700,1787507586150696400		
17:53:07	1787507587588921900,1787507587591256300,1787507587593819400,1787507587596575500		
17:53:08	1787507588603864300,1787507588606465500,1787507588612429300,1787507588616161300,1787507588622959000		
17:53:10	1787507590093603300,1787507590099473700,1787507590105003800,1787507590107859200,1787507590110414300		
17:53:11	1787507591094847500,1787507591096221400,1787507591096927000,1787507591097599000		
17:53:13	1787507593343356700,1787507593347887900,1787507593351588000,1787507593354744000		
17:53:14	1787507594546452500,1787507594548523300,1787507594550711000,1787507594556270000		
17:53:15	1787507595763637800,1787507595766834200,1787507595770039600,1787507595779619300		[17:53:15] 小刀 PAINTBRUSH BURST  4 consecutive ticks  total=7cts  avg=1.8CPS  RF~2.2W@0.5m  bars merge = dense burst
17:53:16	1787507596951903000,1787507596953353500,1787507596955622000		[17:53:16] ⚡ CPS CLUSTER  54cts/10s  n=31  CV_IAT=1.897 |   RF est P=C·d²/K  @0.5m: 13.5-1350.0W  (mid=67.5W)  CPS/s=5.4 | [17:53:16] 🔄 PEAK RECURRENCE  dr=0.2400 µSv/h  seen 6x in log
17:53:18	1787507598153714700,1787507598161514000		
17:53:19	1787507599594860000	SIG#446 [2,1,0,1,0,0,2,1,0,1,0,0,2,1,0,1,0,1,2,1,0,1,0,1,4,1,0,1,0,1,4,1,0,1,0,1,4,1,0,1,0,1,4,1,0,0,0,1,4,1,0,0,1,1,4,1,0,0,1,0,4,1,0,0,1,0,0,1,0,0,1] pk=4	
17:53:20	1787507600602925300		
17:53:22	1787507602093938400		
17:53:23	1787507603122524200		
17:53:25	1787507605371279600		
17:53:26	1787507606570235000		
17:53:27	1787507607772595200,1787507607780708600		
17:53:28	1787507608975639600,1787507608978091000		[17:53:28] ⚠ EMF FINGERPRINT  score=4/7  n=3pk/5fl |   χ²/μ=0.001  m=1.091  SWR=0.11  CV_R=0.063  PSCI=0.034  CV_Re=0.064
17:53:30	1787507610153610200,1787507610163256800,1787507610170080300		[17:53:30] ⚡ BEAT INTERFERENCE CONFIRMED |   y = A1·sin(2πf₁t) + A2·sin(2πf₂t) |   A1=0.2500µSv/h  A2=0.1900µSv/h  A2/A1=0.760  floor/peak=0.760 |   f_beat=|f₁-f₂|=0.24792Hz  T_beat=4.0s  band=SLF |   RF P≈C·d²/K: carrier1≈0.08W  carrier2≈0.05W  @d=0.5m (K=0.2) |   TWO-SOURCE INTERFERENCE  dominant=0.2500µSv/h  secondary=0.1900µSv/h  freq-sep≈0.24792Hz  CV_env=0.092 | [17:53:30] ↑ STATE  ELEVATED → LOW  0.1900 µSv/h
17:53:31	1787507611612903000,1787507611618546200,1787507611621191000		[17:53:31] ↑ STATE  LOW → ELEVATED  0.2200 µSv/h | [17:53:31] ⚠⚠⚠ POWER LEVEL LOCK  dr=0.2200 µSv/h  hits=63  avg_interval=15.9s (0.27min)  CV=5.741 |   Source returns to identical power level 63x  Natural decay cannot reproduce fixed amplitude  Controlled RF source confirmed | [17:53:31] ↑ STATE  ELEVATED → LOW  0.1900 µSv/h
17:53:32	1787507612615678200,1787507612621970200		[17:53:32] ⚡ CPS CLUSTER  20cts/10s  n=13  CV_IAT=1.064 |   RF est P=C·d²/K  @0.5m: 5.0-500.0W  (mid=25.0W)  CPS/s=2.0 | [17:53:32] ↑ STATE  LOW → ELEVATED  0.2100 µSv/h | [17:53:32] ↑ STATE  ELEVATED → LOW  0.1900 µSv/h
17:53:34	1787507614110447400,1787507614116533500		[17:53:34] ↑ STATE  LOW → ELEVATED  0.2100 µSv/h | [17:53:34] ↑ STATE  ELEVATED → LOW  0.1900 µSv/h
17:53:35	1787507615093444000,1787507615099279600,1787507615111736000		[17:53:35] ↑ STATE  LOW → ELEVATED  0.2000 µSv/h | [17:53:35] ↑ STATE  ELEVATED → LOW  0.1900 µSv/h
17:53:37	1787507617356547000,1787507617364903000		[17:53:37] ↑ STATE  LOW → ELEVATED  0.2000 µSv/h | [17:53:37] ↑ STATE  ELEVATED → LOW  0.1900 µSv/h
17:53:38	1787507618553545500,1787507618561263400		
17:53:39	1787507619763102200,1787507619779963600	SIG#453 [2,0,0,1,0,0,2,0,0,1,0,0,2,0,0,1,0,1,2,0,0,1,0,1,0,0,0,1,0,1,0,0,0,1,0,1,0,0,0,1,0,1,0,0,0,1,0,1,0,0,0,1,0,1,0,0,0,1] pk=2	
17:53:40	1787507620965011700,1787507620967720200		
17:53:42	1787507622156379000,1787507622168499200		
17:53:43	1787507623603397400,1787507623616967000,1787507623623266600		
17:53:44	1787507624598261500,1787507624602974000		
17:53:45	1787507625618319400,1787507625627412000		
17:53:47	1787507627093892000,1787507627101759000,1787507627110606600		[17:53:47] ⚡ OOK BURST PATTERN  CPS=1  burst=1.3s  gap=1.7s  duty=0.44  cycles=3 |   f=0.333Hz (SLF)  T=3.0s  CV_run=0.354  CV_gap=0.283  RF≈1.3W@0.5m |   ON/OFF KEYING SIGNATURE  identical CPS=1 repeated 3x  structured pulsed source confirmed
17:53:48	1787507628101591600,1787507628110488000		[17:53:48] ⚡ CPS CLUSTER  18cts/10s  n=18  CV_IAT=1.195 |   RF est P=C·d²/K  @0.5m: 4.5-450.0W  (mid=22.5W)  CPS/s=1.8
17:53:50	1787507630365945000,1787507630370309600		
17:53:51	1787507631553880600,1787507631562427100		[Min 020  17:52:51]  CPM=00166  ✓ COMPLETE
17:53:52	1787507632761003800,1787507632771105000	SIG#454 [1,0,0,1,0,0,1,0,0,1,0,0,1,0,0,1,0,0,1,0,0,1,0,0,1,0,0,1,0,0,1,0,0,1,0,0,1,0,0,1,0,0,1,0,0,1,0,0,1,0,0,1,0,0,1,0,0,1,0,0,1,0,0,1] pk=1	
17:53:53	1787507633965185000,1787507633971493600,1787507633973387500		
17:53:55	1787507635173713700,1787507635184800000,1787507635187768600		
17:53:56	1787507636605892900,1787507636606856700	SIG#455 [1,0,0,0,1,0,1,0,0,0,1,1,1,0,0,0,1,1] pk=1	
17:53:57	1787507637611655200,1787507637618921200		
17:53:59	1787507639108079000,1787507639110758700,1787507639123137000		
17:54:00	1787507640103744500,1787507640107824000,1787507640117156900		
17:54:02	1787507642363948800,1787507642372350000,1787507642376512000		
17:54:03	1787507643582168800,1787507643590174500		[17:54:03] ⚡ CPS CLUSTER  19cts/10s  n=19  CV_IAT=1.493 |   RF est P=C·d²/K  @0.5m: 4.8-475.0W  (mid=23.8W)  CPS/s=1.9 | [17:54:03] ⚠ EMF FINGERPRINT  score=4/7  n=3pk/2fl |   χ²/μ=0.001  m=1.238  SWR=0.18  CV_R=0.089  PSCI=0.063  CV_Re=0.048
17:54:04	1787507644777369300,1787507644782093800		
17:54:05	1787507645985135000,1787507645989712400,1787507645996558800		
17:54:07	1787507647163224800,1787507647165287700,1787507647167394000		
17:54:08	1787507648609070300,1787507648617550600		
17:54:09	1787507649623474200,1787507649631706000		
17:54:11	1787507651121561600	SIG#458 [1,1,0,0,0,1,1,1,0,0,0,1,0,1,0,0,0,1,0,1,0,0,0,1,0,1,0,0,0,1,0,1,0,0,0,1,0,1,0,0,1,1,0,1,0,0,1,0,0,1,0,0,1,0,0,1,0,0,1] pk=1	
17:54:12	1787507652115044600		
17:54:13	1787507653613952000		
17:54:14			
17:54:15			
17:54:17			
17:54:18	1787507658134549500		
17:54:20	1787507660372353300,1787507660374355500		[17:54:20] ⚡ CPS CLUSTER  5cts/10s  n=5  CV_IAT=0.583 |   RF est P=C·d²/K  @0.5m: 1.3-125.0W  (mid=6.3W)  CPS/s=0.5
17:54:21	1787507661573246700,1787507661574096000		
17:54:22	1787507662781453000,1787507662785333800		
17:54:23	1787507663979727600,1787507663983210500		
17:54:25	1787507665170927600,1787507665173507000		
17:54:26	1787507666613199600,1787507666616107500		
17:54:27	1787507667623907800		
17:54:29			[17:54:29] ↓ STATE  LOW → FLAT  0.0900 µSv/h | [17:54:29] 🔄 FLOOR RECURRENCE  dr=0.0900 µSv/h  prior=17:51:36  interval=172.6s  (2.88min)
17:54:30			[17:54:30] ↑ STATE  FLAT → LOW  0.1200 µSv/h | [17:54:30] ↓ STATE  LOW → FLAT  0.0900 µSv/h
17:54:32	1787507672405999400		[17:54:32] ⚡ OOK BURST PATTERN  CPS=1  burst=1.3s  gap=1.7s  duty=0.44  cycles=3 |   f=0.333Hz (SLF)  T=3.0s  CV_run=0.354  CV_gap=0.283  RF≈1.3W@0.5m |   ON/OFF KEYING SIGNATURE  identical CPS=1 repeated 3x  structured pulsed source confirmed | [17:54:32] ↑ STATE  FLAT → LOW  0.1200 µSv/h | [17:54:32] ⚠⚠⚠ POWER LEVEL LOCK  dr=0.1200 µSv/h  hits=621  avg_interval=2.0s (0.03min)  CV=5.906 |   Source returns to identical power level 621x  Natural decay cannot reproduce fixed amplitude  Controlled RF source confirmed | [17:54:32] ↓ STATE  LOW → FLAT  0.0900 µSv/h
17:54:33	1787507673583740200,1787507673587787300		[17:54:33] ↑ STATE  FLAT → LOW  0.1200 µSv/h | [17:54:33] ⚠⚠⚠ EMF FINGERPRINT  score=6/7  n=4pk/4fl |   χ²/μ=0.002  m=1.350  SWR=0.29  CV_R=0.117  PSCI=0.083  CV_Re=0.158 | [17:54:33] ↓ STATE  LOW → FLAT  0.0900 µSv/h
17:54:34	1787507674779331600,1787507674781930800		[17:54:34] ↑ STATE  FLAT → LOW  0.1100 µSv/h | [17:54:34] ↓ STATE  LOW → FLAT  0.0900 µSv/h
17:54:35	1787507675979187000,1787507675981721000,1787507675985296000		[17:54:35] ⚡ CPS CLUSTER  8cts/10s  n=8  CV_IAT=1.342 |   RF est P=C·d²/K  @0.5m: 2.0-200.0W  (mid=10.0W)  CPS/s=0.8 | [17:54:35] ↑ STATE  FLAT → LOW  0.1100 µSv/h | [17:54:35] ↓ STATE  LOW → FLAT  0.0900 µSv/h
17:54:37	1787507677177337600,1787507677186119400,1787507677195261700		[17:54:37] ↑ STATE  FLAT → LOW  0.1000 µSv/h
17:54:38	1787507678626359300,1787507678629381000,1787507678635059700		[17:54:38] ↓ STATE  LOW → FLAT  0.0900 µSv/h | [17:54:38] ↑ STATE  FLAT → LOW  0.1000 µSv/h
17:54:39	1787507679623625000,1787507679626589400,1787507679630353400		[17:54:39] ↓ STATE  LOW → FLAT  0.0800 µSv/h | [17:54:39] ↑ STATE  FLAT → LOW  0.1000 µSv/h
17:54:41	1787507681113475600,1787507681119227000,1787507681131743200		[17:54:41] ↓ STATE  LOW → FLAT  0.0900 µSv/h | [17:54:41] ↑ STATE  FLAT → LOW  0.1000 µSv/h
17:54:42	1787507682117461000,1787507682127390700		[17:54:42] ↓ STATE  LOW → FLAT  0.0900 µSv/h | [17:54:42] ↑ STATE  FLAT → LOW  0.1000 µSv/h
17:54:44	1787507684369997000,1787507684384951000		[17:54:44] ↓ STATE  LOW → FLAT  0.0900 µSv/h | [17:54:44] ↑ STATE  FLAT → LOW  0.1000 µSv/h
17:54:45	1787507685576631300	SIG#473 [1,1,0,1,0,0,1,1,0,1,0,0,1,1,0,1,0,0,1,1,0,1,0,0,0,1,0,1,0,0,0,1,0,1,0,0,0,1,0,1,0,0,0,1] pk=1	
17:54:46	1787507686785849600		
17:54:47	1787507687982382300		
17:54:49	1787507689181965000,1787507689205416700		
17:54:50	1787507690627713300		
17:54:51	1787507691622166300		[Min 021  17:53:51]  CPM=00083  ✓ COMPLETE | [17:54:51] ⚡ CPS CLUSTER  10cts/10s  n=10  CV_IAT=0.769 |   RF est P=C·d²/K  @0.5m: 2.5-250.0W  (mid=12.5W)  CPS/s=1.0
17:54:53	1787507693121384000,1787507693129734000		
17:54:54	1787507694131634700,1787507694146491400,1787507694154091000		
17:54:56	1787507696387898000,1787507696395544800,1787507696398531000		
17:54:57	1787507697573411800,1787507697578180400,1787507697579908000		
17:54:58	1787507698779993600,1787507698783115500	SIG#481 [1,0,0,1,0,0,1,0,0,1,2,0,1,0,0,1,2,0,1,0,0,1,2] pk=2	
17:54:59	1787507699986586000,1787507699989089300		
17:55:00	1787507700000375300		
17:55:01	1787507701178868500,1787507701182594800,1787507701194900700		
17:55:02	1787507702623537200,1787507702631790000		
17:55:03	1787507703629812700,1787507703636316200	SIG#483 [1,2,0,0,0,1,1,2,0,0,0,1,0,2,0,0,0,1] pk=2	
17:55:05	1787507705129532700,1787507705136837400		
17:55:06	1787507706113461800,1787507706123200500		
17:55:07	1787507707623512600,1787507707633021200		[17:55:07] ⚡ CPS CLUSTER  21cts/10s  n=17  CV_IAT=1.146 |   RF est P=C·d²/K  @0.5m: 5.3-525.0W  (mid=26.3W)  CPS/s=2.1
17:55:08	1787507708615343900	SIG#484 [1,0,0,1,0,0,1,0,0,1,0,0,1,0,0,1,0,0,1,0,0,1] pk=1	
17:55:09	1787507709626573800		
17:55:11	1787507711114029800		
17:55:12			
17:55:14			
17:55:15			
17:55:16			
17:55:17			[17:55:17] ⚡ OOK BURST PATTERN  CPS=2  burst=1.0s  gap=3.4s  duty=0.23  cycles=5 |   f=0.227Hz (SLF)  T=4.4s  CV_run=0.000  CV_gap=0.144  RF≈2.5W@0.5m |   ON/OFF KEYING SIGNATURE  identical CPS=2 repeated 5x  structured pulsed source confirmed
17:55:18			[17:55:18] ↓ STATE  LOW → FLAT  0.0900 µSv/h | [17:55:18] 🔄 FLOOR RECURRENCE  dr=0.0900 µSv/h  prior=17:54:44  interval=33.6s  (0.56min)
17:55:19			[17:55:19] ↑ STATE  FLAT → LOW  0.1300 µSv/h | [17:55:19] ↓ STATE  LOW → FLAT  0.0900 µSv/h
17:55:20			[17:55:20] ↑ STATE  FLAT → LOW  0.1300 µSv/h | [17:55:20] ↓ STATE  LOW → FLAT  0.0900 µSv/h
17:55:21			[17:55:21] ↑ STATE  FLAT → LOW  0.1200 µSv/h | [17:55:21] ⚠⚠ EMF FINGERPRINT  score=5/7  n=2pk/5fl |   χ²/μ=0.002  m=1.302  SWR=0.29  CV_R=0.127  PSCI=0.040  CV_Re=0.214 | [17:55:21] ↓ STATE  LOW → FLAT  0.0900 µSv/h
17:55:23			[17:55:23] ↑ STATE  FLAT → LOW  0.1100 µSv/h | [17:55:23] ↓ STATE  LOW → FLAT  0.0900 µSv/h
17:55:24			[17:55:24] ↑ STATE  FLAT → LOW  0.1000 µSv/h | [17:55:24] ↓ STATE  LOW → FLAT  0.0900 µSv/h
17:55:26			
17:55:27			
17:55:28			
17:55:29			
17:55:31			
17:55:32			
17:55:33			
17:55:35			
17:55:36			
17:55:37			
17:55:38			
17:55:39			
17:55:41			
17:55:42			
17:55:44	1787507744411896600		
17:55:45	1787507745594505700		
17:55:46	1787507746795500500,1787507746799933200		
17:55:47			
17:55:48	1787507748005520400,1787507748009703700		[17:55:48] ⚡ CPS CLUSTER  5cts/10s  n=5  CV_IAT=0.575 |   RF est P=C·d²/K  @0.5m: 1.3-125.0W  (mid=6.3W)  CPS/s=0.5 | [17:55:48] 🔄 FLOOR RECURRENCE  dr=0.0600 µSv/h  prior=17:55:48  interval=0.0s  (0.00min)
17:55:49	1787507749202295000,1787507749208164400		
17:55:50	1787507750626434800,1787507750631024000		
17:55:51	1787507751633365800,1787507751639015200	SIG#490 [1,0,1,0,0,0,1,0,1,0,0,0,1,0,1,0,0,0,1,0,1,0,0,0,1,0,1] pk=1	[Min 022  17:54:51]  CPM=00051  ✓ COMPLETE | [17:55:51] ⚠⚠ EMF FINGERPRINT  score=5/7  n=4pk/2fl |   χ²/μ=0.003  m=1.571  SWR=0.46  CV_R=0.250  PSCI=0.203  CV_Re=0.143
17:55:53	1787507753127778300		
17:55:54	1787507754133255700		
17:55:56			
17:55:57	1787507757603833000		
17:55:58	1787507758800586800		
17:55:59			
17:56:00	1787507760006010600,1787507760011139800		
17:56:01	1787507761192312600,1787507761197705500		
17:56:02	1787507762636780000,1787507762639925500		
17:56:03	1787507763646012200,1787507763649775600,1787507763656288300		[17:56:03] ⚡ OOK BURST PATTERN  CPS=2  burst=1.0s  gap=3.4s  duty=0.23  cycles=5 |   f=0.227Hz (SLF)  T=4.4s  CV_run=0.000  CV_gap=0.144  RF≈2.5W@0.5m |   ON/OFF KEYING SIGNATURE  identical CPS=2 repeated 5x  structured pulsed source confirmed | [17:56:03] ⚡ CPS CLUSTER  9cts/10s  n=9  CV_IAT=1.017 |   RF est P=C·d²/K  @0.5m: 2.3-225.0W  (mid=11.3W)  CPS/s=0.9 | [17:56:03] ↑ STATE  FLAT → LOW  0.1000 µSv/h | [17:56:03] ⚠⚠⚠ POWER LEVEL LOCK  dr=0.1000 µSv/h  hits=547  avg_interval=2.2s (0.04min)  CV=5.788 |   Source returns to identical power level 547x  Natural decay cannot reproduce fixed amplitude  Controlled RF source confirmed
17:56:05	1787507765133908700,1787507765139940000,1787507765148328200		[17:56:05] ↓ STATE  LOW → FLAT  0.0900 µSv/h | [17:56:05] ↑ STATE  FLAT → LOW  0.1000 µSv/h
17:56:06	1787507766127412000,1787507766133468400,1787507766140191000		[17:56:06] ↓ STATE  LOW → FLAT  0.0900 µSv/h | [17:56:06] ↑ STATE  FLAT → LOW  0.1000 µSv/h
17:56:08	1787507768384119600,1787507768396528600,1787507768402890200		[17:56:08] ↓ STATE  LOW → FLAT  0.0900 µSv/h | [17:56:08] ↑ STATE  FLAT → LOW  0.1000 µSv/h
17:56:09	1787507769598495700,1787507769603441000		[17:56:09] ↓ STATE  LOW → FLAT  0.0900 µSv/h | [17:56:09] ↑ STATE  FLAT → LOW  0.1000 µSv/h
17:56:10	1787507770796979200,1787507770802131000,1787507770809441300		[17:56:10] ↓ STATE  LOW → FLAT  0.0900 µSv/h | [17:56:10] ↑ STATE  FLAT → LOW  0.1000 µSv/h
17:56:12	1787507772003408600,1787507772006679800,1787507772010164700		[17:56:12] ⚠ BURST PAIR  pairs=12  interval=94.4s  CV=2.136  spacings=[69.2,1.2,1.2,1.2,1.4,1.0,708.6,6.9,51.7,7.0,189.4]  span=1038.8s |   f=0.011Hz  T=94.4s  pair_width=2s  CPS≥2  structured burst-pair source
17:56:13	1787507773198262000,1787507773207907000		
17:56:14	1787507774633519900,1787507774641407000,1787507774648745500		
17:56:15	1787507775659138800,1787507775667367400		
17:56:17	1787507777139819500,1787507777147878100		[17:56:17] ⚡ BEAT INTERFERENCE CONFIRMED |   y = A1·sin(2πf₁t) + A2·sin(2πf₂t) |   A1=0.2500µSv/h  A2=0.1700µSv/h  A2/A1=0.680  floor/peak=0.680 |   f_beat=|f₁-f₂|=0.08740Hz  T_beat=11.4s  band=ELF |   RF P≈C·d²/K: carrier1≈0.08W  carrier2≈0.04W  @d=0.5m (K=0.2) |   TWO-SOURCE INTERFERENCE  dominant=0.2500µSv/h  secondary=0.1700µSv/h  freq-sep≈0.08740Hz  CV_env=0.097
17:56:18	1787507778143796700,1787507778151681800,1787507778161928400		
17:56:20	1787507780400134400,1787507780409297400		[17:56:20] ⚡ CPS CLUSTER  34cts/10s  n=18  CV_IAT=1.355 |   RF est P=C·d²/K  @0.5m: 8.5-850.0W  (mid=42.5W)  CPS/s=3.4
17:56:21	1787507781587628800,1787507781589829000		
17:56:22	1787507782794148600,1787507782802313000,1787507782809946600		[17:56:22] ⚠⚠⚠ EMF FINGERPRINT  score=6/7  n=6pk/5fl |   χ²/μ=0.004  m=1.347  SWR=0.31  CV_R=0.165  PSCI=0.131  CV_Re=0.118 | [17:56:22] ↑ STATE  LOW → ELEVATED  0.2000 µSv/h | [17:56:22] 🔄 PEAK RECURRENCE  dr=0.2000 µSv/h  seen 15x in log
17:56:23	1787507783991868000,1787507783994712000		[17:56:23] ↑ STATE  ELEVATED → LOW  0.1700 µSv/h | [17:56:23] ↑ STATE  LOW → ELEVATED  0.2000 µSv/h
17:56:25	1787507785196399000,1787507785200926500		[17:56:25] ↑ STATE  ELEVATED → LOW  0.1700 µSv/h | [17:56:25] ↑ STATE  LOW → ELEVATED  0.2000 µSv/h
17:56:26	1787507786639815700,1787507786646255400		[17:56:26] ↑ STATE  ELEVATED → LOW  0.1800 µSv/h | [17:56:26] ↑ STATE  LOW → ELEVATED  0.2000 µSv/h | [17:56:26] ↑ STATE  ELEVATED → LOW  0.1900 µSv/h
17:56:27	1787507787636558600	SIG#495 [1,0,1,0,0,0,1,0,1,0,0,0,1,0,1,0,0,0,1,0,1,0,0,2,1,0,1,0,0,2,0,0,1,0,0,2,0,1,1,0,0,2,0,1,0,0,0,2,0,1,0,0,0,2,0,1,0,0,3,2,0,1,0,0,3,0,0,1,0,0,3,0,0,1,0,0,3,0,0,1,0,0,3,0,0,1,0,0,3,0,0,1,0,0,3,0,0,1,0,0,1,0,0,1,0,0,1,0,0,1,0,0,1,0,0,1,0,0,1,0,0,1,0,0,1,0,0,1,0,0,1,0,0,1,0,0,1,0,0,1] pk=3	[17:56:27] ↑ STATE  LOW → ELEVATED  0.2000 µSv/h | [17:56:27] ↑ STATE  ELEVATED → LOW  0.1900 µSv/h
17:56:29	1787507789147944000		[17:56:29] ↑ STATE  LOW → ELEVATED  0.2000 µSv/h | [17:56:29] ↑ STATE  ELEVATED → LOW  0.1900 µSv/h
17:56:30	1787507790143973000		[17:56:30] ↑ STATE  LOW → ELEVATED  0.2000 µSv/h | [17:56:30] ↑ STATE  ELEVATED → LOW  0.1900 µSv/h
17:56:31	1787507791657062000		[17:56:31] ↑ STATE  LOW → ELEVATED  0.2000 µSv/h | [17:56:31] ↑ STATE  ELEVATED → LOW  0.1900 µSv/h
17:56:32	1787507792656072200,1787507792659237000		[17:56:32] ↑ STATE  LOW → ELEVATED  0.2000 µSv/h | [17:56:32] ↑ STATE  ELEVATED → LOW  0.1900 µSv/h
17:56:33	1787507793660718000,1787507793666758400,1787507793668358000		
17:56:35	1787507795145770000,1787507795148529700,1787507795151665200		
17:56:36	1787507796151671800,1787507796153630700,1787507796156312000		[17:56:36] ⚡ CPS CLUSTER  18cts/10s  n=14  CV_IAT=0.962 |   RF est P=C·d²/K  @0.5m: 4.5-450.0W  (mid=22.5W)  CPS/s=1.8
17:56:38	1787507798398244600,1787507798401434400,1787507798405834200,1787507798419312400		
17:56:39	1787507799603101200,1787507799604778800,1787507799606495500,1787507799609559300		[17:56:39] ⚠ BURST PAIR  pairs=13  interval=88.9s  CV=2.183  spacings=[69.2,1.2,1.2,1.2,1.4,1.0,708.6,6.9,51.7,7.0,189.4,27.6]  span=1066.4s |   f=0.011Hz  T=88.9s  pair_width=2s  CPS≥2  structured burst-pair source | [17:56:39] 小刀 PAINTBRUSH BURST  4 consecutive ticks  total=6cts  avg=1.5CPS  RF~1.9W@0.5m  bars merge = dense burst
17:56:40	1787507800793375200,1787507800794673700,1787507800796857600		
17:56:42	1787507802013539300,1787507802029524700		
17:56:43	1787507803210672000	SIG#501 [2,1,1,0,0,0,2,1,1,0,0,0,2,1,1,0,0,0,2,1,1,0,0,2,2,1,1,0,0,2,0,1,1,0,0,2,0,0,1,0,0,2] pk=2	
17:56:44	1787507804636903400		
17:56:45	1787507805640330500		
17:56:46	1787507806672084200		
17:56:48	1787507808151777500,1787507808153517800		
17:56:49	1787507809151164200,1787507809155117300,1787507809160350500		[17:56:49] ⚡ OOK BURST PATTERN  CPS=1  burst=1.7s  gap=2.0s  duty=0.45  cycles=3 |   f=0.273Hz (SLF)  T=3.7s  CV_run=0.283  CV_gap=0.000  RF≈1.3W@0.5m |   ON/OFF KEYING SIGNATURE  identical CPS=1 repeated 3x  structured pulsed source confirmed
17:56:51	1787507811406124000,1787507811409130800,1787507811411915800,1787507811414470400		[Min 023  17:55:51]  CPM=00128  ✓ COMPLETE | [17:56:51] ⚡ CPS CLUSTER  15cts/10s  n=11  CV_IAT=0.837 |   RF est P=C·d²/K  @0.5m: 3.8-375.0W  (mid=18.8W)  CPS/s=1.5
17:56:52	1787507812595924200,1787507812597127400,1787507812598408000,1787507812599319000		
17:56:53	1787507813794850300,1787507813797271600,1787507813800388400,1787507813802816300		
17:56:55	1787507815013672200,1787507815015413200,1787507815016765000,1787507815017745400		[17:56:55] ⚠⚠⚠ CPS UNIFORMITY LOCK  CPS=1 on 18/30s (60.0%)  zeros=12  highs=0  Poisson P<<0.001  CONTROLLED SOURCE CONFIRMED |   Natural Poisson: expected CPS=1 on ~9-13s  observed=18s  locked synthetic output indicated
17:56:56	1787507816203897300,1787507816207915800,1787507816210545000	SIG#507 [1,1,1,0,0,0,1,1,1,1,0,0,1,1,1,1,0,0,1,1,1,1,0,0,1,1,1,1,0,0,0,1,1,1] pk=1	
17:56:57	1787507817643822000,1787507817650633700		
17:56:58	1787507818661819600,1787507818670385000		
17:57:00	1787507820155443200,1787507820160034300		
17:57:01	1787507821160434000,1787507821162328000,1787507821164574500		
17:57:03	1787507823411890200,1787507823415325200,1787507823418144300		
17:57:04	1787507824608177000,1787507824611725300,1787507824615106000		[17:57:04] ⚠⚠⚠ POWER LEVEL LOCK  dr=0.1500 µSv/h  hits=651  avg_interval=2.1s (0.04min)  CV=4.908 |   Source returns to identical power level 651x  Natural decay cannot reproduce fixed amplitude  Controlled RF source confirmed
17:57:05	1787507825817335300,1787507825820246800,1787507825823033000,1787507825831878400		
17:57:07	1787507827011179000,1787507827015817000,1787507827018120200,1787507827026780700,1787507827029250000		[17:57:07] ⚡ CPS CLUSTER  27cts/10s  n=20  CV_IAT=1.389 |   RF est P=C·d²/K  @0.5m: 6.8-675.0W  (mid=33.8W)  CPS/s=2.7 | [17:57:07] 小刀 PAINTBRUSH BURST  4 consecutive ticks  total=5cts  avg=1.3CPS  RF~1.6W@0.5m  bars merge = dense burst
17:57:08	1787507828203757300,1787507828205372000,1787507828209400000,1787507828211377400		
17:57:09	1787507829653657000,1787507829663502800,1787507829667566000,1787507829672941300		[17:57:09] ↑ STATE  LOW → ELEVATED  0.2000 µSv/h | [17:57:09] 🔄 PEAK RECURRENCE  dr=0.2000 µSv/h  seen 35x in log
17:57:10	1787507830661365800,1787507830665368300,1787507830670326300		[17:57:10] ↑ STATE  ELEVATED → LOW  0.1600 µSv/h | [17:57:10] ↑ STATE  LOW → ELEVATED  0.2000 µSv/h
17:57:12	1787507832157459500,1787507832160468000,1787507832166370600		[17:57:12] ↑ STATE  ELEVATED → LOW  0.1600 µSv/h | [17:57:12] ↑ STATE  LOW → ELEVATED  0.2000 µSv/h | [17:57:12] ⚠ EMF FINGERPRINT  score=4/7  n=5pk/2fl |   χ²/μ=0.002  m=1.161  SWR=0.15  CV_R=0.103  PSCI=0.079  CV_Re=0.032
17:57:13	1787507833154145300,1787507833158593800,1787507833165550000		[17:57:13] ↑ STATE  ELEVATED → LOW  0.1700 µSv/h | [17:57:13] ↑ STATE  LOW → ELEVATED  0.2000 µSv/h
17:57:15	1787507835409028000,1787507835416566800,1787507835426713600		[17:57:15] ↑ STATE  ELEVATED → LOW  0.1800 µSv/h | [17:57:15] ↑ STATE  LOW → ELEVATED  0.2000 µSv/h
17:57:16	1787507836614643200,1787507836620408300		[17:57:16] ↑ STATE  ELEVATED → LOW  0.1900 µSv/h | [17:57:16] ↑ STATE  LOW → ELEVATED  0.2000 µSv/h | [17:57:16] ↑ STATE  ELEVATED → LOW  0.1900 µSv/h
17:57:17	1787507837803604200,1787507837812670200		[17:57:17] ↑ STATE  LOW → ELEVATED  0.2000 µSv/h | [17:57:17] ↑ STATE  ELEVATED → LOW  0.1900 µSv/h
17:57:19	1787507839017479400	SIG#512 [2,1,1,0,0,0,2,1,1,0,0,0,2,1,1,0,0,0,2,1,1,0,0,1,2,1,1,0,0,1,2,1,1,0,0,1,2,0,1,0,0,1,2,0,1,0,0,1,2,0,1,0,0,1,2,0,1,0,0,1,2,0,1,0,0,0,2,0,1,0,0,0,2,0,1,0,0,0,2,0,1,0,0,0,2] pk=2	[17:57:19] ↑ STATE  LOW → ELEVATED  0.2000 µSv/h | [17:57:19] ↑ STATE  ELEVATED → LOW  0.1900 µSv/h
17:57:20	1787507840209528600		[17:57:20] ↑ STATE  LOW → ELEVATED  0.2000 µSv/h | [17:57:20] ↑ STATE  ELEVATED → LOW  0.1900 µSv/h | [17:57:20] ⚡ BEAT INTERFERENCE CONFIRMED |   y = A1·sin(2πf₁t) + A2·sin(2πf₂t) |   A1=0.2000µSv/h  A2=0.1700µSv/h  A2/A1=0.850  floor/peak=0.850 |   f_beat=|f₁-f₂|=0.34528Hz  T_beat=2.9s  band=SLF |   RF P≈C·d²/K: carrier1≈0.05W  carrier2≈0.04W  @d=0.5m (K=0.2) |   TWO-SOURCE INTERFERENCE  dominant=0.2000µSv/h  secondary=0.1700µSv/h  freq-sep≈0.34528Hz  CV_env=0.071
17:57:21	1787507841645310200		[17:57:21] ↑ STATE  LOW → ELEVATED  0.2000 µSv/h | [17:57:21] ↑ STATE  ELEVATED → LOW  0.1900 µSv/h
17:57:22	1787507842653919700		[17:57:22] ⚡ CPS CLUSTER  23cts/10s  n=14  CV_IAT=0.994 |   RF est P=C·d²/K  @0.5m: 5.8-575.0W  (mid=28.8W)  CPS/s=2.3 | [17:57:22] ↑ STATE  LOW → ELEVATED  0.2000 µSv/h | [17:57:22] ↑ STATE  ELEVATED → LOW  0.1900 µSv/h
17:57:24			
17:57:25			
17:57:27			
17:57:28			
17:57:29	1787507849831235000		
17:57:31	1787507851036141600		
17:57:32	1787507852213429200		
17:57:33	1787507853657130800		
17:57:34	1787507854671393500		[17:57:34] ⚡ OOK BURST PATTERN  CPS=1  burst=1.0s  gap=3.0s  duty=0.25  cycles=3 |   f=0.250Hz (SLF)  T=4.0s  CV_run=0.000  CV_gap=0.000  RF≈1.3W@0.5m |   ON/OFF KEYING SIGNATURE  identical CPS=1 repeated 3x  structured pulsed source confirmed
17:57:36	1787507856157149200		
17:57:37	1787507857140768500		
17:57:39			[17:57:39] ⚡ STRUCTURED CLUSTER  7cts/10s  n=7  CV_IAT=0.158  non-Poisson |   RF est P=C·d²/K  @0.5m: 1.8-175.0W  (mid=8.8W)  CPS/s=0.7
17:57:40			
17:57:41	1787507861826037000		
17:57:43	1787507863016982300		[17:57:43] ⚠⚠ EMF FINGERPRINT  score=5/7  n=5pk/2fl |   χ²/μ=0.002  m=1.235  SWR=0.24  CV_R=0.132  PSCI=0.121  CV_Re=0.043
17:57:44	1787507864221644500,1787507864228562200		
17:57:45	1787507865652930800,1787507865660290000		[17:57:45] ↓ STATE  LOW → FLAT  0.0900 µSv/h | [17:57:45] 🔄 FLOOR RECURRENCE  dr=0.0900 µSv/h  prior=17:56:10  interval=94.9s  (1.58min)
17:57:46	1787507866668480000,1787507866675192000		[17:57:46] ↑ STATE  FLAT → LOW  0.1100 µSv/h | [17:57:46] ↓ STATE  LOW → FLAT  0.0900 µSv/h | [17:57:46] ↑ STATE  FLAT → LOW  0.1000 µSv/h
17:57:48	1787507868147361500,1787507868153824300		[17:57:48] ↓ STATE  LOW → FLAT  0.0900 µSv/h | [17:57:48] ↑ STATE  FLAT → LOW  0.1000 µSv/h
17:57:49	1787507869142885400,1787507869151857200	SIG#526 [1,0,1,0,0,0,1,0,1,0,0,0,1,0,1,0,0,0,1,0,1,0,0,0,1,0,1] pk=1	[17:57:49] ↓ STATE  LOW → FLAT  0.0900 µSv/h | [17:57:49] ↑ STATE  FLAT → LOW  0.1000 µSv/h
17:57:51	1787507871407550000		[Min 024  17:56:51]  CPM=00111  ✓ COMPLETE | [17:57:51] ↓ STATE  LOW → FLAT  0.0900 µSv/h | [17:57:51] ↑ STATE  FLAT → LOW  0.1000 µSv/h
17:57:52	1787507872603655000,1787507872628370200		[17:57:52] ↓ STATE  LOW → FLAT  0.0900 µSv/h | [17:57:52] ↑ STATE  FLAT → LOW  0.1000 µSv/h
17:57:53	1787507873817232000		[17:57:53] ↓ STATE  LOW → FLAT  0.0900 µSv/h | [17:57:53] ↑ STATE  FLAT → LOW  0.1000 µSv/h
17:57:55	1787507875036402000		[17:57:55] ⚡ CPS CLUSTER  12cts/10s  n=12  CV_IAT=0.998 |   RF est P=C·d²/K  @0.5m: 3.0-300.0W  (mid=15.0W)  CPS/s=1.2
17:57:56	1787507876215823000		
17:57:57	1787507877662169600		[17:57:57] ↓ STATE  LOW → FLAT  0.0800 µSv/h
17:57:58	1787507878657228800		[17:57:58] ↑ STATE  FLAT → LOW  0.1000 µSv/h | [17:57:58] ↓ STATE  LOW → FLAT  0.0800 µSv/h
17:58:00	1787507880154119000,1787507880169817600		[17:58:00] ↑ STATE  FLAT → LOW  0.1000 µSv/h | [17:58:00] ↓ STATE  LOW → FLAT  0.0800 µSv/h
17:58:01	1787507881159615200		[17:58:01] ↑ STATE  FLAT → LOW  0.1000 µSv/h | [17:58:01] ↓ STATE  LOW → FLAT  0.0800 µSv/h
17:58:03	1787507883423352000		[17:58:03] ↑ STATE  FLAT → LOW  0.1000 µSv/h | [17:58:03] ↓ STATE  LOW → FLAT  0.0800 µSv/h
17:58:04	1787507884631567600		[17:58:04] ↑ STATE  FLAT → LOW  0.1000 µSv/h | [17:58:04] ⚠⚠⚠ POWER LEVEL LOCK  dr=0.1000 µSv/h  hits=623  avg_interval=2.1s (0.04min)  CV=5.865 |   Source returns to identical power level 623x  Natural decay cannot reproduce fixed amplitude  Controlled RF source confirmed | [17:58:04] ↓ STATE  LOW → FLAT  0.0800 µSv/h
17:58:05	1787507885819449600,1787507885830107400		
17:58:07	1787507887035249000,1787507887041242600		
17:58:08	1787507888213738800,1787507888226371000		
17:58:09	1787507889672871400	SIG#540 [1,0,0,0,1,0,1,0,0,0,1,0,1,0,0,0,1] pk=1	
17:58:10	1787507890680449000		[17:58:10] ⚡ CPS CLUSTER  10cts/10s  n=10  CV_IAT=0.777 |   RF est P=C·d²/K  @0.5m: 2.5-250.0W  (mid=12.5W)  CPS/s=1.0
17:58:12	1787507892156999700		
17:58:13	1787507893163719400,1787507893178837000		
17:58:14	1787507894669211400		
17:58:15	1787507895666261200		[17:58:15] 🔄 FLOOR RECURRENCE  dr=0.0700 µSv/h  prior=17:58:15  interval=0.0s  (0.00min)
17:58:16	1787507896672847000		
17:58:18	1787507898168829200,1787507898179786000		
17:58:19	1787507899157919700,1787507899169498600		
17:58:21	1787507901413843700,1787507901424459800		[17:58:21] ⚡ OOK BURST PATTERN  CPS=1  burst=1.0s  gap=3.0s  duty=0.25  cycles=3 |   f=0.250Hz (SLF)  T=4.0s  CV_run=0.000  CV_gap=0.000  RF≈1.3W@0.5m |   ON/OFF KEYING SIGNATURE  identical CPS=1 repeated 3x  structured pulsed source confirmed
17:58:22	1787507902628601000	SIG#549 [1,0,0,0,1,0,1,0,0,0,1,0,1,0,0,0,1] pk=1	[17:58:22] ↑ STATE  FLAT → LOW  0.1000 µSv/h
17:58:23	1787507903818241000		[17:58:23] ↓ STATE  LOW → FLAT  0.0800 µSv/h | [17:58:23] ↑ STATE  FLAT → LOW  0.1000 µSv/h
17:58:25	1787507905036082700		[17:58:25] ↓ STATE  LOW → FLAT  0.0800 µSv/h | [17:58:25] ↑ STATE  FLAT → LOW  0.1000 µSv/h
17:58:26	1787507906224020700		[17:58:26] ⚡ CPS CLUSTER  11cts/10s  n=11  CV_IAT=0.731 |   RF est P=C·d²/K  @0.5m: 2.8-275.0W  (mid=13.8W)  CPS/s=1.1 | [17:58:26] ↓ STATE  LOW → FLAT  0.0800 µSv/h | [17:58:26] ⚠⚠ EMF FINGERPRINT  score=5/7  n=4pk/2fl |   χ²/μ=0.001  m=1.267  SWR=0.25  CV_R=0.127  PSCI=0.118  CV_Re=0.067 | [17:58:26] ↑ STATE  FLAT → LOW  0.1000 µSv/h
17:58:27			[17:58:27] ↓ STATE  LOW → FLAT  0.0900 µSv/h | [17:58:27] ↑ STATE  FLAT → LOW  0.1000 µSv/h
17:58:28			[17:58:28] ↓ STATE  LOW → FLAT  0.0900 µSv/h | [17:58:28] ↑ STATE  FLAT → LOW  0.1000 µSv/h
17:58:30			
17:58:31			
17:58:32	1787507912680776000		
17:58:33	1787507913666266400		
17:58:34	1787507914675800800		
17:58:36	1787507916163579400		
17:58:37	1787507917170892300		
17:58:39	1787507919411642400		[17:58:39] ↓ STATE  LOW → FLAT  0.0900 µSv/h
17:58:40	1787507920613662200		[17:58:40] ↑ STATE  FLAT → LOW  0.1100 µSv/h | [17:58:40] ↓ STATE  LOW → FLAT  0.0900 µSv/h
17:58:41			[17:58:41] ⚡ STRUCTURED CLUSTER  7cts/10s  n=7  CV_IAT=0.338  non-Poisson |   RF est P=C·d²/K  @0.5m: 1.8-175.0W  (mid=8.8W)  CPS/s=0.7 | [17:58:41] ↑ STATE  FLAT → LOW  0.1000 µSv/h | [17:58:41] ↓ STATE  LOW → FLAT  0.0900 µSv/h
17:58:43	1787507923037958400		[17:58:43] ↑ STATE  FLAT → LOW  0.1000 µSv/h | [17:58:43] ↓ STATE  LOW → FLAT  0.0900 µSv/h
17:58:44	1787507924227917300		[17:58:44] ↑ STATE  FLAT → LOW  0.1000 µSv/h | [17:58:44] ↓ STATE  LOW → FLAT  0.0900 µSv/h
17:58:45	1787507925665955000		[17:58:45] ↑ STATE  FLAT → LOW  0.1000 µSv/h | [17:58:45] ↓ STATE  LOW → FLAT  0.0900 µSv/h | [17:58:45] 🔄 FLOOR RECURRENCE  dr=0.0800 µSv/h  prior=17:58:44  interval=1.4s  (0.02min)
17:58:46	1787507926669810200		
17:58:48	1787507928169976300,1787507928180525300		
17:58:49	1787507929157293300,1787507929168736000,1787507929171133400		
17:58:50	1787507930658848300,1787507930670740200,1787507930673422800		
17:58:51	1787507931663195600,1787507931666147000	SIG#565 [1,0,0,0,2,0,1,0,0,0,2,1,1,0,0,0,2,1] pk=2	[Min 025  17:57:51]  CPM=00059  ✓ COMPLETE | [17:58:51] ↑ STATE  FLAT → LOW  0.1000 µSv/h
17:58:52	1787507932680459300,1787507932683878100		[17:58:52] ↓ STATE  LOW → FLAT  0.0800 µSv/h | [17:58:52] ↑ STATE  FLAT → LOW  0.1000 µSv/h
17:58:54	1787507934165606400,1787507934167410000		[17:58:54] ↓ STATE  LOW → FLAT  0.0800 µSv/h | [17:58:54] ↑ STATE  FLAT → LOW  0.1000 µSv/h
17:58:55	1787507935163738000,1787507935168051000,1787507935183463200		[17:58:55] ↓ STATE  LOW → FLAT  0.0800 µSv/h | [17:58:55] ↑ STATE  FLAT → LOW  0.1000 µSv/h
17:58:57	1787507937423891700,1787507937438343700		[17:58:57] ⚡ CPS CLUSTER  25cts/10s  n=18  CV_IAT=1.287 |   RF est P=C·d²/K  @0.5m: 6.3-625.0W  (mid=31.3W)  CPS/s=2.5 | [17:58:57] ↓ STATE  LOW → FLAT  0.0800 µSv/h | [17:58:57] ↑ STATE  FLAT → LOW  0.1000 µSv/h
17:58:58	1787507938626463500		[17:58:58] ↓ STATE  LOW → FLAT  0.0900 µSv/h | [17:58:58] ↑ STATE  FLAT → LOW  0.1000 µSv/h | [17:58:58] ⚠⚠ EMF FINGERPRINT  score=5/7  n=5pk/2fl |   χ²/μ=0.002  m=1.200  SWR=0.22  CV_R=0.141  PSCI=0.114  CV_Re=0.059
17:58:59	1787507939816080600,1787507939820341500		
17:59:01	1787507941027078400,1787507941031258000		
17:59:02	1787507942228123000,1787507942237185000		
17:59:03	1787507943663940400,1787507943675027000		
17:59:04	1787507944680923000,1787507944690534400	SIG#573 [1,0,0,1,0,0,1,0,0,1,0,0,1,0,0,1,0,0,1,0,0,1] pk=1	[17:59:04] ⚠⚠⚠ POWER LEVEL LOCK  dr=0.1200 µSv/h  hits=714  avg_interval=2.1s (0.04min)  CV=5.568 |   Source returns to identical power level 714x  Natural decay cannot reproduce fixed amplitude  Controlled RF source confirmed