07:44:37	1787471077235189500,1787471077237366000		[07:44:37] ↑ STATE  FLAT → LOW  0.1600 µSv/h | [07:44:37] ↑ STATE  LOW → ELEVATED  0.2000 µSv/h | [07:44:37] 🔄 PEAK RECURRENCE  dr=0.2000 µSv/h  seen 1x in log | [07:44:37] ⚠⚠⚠ POWER LEVEL LOCK  dr=0.2000 µSv/h  hits=3  avg_interval=0.0s (0.00min)  CV=0.218 |   Source returns to identical power level 3x  Natural decay cannot reproduce fixed amplitude  Controlled RF source confirmed
07:44:38	1787471078242783200,1787471078251467800	SIG#1 [1,0,1,0,0,0,1,0,1] pk=1	[07:44:38] ↑ STATE  ELEVATED → LOW  0.1700 µSv/h | [07:44:38] ↑ STATE  LOW → ELEVATED  0.2000 µSv/h
07:44:39	1787471079738157000,1787471079744430000		[07:44:39] ↑ STATE  ELEVATED → LOW  0.1700 µSv/h | [07:44:39] ⚡ CPS CLUSTER  5cts/10s  n=5  CV_IAT=1.028 |   RF est P=C·d²/K  @0.5m: 1.3-125.0W  (mid=6.3W)  CPS/s=0.5 | [07:44:39] ↑ STATE  LOW → ELEVATED  0.2000 µSv/h
07:44:40	1787471080745553700,1787471080754552300		[07:44:40] ↑ STATE  ELEVATED → LOW  0.1800 µSv/h | [07:44:40] ↑ STATE  LOW → ELEVATED  0.2000 µSv/h | [07:44:40] ↑ STATE  ELEVATED → LOW  0.1900 µSv/h
07:44:41	1787471081768785400		[07:44:41] ↑ STATE  LOW → ELEVATED  0.2000 µSv/h | [07:44:41] ↑ STATE  ELEVATED → LOW  0.1900 µSv/h
07:44:43	1787471083237117200		[07:44:43] ↑ STATE  LOW → ELEVATED  0.2000 µSv/h | [07:44:43] ↑ STATE  ELEVATED → LOW  0.1900 µSv/h
07:44:44	1787471084260645600		[07:44:44] ↑ STATE  LOW → ELEVATED  0.2000 µSv/h | [07:44:44] ↑ STATE  ELEVATED → LOW  0.1900 µSv/h
07:44:46	1787471086505252600		[07:44:46] ↑ STATE  LOW → ELEVATED  0.2000 µSv/h | [07:44:46] ↑ STATE  ELEVATED → LOW  0.1900 µSv/h
07:44:47	1787471087713602600		[07:44:47] ↑ STATE  LOW → ELEVATED  0.2000 µSv/h | [07:44:47] ↑ STATE  ELEVATED → LOW  0.1900 µSv/h
07:44:48			
07:44:50			[07:44:50] ⚠ EMF FINGERPRINT  score=4/7  n=3pk/7fl |   χ²/μ=0.002  m=1.127  SWR=0.16  CV_R=0.091  PSCI=0.043  CV_Re=0.097 | [07:44:50] ⚡ BEAT INTERFERENCE CONFIRMED |   y = A1·sin(2πf₁t) + A2·sin(2πf₂t) |   A1=0.2000µSv/h  A2=0.1800µSv/h  A2/A1=0.900  floor/peak=0.900 |   f_beat=|f₁-f₂|=0.75897Hz  T_beat=1.3s  band=SLF |   RF P≈C·d²/K: carrier1≈0.05W  carrier2≈0.04W  @d=0.5m (K=0.2) |   TWO-SOURCE INTERFERENCE  dominant=0.2000µSv/h  secondary=0.1800µSv/h  freq-sep≈0.75897Hz  CV_env=0.033
07:44:51	1787471091302972000		
07:44:52	1787471092759930400,1787471092764321300		
07:44:53	1787471093762253600,1787471093763596500		[07:44:53] ↓ STATE  LOW → FLAT  0.0900 µSv/h
07:44:54	1787471094771386400,1787471094774433500		[07:44:54] ⚡ CPS CLUSTER  7cts/10s  n=7  CV_IAT=0.994 |   RF est P=C·d²/K  @0.5m: 1.8-175.0W  (mid=8.8W)  CPS/s=0.7 | [07:44:54] ↑ STATE  FLAT → LOW  0.1500 µSv/h | [07:44:54] ↓ STATE  LOW → FLAT  0.0900 µSv/h | [07:44:54] 🔄 FLOOR RECURRENCE  dr=0.0900 µSv/h  prior=07:44:54  interval=0.0s  (0.00min) |   FLOOR PATTERN  n=3  avg_interval=1.0s  (0.02min)  CV=0.000  PERIODIC ⚠
07:44:56	1787471096243349500,1787471096244613000,1787471096261634000		[07:44:56] ↑ STATE  FLAT → LOW  0.1400 µSv/h | [07:44:56] ↓ STATE  LOW → FLAT  0.0900 µSv/h
07:44:57	1787471097240244500,1787471097243575300,1787471097260896800,1787471097262414300		[07:44:57] ↑ STATE  FLAT → LOW  0.1300 µSv/h | [07:44:57] ↓ STATE  LOW → FLAT  0.0900 µSv/h
07:44:59	1787471099500112400,1787471099503551000,1787471099509724700,1787471099514612200		[07:44:59] ↑ STATE  FLAT → LOW  0.1200 µSv/h | [07:44:59] 小刀 PAINTBRUSH BURST  4 consecutive ticks  total=5cts  avg=1.3CPS  RF~1.6W@0.5m  bars merge = dense burst | [07:44:59] ↓ STATE  LOW → FLAT  0.0900 µSv/h | [07:44:59] ↑ STATE  FLAT → LOW  0.1100 µSv/h
07:45:00	1787471100714982000,1787471100738559500,1787471100739429400,1787471100741388500		[07:45:00] ↓ STATE  LOW → FLAT  0.0900 µSv/h | [07:45:00] ⚡ OOK BURST PATTERN  CPS=1  burst=10.3s  gap=31.7s  duty=0.25  cycles=3 |   f=0.024Hz (ELF)  T=42.0s  CV_run=1.073  CV_gap=1.325  RF≈1.3W@0.5m |   ON/OFF KEYING SIGNATURE  identical CPS=1 repeated 3x  structured pulsed source confirmed | [07:45:00] ↑ STATE  FLAT → LOW  0.1100 µSv/h
07:45:01	1787471101901843000,1787471101903292700,1787471101905891600		[07:45:01] ↓ STATE  LOW → FLAT  0.0900 µSv/h | [07:45:01] ↑ STATE  FLAT → LOW  0.1100 µSv/h
07:45:03	1787471103109549600,1787471103112179200,1787471103134744300		[07:45:03] ↓ STATE  LOW → FLAT  0.0900 µSv/h | [07:45:03] ↑ STATE  FLAT → LOW  0.1100 µSv/h
07:45:04	1787471104302705700,1787471104313509400,1787471104318428200		[07:45:04] ↓ STATE  LOW → FLAT  0.0900 µSv/h | [07:45:04] ↑ STATE  FLAT → LOW  0.1100 µSv/h
07:45:05	1787471105745919500,1787471105749715500	SIG#14 [1,1,0,0,1,0,1,1,0,0,1,2,1,1,0,0,1,2,0,1,0,0,1,2,0,1,0,0,1,2,0,1,0,0,1,2,0,1,0,0,1,2,0,1,0,0,0,2,0,1] pk=2	[07:45:05] ↓ STATE  LOW → FLAT  0.0900 µSv/h | [07:45:05] ↑ STATE  FLAT → LOW  0.1100 µSv/h
07:45:06	1787471106741577700		
07:45:08	1787471108241301200		
07:45:09			
07:45:11			[07:45:11] ⚡ CPS CLUSTER  17cts/10s  n=13  CV_IAT=1.189 |   RF est P=C·d²/K  @0.5m: 4.3-425.0W  (mid=21.3W)  CPS/s=1.7
07:45:12			
07:45:13			
07:45:15	1787471115110144800		
07:45:16	1787471116329537300,1787471116331568400		
07:45:17	1787471117529560000,1787471117530737000		
07:45:18	1787471118710556200,1787471118712102100		
07:45:19	1787471119909398300,1787471119910537000		
07:45:21	1787471121106198300,1787471121107242500		
07:45:22	1787471122299522800,1787471122303470300		
07:45:23	1787471123747343400		
07:45:24			
07:45:26	1787471126262204000		[07:45:26] ⚠ EMF FINGERPRINT  score=4/7  n=2pk/6fl |   χ²/μ=0.002  m=1.207  SWR=0.18  CV_R=0.098  PSCI=0.029  CV_Re=0.118
07:45:27	1787471127277517300		[07:45:27] ⚡ CPS CLUSTER  17cts/10s  n=12  CV_IAT=1.016 |   RF est P=C·d²/K  @0.5m: 4.3-425.0W  (mid=21.3W)  CPS/s=1.7
07:45:29	1787471129509742800,1787471129527075300		
07:45:30	1787471130711542300,1787471130726721000		
07:45:31	1787471131908253000,1787471131914988800,1787471131928401000		
07:45:33	1787471133105630500,1787471133109951000,1787471133116708900		
07:45:34	1787471134313712600,1787471134322024400,1787471134338347000		
07:45:35	1787471135756999000,1787471135762308000,1787471135768211700		
07:45:36	1787471136749366500,1787471136767028200,1787471136781351000		
07:45:38	1787471138263078100,1787471138273175600		[Min 001  07:44:37]  CPM=00097  ✓ COMPLETE | [07:45:38] ⚠⚠⚠ POWER LEVEL LOCK  dr=0.1200 µSv/h  hits=35  avg_interval=1.4s (0.02min)  CV=1.967 |   Source returns to identical power level 35x  Natural decay cannot reproduce fixed amplitude  Controlled RF source confirmed
07:45:39	1787471139255656000,1787471139275055000		
07:45:41	1787471141524914000	SIG#27 [1,0,1,0,0,0,1,0,1,0,0,0,1,0,1,0,1,0,1,0,1,0,1,0,1,0,1,0,1,0,0,0,1,0,1,0,0,1,1,0,1,0,0,1,0,0,1,0,0,1,0,0,1,0,0,1] pk=1	
07:45:42	1787471142725352700		[07:45:42] ⚡ CPS CLUSTER  17cts/10s  n=17  CV_IAT=1.361 |   RF est P=C·d²/K  @0.5m: 4.3-425.0W  (mid=21.3W)  CPS/s=1.7
07:45:43	1787471143912964600		
07:45:45			
07:45:46	1787471146312055600		[07:45:46] ⚡ OOK BURST PATTERN  CPS=1  burst=1.0s  gap=4.0s  duty=0.20  cycles=5 |   f=0.200Hz (SLF)  T=5.0s  CV_run=0.000  CV_gap=0.000  RF≈1.3W@0.5m |   ON/OFF KEYING SIGNATURE  identical CPS=1 repeated 5x  structured pulsed source confirmed
07:45:47	1787471147767821000		
07:45:48	1787471148766577400		
07:45:50	1787471150264188700		
07:45:51	1787471151261196000		
07:45:53	1787471153522906400		
07:45:54	1787471154725301000		
07:45:55			
07:45:57			[07:45:57] ⚡ BEAT INTERFERENCE CONFIRMED |   y = A1·sin(2πf₁t) + A2·sin(2πf₂t) |   A1=0.1800µSv/h  A2=0.1300µSv/h  A2/A1=0.722  floor/peak=0.722 |   f_beat=|f₁-f₂|=0.38859Hz  T_beat=2.6s  band=SLF |   RF P≈C·d²/K: carrier1≈0.04W  carrier2≈0.02W  @d=0.5m (K=0.2) |   TWO-SOURCE INTERFERENCE  dominant=0.1800µSv/h  secondary=0.1300µSv/h  freq-sep≈0.38859Hz  CV_env=0.116
07:45:58			[07:45:58] ⚡ STRUCTURED CLUSTER  5cts/10s  n=5  CV_IAT=0.322  non-Poisson |   RF est P=C·d²/K  @0.5m: 1.3-125.0W  (mid=6.3W)  CPS/s=0.5
07:45:59			
07:46:00			
07:46:02			
07:46:03	1787471163283708400		[07:46:03] ⚠ EMF FINGERPRINT  score=4/7  n=2pk/3fl |   χ²/μ=0.001  m=1.227  SWR=0.16  CV_R=0.074  PSCI=0.037  CV_Re=0.074
07:46:05	1787471165524309800		
07:46:06	1787471166738265300,1787471166747120600		[07:46:06] ↓ STATE  LOW → FLAT  0.0900 µSv/h | [07:46:06] 🔄 FLOOR RECURRENCE  dr=0.0900 µSv/h  prior=07:45:05  interval=61.0s  (1.02min)
07:46:07	1787471167936074500,1787471167937619000,1787471167943046400		[07:46:07] ↑ STATE  FLAT → LOW  0.1100 µSv/h | [07:46:07] ↓ STATE  LOW → FLAT  0.0900 µSv/h | [07:46:07] ↑ STATE  FLAT → LOW  0.1000 µSv/h
07:46:09	1787471169112778000,1787471169116684500,1787471169117922600,1787471169127267300		[07:46:09] ↓ STATE  LOW → FLAT  0.0900 µSv/h | [07:46:09] ↑ STATE  FLAT → LOW  0.1000 µSv/h
07:46:10	1787471170321865000,1787471170328766200,1787471170332850000,1787471170337657000		[07:46:10] ↓ STATE  LOW → FLAT  0.0900 µSv/h | [07:46:10] ↑ STATE  FLAT → LOW  0.1000 µSv/h
07:46:11	1787471171760029200,1787471171762588700,1787471171763505000,1787471171770676200		[07:46:11] ↓ STATE  LOW → FLAT  0.0900 µSv/h | [07:46:11] ↑ STATE  FLAT → LOW  0.1000 µSv/h
07:46:12	1787471172760821000,1787471172762380500,1787471172770446000,1787471172779360500		[07:46:12] ↓ STATE  LOW → FLAT  0.0900 µSv/h | [07:46:12] ↑ STATE  FLAT → LOW  0.1000 µSv/h
07:46:14	1787471174250792400,1787471174259076600,1787471174267235000,1787471174272939300		[07:46:14] ⚡ CPS CLUSTER  34cts/10s  n=23  CV_IAT=1.461 |   RF est P=C·d²/K  @0.5m: 8.5-850.0W  (mid=42.5W)  CPS/s=3.4 | [07:46:14] ↓ STATE  LOW → FLAT  0.0900 µSv/h | [07:46:14] ↑ STATE  FLAT → LOW  0.1000 µSv/h | [07:46:14] CPS STAIRCASE  [1,2] x2  period=2s  ascending count-rate modulation | [07:46:14] 小刀 PAINTBRUSH BURST  4 consecutive ticks  total=6cts  avg=1.5CPS  RF~1.9W@0.5m  bars merge = dense burst
07:46:15	1787471175261300200,1787471175289092900,1787471175321489400		
07:46:16	1787471176752803000,1787471176766023700		
07:46:17	1787471177769811200	SIG#40 [1,0,2,0,0,0,1,0,2,1,0,0,1,0,2,1,2,0,1,0,2,1,2,0,1,0,2,1,2,0,0,0,2,1,2,0,0,1,2,1,2,0,0,1,0,1,2,0,0,1,0,0,2,0,0,1] pk=2	
07:46:18	1787471178762524200		[07:46:18] ↑ STATE  LOW → ELEVATED  0.2000 µSv/h | [07:46:18] 🔄 PEAK RECURRENCE  dr=0.2000 µSv/h  seen 32x in log
07:46:20	1787471180254808300		[07:46:20] ↑ STATE  ELEVATED → LOW  0.1500 µSv/h | [07:46:20] ↑ STATE  LOW → ELEVATED  0.2000 µSv/h
07:46:21			[07:46:21] ↑ STATE  ELEVATED → LOW  0.1600 µSv/h | [07:46:21] ↑ STATE  LOW → ELEVATED  0.2000 µSv/h
07:46:23			[07:46:23] ↑ STATE  ELEVATED → LOW  0.1700 µSv/h | [07:46:23] ↑ STATE  LOW → ELEVATED  0.2000 µSv/h
07:46:24	1787471184744424000		[07:46:24] ↑ STATE  ELEVATED → LOW  0.1800 µSv/h | [07:46:24] ↑ STATE  LOW → ELEVATED  0.2000 µSv/h
07:46:25	1787471185935831300		[07:46:25] ↑ STATE  ELEVATED → LOW  0.1900 µSv/h | [07:46:25] ↑ STATE  LOW → ELEVATED  0.2000 µSv/h
07:46:27	1787471187122109700		
07:46:28	1787471188332456700,1787471188338564900		
07:46:29	1787471189776925000,1787471189786559000		[07:46:29] ⚡ CPS CLUSTER  6cts/10s  n=6  CV_IAT=0.933 |   RF est P=C·d²/K  @0.5m: 1.5-150.0W  (mid=7.5W)  CPS/s=0.6 | [07:46:29] ↑ STATE  ELEVATED → LOW  0.1700 µSv/h
07:46:30	1787471190764715000,1787471190771586300,1787471190775652400		[07:46:30] ↑ STATE  LOW → ELEVATED  0.2000 µSv/h | [07:46:30] ↑ STATE  ELEVATED → LOW  0.1700 µSv/h
07:46:32	1787471192256930800,1787471192264557800,1787471192273875200		[07:46:32] ⚡ OOK BURST PATTERN  CPS=2  burst=1.0s  gap=2.0s  duty=0.33  cycles=4 |   f=0.333Hz (SLF)  T=3.0s  CV_run=0.000  CV_gap=0.000  RF≈2.5W@0.5m |   ON/OFF KEYING SIGNATURE  identical CPS=2 repeated 4x  structured pulsed source confirmed | [07:46:32] ↑ STATE  LOW → ELEVATED  0.2000 µSv/h | [07:46:32] ↑ STATE  ELEVATED → LOW  0.1700 µSv/h
07:46:33	1787471193263142400,1787471193269014300		[07:46:33] ↑ STATE  LOW → ELEVATED  0.2100 µSv/h | [07:46:33] ↑ STATE  ELEVATED → LOW  0.1700 µSv/h | [07:46:33] ⚠⚠ EMF FINGERPRINT  score=5/7  n=7pk/5fl |   χ²/μ=0.001  m=1.235  SWR=0.18  CV_R=0.084  PSCI=0.000  CV_Re=0.083
07:46:35	1787471195524770000,1787471195528693800		[07:46:35] ↑ STATE  LOW → ELEVATED  0.2000 µSv/h | [07:46:35] ↑ STATE  ELEVATED → LOW  0.1700 µSv/h
07:46:36	1787471196728195600,1787471196736443000	SIG#47 [1,0,0,1,0,0,1,0,0,1,0,0,1,0,0,1,0,1,1,0,0,1,0,1,0,0,0,1,0,1,0,0,0,1,0,1,0,0,0,1,0,1] pk=1	[07:46:36] ↑ STATE  LOW → ELEVATED  0.2000 µSv/h | [07:46:36] ↑ STATE  ELEVATED → LOW  0.1700 µSv/h
07:46:37	1787471197930140700,1787471197936995600		[Min 002  07:45:37]  CPM=00082  ✓ COMPLETE
07:46:39	1787471199122586600,1787471199147257000,1787471199168727300		[07:46:39] ⚠⚠⚠ POWER LEVEL LOCK  dr=0.1600 µSv/h  hits=22  avg_interval=5.8s (0.10min)  CV=2.206 |   Source returns to identical power level 22x  Natural decay cannot reproduce fixed amplitude  Controlled RF source confirmed
07:46:40	1787471200337215000,1787471200339395600,1787471200344748300		
07:46:41	1787471201798353400,1787471201799342600,1787471201800320300		
07:46:42	1787471202779464200,1787471202781802500,1787471202782643000,1787471202793319700		
07:46:44	1787471204267305700,1787471204269477400,1787471204272308700,1787471204277855700		
07:46:45	1787471205271628300,1787471205275135500,1787471205276395300,1787471205289627100		[07:46:45] ⚡ CPS CLUSTER  24cts/10s  n=24  CV_IAT=1.369 |   RF est P=C·d²/K  @0.5m: 6.0-600.0W  (mid=30.0W)  CPS/s=2.4 | [07:46:45] ⚠⚠⚠ CPS UNIFORMITY LOCK  CPS=1 on 18/30s (60.0%)  zeros=12  highs=0  Poisson P<<0.001  CONTROLLED SOURCE CONFIRMED |   Natural Poisson: expected CPS=1 on ~9-13s  observed=18s  locked synthetic output indicated
07:46:47	1787471207526324500,1787471207532348400,1787471207536381000,1787471207539485200		
07:46:48	1787471208719929600,1787471208735181600,1787471208738970000		
07:46:49	1787471209936883000,1787471209953826000		[07:46:49] ↑ STATE  LOW → ELEVATED  0.2000 µSv/h | [07:46:49] 🔄 PEAK RECURRENCE  dr=0.2000 µSv/h  seen 81x in log
07:46:51	1787471211124061400,1787471211146160400		[07:46:51] ↑ STATE  ELEVATED → LOW  0.1400 µSv/h | [07:46:51] ↑ STATE  LOW → ELEVATED  0.2000 µSv/h
07:46:52	1787471212329435400	SIG#51 [1,1,1,0,0,0,1,1,1,0,0,0,1,1,1,0,1,0,1,1,1,0,1,0,1,1,1,0,1,0,0,1,1,0,1,0,0,1,1,0,1,0,0,1,0,0,1,0,0,1,0,0,1,0,0,1] pk=1	[07:46:52] ↑ STATE  ELEVATED → LOW  0.1500 µSv/h | [07:46:52] ↑ STATE  LOW → ELEVATED  0.2000 µSv/h
07:46:53	1787471213778073000		[07:46:53] ↑ STATE  ELEVATED → LOW  0.1600 µSv/h | [07:46:53] ↑ STATE  LOW → ELEVATED  0.2000 µSv/h
07:46:54	1787471214784700000,1787471214799954000		[07:46:54] ↑ STATE  ELEVATED → LOW  0.1800 µSv/h | [07:46:54] ↑ STATE  LOW → ELEVATED  0.2000 µSv/h
07:46:56	1787471216274507800		[07:46:56] ↑ STATE  ELEVATED → LOW  0.1900 µSv/h | [07:46:56] ↑ STATE  LOW → ELEVATED  0.2000 µSv/h
07:46:57	1787471217276974300		
07:46:59	1787471219532157700		
07:47:00	1787471220547475700,1787471220567789800		[07:47:00] ⚡ CPS CLUSTER  9cts/10s  n=9  CV_IAT=0.668 |   RF est P=C·d²/K  @0.5m: 2.3-225.0W  (mid=11.3W)  CPS/s=0.9 | [07:47:00] ↑ STATE  ELEVATED → LOW  0.1900 µSv/h
07:47:01	1787471221734882000,1787471221743233500,1787471221745536500		[07:47:01] ↑ STATE  LOW → ELEVATED  0.2000 µSv/h | [07:47:01] ↑ STATE  ELEVATED → LOW  0.1900 µSv/h
07:47:02	1787471222929319200,1787471222935307300,1787471222939038200,1787471222940882700		[07:47:02] ↑ STATE  LOW → ELEVATED  0.2100 µSv/h | [07:47:02] ↑ STATE  ELEVATED → LOW  0.1900 µSv/h | [07:47:02] ⚡ BEAT INTERFERENCE CONFIRMED |   y = A1·sin(2πf₁t) + A2·sin(2πf₂t) |   A1=0.2100µSv/h  A2=0.1700µSv/h  A2/A1=0.810  floor/peak=0.810 |   f_beat=|f₁-f₂|=0.41136Hz  T_beat=2.4s  band=SLF |   RF P≈C·d²/K: carrier1≈0.06W  carrier2≈0.04W  @d=0.5m (K=0.2) |   TWO-SOURCE INTERFERENCE  dominant=0.2100µSv/h  secondary=0.1700µSv/h  freq-sep≈0.41136Hz  CV_env=0.054
07:47:04	1787471224132521200,1787471224133506300,1787471224137702000,1787471224139232300		[07:47:04] ↑ STATE  LOW → ELEVATED  0.2100 µSv/h | [07:47:04] ↑ STATE  ELEVATED → LOW  0.1900 µSv/h
07:47:05	1787471225338733300,1787471225341372400,1787471225342244900,1787471225343409000		[07:47:05] 小刀 PAINTBRUSH BURST  4 consecutive ticks  total=4cts  avg=1.0CPS  RF~1.3W@0.5m  bars merge = dense burst | [07:47:05] ↑ STATE  LOW → ELEVATED  0.2100 µSv/h | [07:47:05] ↑ STATE  ELEVATED → LOW  0.1900 µSv/h
07:47:06	1787471226792444000,1787471226793460000,1787471226795053000,1787471226796124200		[07:47:06] ↑ STATE  LOW → ELEVATED  0.2000 µSv/h | [07:47:06] ↑ STATE  ELEVATED → LOW  0.1900 µSv/h
07:47:07	1787471227774073300,1787471227775504400,1787471227776524300,1787471227777728300		
07:47:09	1787471229276636700,1787471229288703200,1787471229291435300,1787471229308289500		[07:47:09] ⚠ EMF FINGERPRINT  score=4/7  n=3pk/3fl |   χ²/μ=0.001  m=1.132  SWR=0.13  CV_R=0.070  PSCI=0.041  CV_Re=0.071
07:47:10	1787471230269171000,1787471230270380000,1787471230273868300		
07:47:12	1787471232540576500,1787471232553243600		
07:47:13	1787471233731085800,1787471233733665000	SIG#59 [1,0,0,0,1,0,1,0,0,0,1,1,1,0,0,0,1,1,1,0,0,0,1,1,1,1,0,0,1,1,1,1,0,0,1,1,1,1,0,0,1,1,1,1,0,0,0,1,1,1,0,0,0,2,1,1,0,0,0,2,0,1,0,0,0,2] pk=2	
07:47:14	1787471234943091500,1787471234947845000		
07:47:16	1787471236141408800,1787471236147075600		[07:47:16] ⚡ CPS CLUSTER  26cts/10s  n=21  CV_IAT=1.626 |   RF est P=C·d²/K  @0.5m: 6.5-650.0W  (mid=32.5W)  CPS/s=2.6
07:47:17	1787471237335884800,1787471237340403700		[07:47:17] ⚡ OOK BURST PATTERN  CPS=1  burst=1.0s  gap=2.0s  duty=0.33  cycles=3 |   f=0.333Hz (SLF)  T=3.0s  CV_run=0.000  CV_gap=0.000  RF≈1.3W@0.5m |   ON/OFF KEYING SIGNATURE  identical CPS=1 repeated 3x  structured pulsed source confirmed
07:47:18	1787471238781874700	SIG#60 [2,0,0,1,0,0,2,0,0,1,0,0,2,0,0,1,0,0,2,0,0,1] pk=2	
07:47:19	1787471239792236800		
07:47:21	1787471241269212400		
07:47:22			
07:47:24			
07:47:25	1787471245749712000		
07:47:26	1787471246957355500		
07:47:28	1787471248142757000		[07:47:28] ↓ STATE  LOW → FLAT  0.0900 µSv/h | [07:47:28] 🔄 FLOOR RECURRENCE  dr=0.0900 µSv/h  prior=07:46:14  interval=73.9s  (1.23min)
07:47:29	1787471249339506400,1787471249342560300		[07:47:29] ↑ STATE  FLAT → LOW  0.1500 µSv/h | [07:47:29] ↓ STATE  LOW → FLAT  0.0900 µSv/h
07:47:30	1787471250791814100,1787471250802793000		[07:47:30] ↑ STATE  FLAT → LOW  0.1400 µSv/h | [07:47:30] ↓ STATE  LOW → FLAT  0.0900 µSv/h
07:47:31	1787471251802892500,1787471251805483300		[07:47:31] ⚡ CPS CLUSTER  7cts/10s  n=7  CV_IAT=0.709 |   RF est P=C·d²/K  @0.5m: 1.8-175.0W  (mid=8.8W)  CPS/s=0.7 | [07:47:31] ↑ STATE  FLAT → LOW  0.1300 µSv/h | [07:47:31] ↓ STATE  LOW → FLAT  0.0900 µSv/h
07:47:33	1787471253282816500,1787471253287872000,1787471253304803300		[07:47:33] ↑ STATE  FLAT → LOW  0.1100 µSv/h | [07:47:33] ↓ STATE  LOW → FLAT  0.0900 µSv/h | [07:47:33] ↑ STATE  FLAT → LOW  0.1000 µSv/h
07:47:34	1787471254300185600,1787471254314173700		[07:47:34] ↓ STATE  LOW → FLAT  0.0900 µSv/h | [07:47:34] ↑ STATE  FLAT → LOW  0.1000 µSv/h
07:47:35	1787471255781476400,1787471255800601300		[07:47:35] ↓ STATE  LOW → FLAT  0.0900 µSv/h | [07:47:35] ↑ STATE  FLAT → LOW  0.1000 µSv/h
07:47:36	1787471256789799000,1787471256800150000,1787471256810989300		[07:47:36] ↓ STATE  LOW → FLAT  0.0900 µSv/h | [07:47:36] ↑ STATE  FLAT → LOW  0.1000 µSv/h
07:47:37	1787471257794976500,1787471257808076300		[Min 003  07:46:37]  CPM=00116  ✓ COMPLETE | [07:47:37] ↓ STATE  LOW → FLAT  0.0800 µSv/h | [07:47:37] ↑ STATE  FLAT → LOW  0.1000 µSv/h
07:47:39	1787471259292972500,1787471259303403300		[07:47:39] ↓ STATE  LOW → FLAT  0.0800 µSv/h | [07:47:39] ↑ STATE  FLAT → LOW  0.1000 µSv/h | [07:47:39] ⚠⚠⚠ POWER LEVEL LOCK  dr=0.1000 µSv/h  hits=76  avg_interval=2.2s (0.04min)  CV=3.819 |   Source returns to identical power level 76x  Natural decay cannot reproduce fixed amplitude  Controlled RF source confirmed | [07:47:39] ⚠⚠⚠ EMF FINGERPRINT  score=6/7  n=7pk/3fl |   χ²/μ=0.003  m=1.560  SWR=0.35  CV_R=0.182  PSCI=0.109  CV_Re=0.057
07:47:40	1787471260277215000,1787471260294095000		
07:47:42	1787471262556333800	SIG#67 [1,0,0,1,0,0,1,0,0,1,0,0,1,0,0,1,0,0,1,0,0,1,0,0,2,0,0,1,0,0,2,0,0,1,0,0,2,0,0,1,0,0,2,0,0,1,0,0,2,0,0,1,0,0,2,0,0,1,0,0,2,0,0,1] pk=2	
07:47:43	1787471263753106200		
07:47:44	1787471264941017300		
07:47:46			
07:47:47			[07:47:47] ⚡ CPS CLUSTER  12cts/10s  n=9  CV_IAT=0.861 |   RF est P=C·d²/K  @0.5m: 3.0-300.0W  (mid=15.0W)  CPS/s=1.2
07:47:48			
07:47:49	1787471269825061400		
07:47:51	1787471271299676000		
07:47:52	1787471272303999200		
07:47:54	1787471274563505200		
07:47:55	1787471275746959600		
07:47:56	1787471276945879300		
07:47:58	1787471278141617000,1787471278149768400		
07:47:59	1787471279356568000		
07:48:00	1787471280795608300,1787471280805911800		
07:48:01	1787471281806322200,1787471281808745700		
07:48:02	1787471282807528400,1787471282809453800		[07:48:02] ⚡ OOK BURST PATTERN  CPS=1  burst=2.0s  gap=17.3s  duty=0.10  cycles=3 |   f=0.052Hz (ELF)  T=19.3s  CV_run=0.707  CV_gap=1.251  RF≈1.3W@0.5m |   ON/OFF KEYING SIGNATURE  identical CPS=1 repeated 3x  structured pulsed source confirmed | [07:48:02] ⚡ CPS CLUSTER  14cts/10s  n=10  CV_IAT=0.713 |   RF est P=C·d²/K  @0.5m: 3.5-350.0W  (mid=17.5W)  CPS/s=1.4
07:48:04	1787471284286893800,1787471284297813500		[07:48:04] ⚡ BEAT INTERFERENCE CONFIRMED |   y = A1·sin(2πf₁t) + A2·sin(2πf₂t) |   A1=0.1700µSv/h  A2=0.1300µSv/h  A2/A1=0.765  floor/peak=0.765 |   f_beat=|f₁-f₂|=0.58486Hz  T_beat=1.7s  band=SLF |   RF P≈C·d²/K: carrier1≈0.04W  carrier2≈0.02W  @d=0.5m (K=0.2) |   TWO-SOURCE INTERFERENCE  dominant=0.1700µSv/h  secondary=0.1300µSv/h  freq-sep≈0.58486Hz  CV_env=0.101
07:48:05	1787471285278997500,1787471285288380000,1787471285300253400		
07:48:07	1787471287548548000,1787471287560304400		
07:48:08	1787471288743664000,1787471288749897200		
07:48:09	1787471289975738000,1787471289981178000	SIG#80 [1,0,1,0,0,0,1,0,1,0,0,0,1,0,1,0,0,0,1,0,1,0,0,0,1,0,1,0,0,0,1,0,1,0,0,0,1,0,1,0,0,0,1] pk=1	[07:48:09] ⚠⚠⚠ EMF FINGERPRINT  score=6/7  n=6pk/8fl |   χ²/μ=0.002  m=1.317  SWR=0.25  CV_R=0.114  PSCI=0.109  CV_Re=0.067
07:48:11	1787471291144115200,1787471291147999200,1787471291148951800		
07:48:12	1787471292359291000,1787471292372711200,1787471292373574000		
07:48:13	1787471293787643000,1787471293807684400,1787471293808311800		[07:48:13] ⚠⚠ STRUCTURED BURST PAIR  pairs=3  interval=1.3s  CV=0.079  spacings=[1.2,1.4]  span=2.7s |   f=0.752Hz  T=1.3s  pair_width=2s  CPS≥2  structured burst-pair source
07:48:14	1787471294802140000,1787471294802918400,1787471294805982200	SIG#81 [1,0,0,2,0,0,1,0,0,2,2,0,1,0,0,2,2,0,1,0,0,2,2] pk=2	
07:48:16	1787471296286492400,1787471296287315500,1787471296296365000,1787471296297480200		
07:48:17	1787471297280459000,1787471297286770000,1787471297296251100,1787471297297258500		[07:48:17] 小刀 PAINTBRUSH BURST  4 consecutive ticks  total=6cts  avg=1.5CPS  RF~1.9W@0.5m  bars merge = dense burst
07:48:19	1787471299548605400,1787471299559502000,1787471299561668000		[07:48:19] ⚡ CPS CLUSTER  37cts/10s  n=23  CV_IAT=1.539 |   RF est P=C·d²/K  @0.5m: 9.3-925.0W  (mid=46.3W)  CPS/s=3.7
07:48:20	1787471300808779000,1787471300810929700,1787471300825973200	SIG#82 [2,2,0,0,1,0,2,2,0,0,1,1,2,2,0,0,1,1,0,2,0,0,1,1] pk=2	
07:48:21	1787471301801007900,1787471301803298600,1787471301809942800		
07:48:23	1787471303292348200,1787471303299131400,1787471303306685700		
07:48:24	1787471304285134800,1787471304332255000		
07:48:26	1787471306555454200	SIG#83 [1,1,0,0,1,0,1,1,0,0,1,0,1,1,0,0,1,0,0,1,0,0,1] pk=1	
07:48:27	1787471307799734800,1787471307806386000		
07:48:28	1787471308792359000,1787471308802571300		
07:48:30	1787471310295268400		
07:48:31	1787471311297853200		
07:48:32	1787471312797173500,1787471312804839700		
07:48:33	1787471313807197700,1787471313822424800		
07:48:34	1787471314794203000,1787471314807655700,1787471314809212000		[07:48:34] ⚡ CPS CLUSTER  12cts/10s  n=12  CV_IAT=0.783 |   RF est P=C·d²/K  @0.5m: 3.0-300.0W  (mid=15.0W)  CPS/s=1.2
07:48:36	1787471316289835500,1787471316299883000		
07:48:37	1787471317303359700,1787471317305180000		[Min 004  07:47:37]  CPM=00109  ✓ COMPLETE
07:48:38	1787471318797954300,1787471318801342200		
07:48:39	1787471319798501400,1787471319814024700	SIG#90 [1,0,0,0,1,0,1,0,0,0,1,0,1,0,0,0,1,0,1,0,0,0,1,0,1,0,0,0,1,0,1,0,0,0,1,0,1,0,0,0,1,0,1] pk=1	[07:48:39] ⚠⚠⚠ POWER LEVEL LOCK  dr=0.1600 µSv/h  hits=134  avg_interval=1.8s (0.03min)  CV=3.307 |   Source returns to identical power level 134x  Natural decay cannot reproduce fixed amplitude  Controlled RF source confirmed
07:48:40	1787471320812427300		[07:48:40] ⚠⚠⚠ EMF FINGERPRINT  score=6/7  n=4pk/6fl |   χ²/μ=0.003  m=1.207  SWR=0.21  CV_R=0.129  PSCI=0.064  CV_Re=0.118
07:48:42	1787471322285443300		
07:48:43	1787471323307523000		
07:48:45	1787471325576318200		
07:48:46	1787471326768530200		
07:48:47	1787471327953591600,1787471327968545800		[07:48:47] ⚡ OOK BURST PATTERN  CPS=2  burst=2.3s  gap=3.0s  duty=0.43  cycles=4 |   f=0.190Hz (SLF)  T=5.3s  CV_run=0.484  CV_gap=0.577  RF≈2.5W@0.5m |   ON/OFF KEYING SIGNATURE  identical CPS=2 repeated 4x  structured pulsed source confirmed
07:48:49	1787471329191352600,1787471329204039400		
07:48:50	1787471330366501400,1787471330369533000,1787471330371162600		[07:48:50] ⚡ CPS CLUSTER  9cts/10s  n=9  CV_IAT=0.664 |   RF est P=C·d²/K  @0.5m: 2.3-225.0W  (mid=11.3W)  CPS/s=0.9
07:48:51	1787471331802375700,1787471331810522400,1787471331811902200		
07:48:52	1787471332813436000,1787471332815008800		
07:48:54	1787471334296113200,1787471334297623800		
07:48:55	1787471335296910300,1787471335302061800	SIG#96 [1,0,0,1,0,0,1,0,0,1,0,0,1,0,0,1,0,1,1,0,0,1,0,1,0,0,0,1,0,1,0,0,0,1,0,1,0,0,0,1,0,1] pk=1	
07:48:57	1787471337566242300		
07:48:58	1787471338756080400		
07:48:59	1787471339967532000		
07:49:01	1787471341167793200,1787471341169038000		
07:49:02	1787471342365884400,1787471342366693600,1787471342371666000		
07:49:03	1787471343809198800,1787471343810953200,1787471343813261300		
07:49:04	1787471344827628000,1787471344830119700,1787471344834680600		[07:49:04] ⚡ BEAT INTERFERENCE CONFIRMED |   y = A1·sin(2πf₁t) + A2·sin(2πf₂t) |   A1=0.1900µSv/h  A2=0.1300µSv/h  A2/A1=0.684  floor/peak=0.684 |   f_beat=|f₁-f₂|=0.46864Hz  T_beat=2.1s  band=SLF |   RF P≈C·d²/K: carrier1≈0.05W  carrier2≈0.02W  @d=0.5m (K=0.2) |   TWO-SOURCE INTERFERENCE  dominant=0.1900µSv/h  secondary=0.1300µSv/h  freq-sep≈0.46864Hz  CV_env=0.161 | [07:49:04] ⚠ EQUAL BURST SPACING  n=4  CPS≥2  interval=1.2s  CV=0.143  spacings=[1.2,1.4,1.0]  span=3.7s |   ⚠ PERIODIC  f=0.819Hz  T=1.2s  total_counts=4
07:49:06	1787471346293753000,1787471346302149400,1787471346304469800,1787471346309133800		[07:49:06] ⚡ CPS CLUSTER  22cts/10s  n=14  CV_IAT=1.085 |   RF est P=C·d²/K  @0.5m: 5.5-550.0W  (mid=27.5W)  CPS/s=2.2
07:49:07	1787471347291943400,1787471347308898600,1787471347321907500,1787471347336179700		[07:49:07] 小刀 PAINTBRUSH BURST  4 consecutive ticks  total=6cts  avg=1.5CPS  RF~1.9W@0.5m  bars merge = dense burst
07:49:08	1787471348801557800,1787471348803910700,1787471348807191600		
07:49:09	1787471349808737300,1787471349828441000		
07:49:10	1787471350805743000	SIG#101 [1,3,1,0,0,0,1,3,1,0,0,0,1,3,1,0,0,0,1,3,1,0,0,1,1,3,1,0,0,1,0,3,1,0,0,1,0,0,1,0,0,1] pk=3	[07:49:10] ⚠⚠ EMF FINGERPRINT  score=5/7  n=6pk/3fl |   χ²/μ=0.001  m=1.167  SWR=0.20  CV_R=0.107  PSCI=0.082  CV_Re=0.068
07:49:12	1787471352327695400		
07:49:13	1787471353296545300,1787471353333328600		
07:49:15	1787471355589027000		
07:49:16	1787471356776559900		
07:49:17	1787471357973949700,1787471357982457300		
07:49:19	1787471359169783800,1787471359172783000,1787471359173492200		
07:49:20	1787471360363490000,1787471360370169600,1787471360371367000		
07:49:21	1787471361807952000,1787471361816892400,1787471361818330600,1787471361823526400		[07:49:21] ⚡ CPS CLUSTER  16cts/10s  n=14  CV_IAT=0.995 |   RF est P=C·d²/K  @0.5m: 4.0-400.0W  (mid=20.0W)  CPS/s=1.6
07:49:22	1787471362817496300,1787471362828570600,1787471362832948200		
07:49:24	1787471364310950400,1787471364314849300,1787471364329616000		
07:49:25	1787471365301762600,1787471365309465000,1787471365312967400		
07:49:27	1787471367571857000,1787471367575407900	SIG#108 [1,0,0,1,0,0,1,0,0,1,2,0,1,0,0,1,2,0,1,0,0,1,2,0,1,0,0,1,2,0,1,0,0,1,2,0,1,0,0,1,2,0,1,0,0,0,2,0,1] pk=2	
07:49:28	1787471368770450200		
07:49:29	1787471369964926200		
07:49:31			
07:49:32			
07:49:33			[07:49:33] ⚡ OOK BURST PATTERN  CPS=1  burst=1.7s  gap=2.3s  duty=0.42  cycles=3 |   f=0.250Hz (SLF)  T=4.0s  CV_run=0.283  CV_gap=0.202  RF≈1.3W@0.5m |   ON/OFF KEYING SIGNATURE  identical CPS=1 repeated 3x  structured pulsed source confirmed
07:49:34			
07:49:35			
07:49:37	1787471377179329000		[07:49:37] ⚡ CPS CLUSTER  5cts/10s  n=4  CV_IAT=0.704 |   RF est P=C·d²/K  @0.5m: 1.3-125.0W  (mid=6.3W)  CPS/s=0.5
07:49:38	1787471378374312200,1787471378375223800		[Min 005  07:48:37]  CPM=00107  ✓ COMPLETE
07:49:39	1787471379841224700,1787471379842471400,1787471379848637200		[07:49:39] ⚠⚠⚠ POWER LEVEL LOCK  dr=0.1400 µSv/h  hits=208  avg_interval=1.4s (0.02min)  CV=2.730 |   Source returns to identical power level 208x  Natural decay cannot reproduce fixed amplitude  Controlled RF source confirmed
07:49:40	1787471380849169400,1787471380855806200,1787471380857342200,1787471380864431000		[07:49:40] ⚠ EMF FINGERPRINT  score=4/7  n=2pk/4fl |   χ²/μ=0.001  m=1.240  SWR=0.18  CV_R=0.080  PSCI=0.032  CV_Re=0.089
07:49:42	1787471382319908000,1787471382321144300,1787471382321909200,1787471382328858600		[07:49:42] 小刀 PAINTBRUSH BURST  4 consecutive ticks  total=4cts  avg=1.0CPS  RF~1.3W@0.5m  bars merge = dense burst
07:49:43	1787471383334661000,1787471383336283400,1787471383337367600,1787471383344512000		
07:49:45	1787471385582582800,1787471385593875500,1787471385596043000,1787471385597910500,1787471385606447400		[07:49:45] ⚠⚠⚠ CPS UNIFORMITY LOCK  CPS=1 on 18/30s (60.0%)  zeros=12  highs=0  Poisson P<<0.001  CONTROLLED SOURCE CONFIRMED |   Natural Poisson: expected CPS=1 on ~9-13s  observed=18s  locked synthetic output indicated
07:49:46	1787471386767890700,1787471386771422700,1787471386772529200,1787471386778135300		
07:49:47	1787471387978814000,1787471387989575700,1787471387993916700		
07:49:49	1787471389176856000,1787471389187105800		
07:49:50	1787471390387928600,1787471390392259600	SIG#113 [1,1,1,0,0,0,1,1,1,1,0,0,1,1,1,1,0,0,1,1,1,1,0,0,1,1,1,1,0,0,1,1,1,1,0,0,1,0,1,1,0,0,1,0,0,1,0,0,1] pk=1	
07:49:51	1787471391834628000,1787471391838914800		
07:49:52	1787471392818714600,1787471392827094000		[07:49:52] ⚡ CPS CLUSTER  25cts/10s  n=23  CV_IAT=1.532 |   RF est P=C·d²/K  @0.5m: 6.3-625.0W  (mid=31.3W)  CPS/s=2.5
07:49:54	1787471394336861700	SIG#114 [1,0,0,0,2,0,1,0,0,0,2,0,1,0,0,0,2] pk=2	
07:49:55	1787471395332490500		
07:49:57	1787471397594321000		
07:49:58	1787471398784529200		
07:49:59			
07:50:00			
07:50:01	1787471401190342000		
07:50:02	1787471402404346000,1787471402405163300		
07:50:03	1787471403832589000,1787471403833643500,1787471403835612000		
07:50:04	1787471404836867600,1787471404846689500,1787471404848191500,1787471404851657500		[07:50:04] ⚡ BEAT INTERFERENCE CONFIRMED |   y = A1·sin(2πf₁t) + A2·sin(2πf₂t) |   A1=0.1600µSv/h  A2=0.1300µSv/h  A2/A1=0.813  floor/peak=0.813 |   f_beat=|f₁-f₂|=0.30407Hz  T_beat=3.3s  band=SLF |   RF P≈C·d²/K: carrier1≈0.03W  carrier2≈0.02W  @d=0.5m (K=0.2) |   TWO-SOURCE INTERFERENCE  dominant=0.1600µSv/h  secondary=0.1300µSv/h  freq-sep≈0.30407Hz  CV_env=0.068
07:50:05	1787471405844769500,1787471405849913600,1787471405851593500,1787471405859488500		[07:50:05] 小刀 PAINTBRUSH BURST  4 consecutive ticks  total=4cts  avg=1.0CPS  RF~1.3W@0.5m  bars merge = dense burst
07:50:07	1787471407332136000,1787471407333076000,1787471407339623400,1787471407342834700,1787471407346704000		
07:50:08	1787471408322222300,1787471408330166000,1787471408337208000,1787471408343154700,1787471408345138200		[07:50:08] ⚡ CPS CLUSTER  22cts/10s  n=21  CV_IAT=1.472 |   RF est P=C·d²/K  @0.5m: 5.5-550.0W  (mid=27.5W)  CPS/s=2.2 | [07:50:08] 🔒 CPS LOCK  CPS=1 x4+ consecutive  P(Poisson)<<0.001  RF≈1.3W@0.5m | [07:50:08] 🔒 CPS LOCK END  was CPS=1 x4  now CPS=0 | [07:50:08] ⚠⚠⚠ CONFIRMED ATTACK  CONSECUTIVE CPS CLUSTER  run=5s  total_counts=5  avg=1.00CPS/s  dr=0.1200  span=1.0s |   Poisson P(run≥5)<<0.001  NON-NATURAL SOURCE CONFIRMED  start=07:50:07
07:50:10	1787471410594320400,1787471410604540000,1787471410605870300,1787471410607975700		
07:50:11	1787471411792082000,1787471411798183400,1787471411803060700		
07:50:12	1787471412988596500,1787471412991039700	SIG#121 [1,1,1,0,0,0,1,1,1,1,0,0,1,1,1,1,0,0,1,1,1,1,0,1,1,1,1,1,0,1,0,1,1,1,0,1,0,0,1,1,0,1,0,0,0,1,0,1] pk=1	
07:50:14	1787471414187552300		
07:50:15	1787471415386579500		
07:50:16			
07:50:17			
07:50:19			[07:50:19] ⚡ OOK BURST PATTERN  CPS=1  burst=12.7s  gap=33.3s  duty=0.28  cycles=3 |   f=0.022Hz (ELF)  T=46.0s  CV_run=1.303  CV_gap=1.287  RF≈1.3W@0.5m |   ON/OFF KEYING SIGNATURE  identical CPS=1 repeated 3x  structured pulsed source confirmed
07:50:20	1787471420340257000		
07:50:22	1787471422607048000,1787471422608015600		
07:50:23	1787471423801416200,1787471423803335400		[07:50:23] ⚡ CPS CLUSTER  5cts/10s  n=5  CV_IAT=0.869 |   RF est P=C·d²/K  @0.5m: 1.3-125.0W  (mid=6.3W)  CPS/s=0.5
07:50:24			
07:50:25	1787471425003203800,1787471425004439800		
07:50:26	1787471426194829600,1787471426197221600,1787471426199963600		
07:50:27	1787471427398902300,1787471427400734000,1787471427407248000,1787471427411191000		
07:50:28	1787471428847366100,1787471428849727700,1787471428862464300,1787471428863445800		[07:50:28] 小刀 PAINTBRUSH BURST  4 consecutive ticks  total=4cts  avg=1.0CPS  RF~1.3W@0.5m  bars merge = dense burst
07:50:29	1787471429841577000,1787471429845797400,1787471429847491300		
07:50:31	1787471431339915300,1787471431341606700	SIG#128 [1,1,0,0,1,0,1,1,0,0,1,1,1,1,0,0,1,1,0,1,0,0,1,1] pk=1	
07:50:32	1787471432338872300,1787471432341592300		
07:50:34	1787471434595619600,1787471434602082000		
07:50:35	1787471435784410000		
07:50:36			
07:50:37			
07:50:38			[Min 006  07:49:37]  CPM=00111  ✓ COMPLETE
07:50:39			[07:50:39] ⚡ CPS CLUSTER  10cts/10s  n=10  CV_IAT=1.213 |   RF est P=C·d²/K  @0.5m: 2.5-250.0W  (mid=12.5W)  CPS/s=1.0
07:50:40			[07:50:40] ⚠⚠⚠ POWER LEVEL LOCK  dr=0.1400 µSv/h  hits=323  avg_interval=1.1s (0.02min)  CV=2.994 |   Source returns to identical power level 323x  Natural decay cannot reproduce fixed amplitude  Controlled RF source confirmed
07:50:41	1787471441861222700		
07:50:42	1787471442851394300,1787471442871617800		
07:50:44	1787471444338003200,1787471444339284700		
07:50:45	1787471445357007400,1787471445362458400		
07:50:47	1787471447599267300,1787471447600269300		
07:50:48	1787471448797864700,1787471448799269400,1787471448811256800		[07:50:48] ⚠ EMF FINGERPRINT  score=4/7  n=2pk/4fl |   χ²/μ=0.001  m=1.174  SWR=0.15  CV_R=0.102  PSCI=0.037  CV_Re=0.097 | [07:50:48] ↓ STATE  LOW → FLAT  0.0900 µSv/h | [07:50:48] 🔄 FLOOR RECURRENCE  dr=0.0900 µSv/h  prior=07:47:36  interval=192.0s  (3.20min)
07:50:49	1787471449989472000,1787471449994494700,1787471449998685700		[07:50:49] ↑ STATE  FLAT → LOW  0.1200 µSv/h | [07:50:49] ↓ STATE  LOW → FLAT  0.0900 µSv/h
07:50:51	1787471451189638400,1787471451197835500,1787471451205035500		[07:50:51] ↑ STATE  FLAT → LOW  0.1200 µSv/h | [07:50:51] ↓ STATE  LOW → FLAT  0.0900 µSv/h
07:50:52	1787471452466836700,1787471452507288800		[07:50:52] ↑ STATE  FLAT → LOW  0.1100 µSv/h | [07:50:52] ↓ STATE  LOW → FLAT  0.0900 µSv/h
07:50:53	1787471453859456300,1787471453867378200		[07:50:53] ↑ STATE  FLAT → LOW  0.1000 µSv/h | [07:50:53] ↓ STATE  LOW → FLAT  0.0900 µSv/h
07:50:54	1787471454856731000,1787471454859187700		[07:50:54] ⚡ CPS CLUSTER  17cts/10s  n=17  CV_IAT=1.341 |   RF est P=C·d²/K  @0.5m: 4.3-425.0W  (mid=21.3W)  CPS/s=1.7 | [07:50:54] ↑ STATE  FLAT → LOW  0.1000 µSv/h | [07:50:54] ↓ STATE  LOW → FLAT  0.0900 µSv/h
07:50:56	1787471456340615200,1787471456352112400,1787471456373814500		
07:50:57	1787471457336851700,1787471457353501700		
07:50:59	1787471459604678400,1787471459617941200,1787471459633607000		
07:51:00	1787471460804849200,1787471460813824000,1787471460815934500		[07:51:00] ↑ STATE  FLAT → LOW  0.1000 µSv/h
07:51:01	1787471461997843200		[07:51:01] ↓ STATE  LOW → FLAT  0.0800 µSv/h
07:51:02	1787471462010174200,1787471462012169500		[07:51:02] ↑ STATE  FLAT → LOW  0.1000 µSv/h
07:51:03	1787471463196679000,1787471463209105400,1787471463210723800		[07:51:03] ↓ STATE  LOW → FLAT  0.0800 µSv/h | [07:51:03] ↑ STATE  FLAT → LOW  0.1000 µSv/h
07:51:04	1787471464400161800,1787471464404671500,1787471464405434000		[07:51:04] ⚡ OOK BURST PATTERN  CPS=1  burst=12.7s  gap=33.3s  duty=0.28  cycles=3 |   f=0.022Hz (ELF)  T=46.0s  CV_run=1.303  CV_gap=1.287  RF≈1.3W@0.5m |   ON/OFF KEYING SIGNATURE  identical CPS=1 repeated 3x  structured pulsed source confirmed | [07:51:04] ↓ STATE  LOW → FLAT  0.0800 µSv/h | [07:51:04] ↑ STATE  FLAT → LOW  0.1000 µSv/h
07:51:06	1787471466619248400,1787471466622643000	SIG#138 [1,1,0,0,0,1,1,1,0,0,0,1,0,1,0,0,0,1,0,1,0,0,0,1,0,1,0,0,0,1,0,1,0,0,0,1,0,1,0,0,0,1,0,1,0,0,0,1,0,1,0,0,0,1,0,1,0,0,0,1,0,1,0,0,0,1,0,1,1,0,0,1,0,1,1,0,0,1,0,1,1,0,0,1,0,1,1] pk=1	[07:51:06] ⚡ BEAT INTERFERENCE CONFIRMED |   y = A1·sin(2πf₁t) + A2·sin(2πf₂t) |   A1=0.1400µSv/h  A2=0.1000µSv/h  A2/A1=0.714  floor/peak=0.714 |   f_beat=|f₁-f₂|=0.28012Hz  T_beat=3.6s  band=SLF |   RF P≈C·d²/K: carrier1≈0.02W  carrier2≈0.01W  @d=0.5m (K=0.2) |   TWO-SOURCE INTERFERENCE  dominant=0.1400µSv/h  secondary=0.1000µSv/h  freq-sep≈0.28012Hz  CV_env=0.124 | [07:51:06] ↓ STATE  LOW → FLAT  0.0800 µSv/h | [07:51:06] ↑ STATE  FLAT → LOW  0.1000 µSv/h
07:51:07	1787471467807702000,1787471467816864300		[07:51:07] ↓ STATE  LOW → FLAT  0.0900 µSv/h | [07:51:07] ↑ STATE  FLAT → LOW  0.1000 µSv/h
07:51:09	1787471469002550000		
07:51:10	1787471470213278200		[07:51:10] ⚡ CPS CLUSTER  17cts/10s  n=17  CV_IAT=1.356 |   RF est P=C·d²/K  @0.5m: 4.3-425.0W  (mid=21.3W)  CPS/s=1.7
07:51:11	1787471471413575200		
07:51:12	1787471472865845200		
07:51:13	1787471473863687000,1787471473873650200		
07:51:14	1787471474869794600,1787471474873449000,1787471474874605300		
07:51:16	1787471476340807400,1787471476346506800,1787471476347620400		
07:51:17	1787471477344699000,1787471477367067000,1787471477368525800		
07:51:19	1787471479620087600,1787471479621488600	SIG#145 [1,0,0,1,0,0,1,0,0,1,1,0,1,0,0,1,1,0,1,0,0,1,1] pk=1	
07:51:20	1787471480815599600,1787471480817261000		
07:51:22	1787471482006057700,1787471482007673000,1787471482027863600		
07:51:23	1787471483206485800,1787471483239825700		
07:51:24	1787471484412156200,1787471484422610000		
07:51:25	1787471485873327600,1787471485876231400		[07:51:25] ⚡ CPS CLUSTER  18cts/10s  n=17  CV_IAT=1.363 |   RF est P=C·d²/K  @0.5m: 4.5-450.0W  (mid=22.5W)  CPS/s=1.8
07:51:26	1787471486872558600,1787471486874757600		
07:51:28	1787471488368539100,1787471488371838200,1787471488378318600		
07:51:29	1787471489357208300,1787471489362847700,1787471489371795700		
07:51:30	1787471490867901000,1787471490877138200		
07:51:31	1787471491867370200,1787471491886426000		[07:51:31] ⚠ EMF FINGERPRINT  score=4/7  n=3pk/2fl |   χ²/μ=0.000  m=1.217  SWR=0.16  CV_R=0.062  PSCI=0.058  CV_Re=0.043
07:51:32	1787471492867704800	SIG#151 [1,0,2,0,0,0,1,0,2,0,0,0,1,0,2,0,0,0,1,0,2,0,0,1,1,0,2,0,0,1,0,0,2,0,0,1,0,0,2,0,0,1] pk=2	
07:51:34	1787471494362402800		
07:51:35	1787471495353707000		
07:51:37	1787471497651614200		[Min 007  07:50:37]  CPM=00098  ✓ COMPLETE
07:51:38	1787471498841506800,1787471498847433700		
07:51:40	1787471500054436000,1787471500055524400,1787471500060695300		
07:51:41	1787471501235674000,1787471501236614700,1787471501237502000,1787471501243824400		[07:51:41] ⚡ CPS CLUSTER  12cts/10s  n=11  CV_IAT=0.915 |   RF est P=C·d²/K  @0.5m: 3.0-300.0W  (mid=15.0W)  CPS/s=1.2 | [07:51:41] ⚠⚠⚠ POWER LEVEL LOCK  dr=0.1500 µSv/h  hits=208  avg_interval=2.0s (0.03min)  CV=4.304 |   Source returns to identical power level 208x  Natural decay cannot reproduce fixed amplitude  Controlled RF source confirmed
07:51:42	1787471502449789700,1787471502452001300,1787471502464628200,1787471502466931500		[07:51:42] 小刀 PAINTBRUSH BURST  4 consecutive ticks  total=4cts  avg=1.0CPS  RF~1.3W@0.5m  bars merge = dense burst
07:51:43	1787471503865421300,1787471503866698800,1787471503874025500,1787471503875146800		
07:51:44	1787471504867444000,1787471504873172200,1787471504874280200,1787471504875648500		[07:51:44] ⚠⚠⚠ CPS UNIFORMITY LOCK  CPS=1 on 18/30s (60.0%)  zeros=12  highs=0  Poisson P<<0.001  CONTROLLED SOURCE CONFIRMED |   Natural Poisson: expected CPS=1 on ~9-13s  observed=18s  locked synthetic output indicated
07:51:46	1787471506360323000,1787471506362137000,1787471506363370000,1787471506375816000		
07:51:47	1787471507356901000,1787471507366991400,1787471507371723000		
07:51:49	1787471509616877300,1787471509637229600		[07:51:49] ⚡ OOK BURST PATTERN  CPS=1  burst=1.3s  gap=1.7s  duty=0.44  cycles=3 |   f=0.333Hz (SLF)  T=3.0s  CV_run=0.354  CV_gap=0.283  RF≈1.3W@0.5m |   ON/OFF KEYING SIGNATURE  identical CPS=1 repeated 3x  structured pulsed source confirmed
07:51:50	1787471510822274800	SIG#157 [1,1,1,0,0,0,1,1,1,1,0,0,1,1,1,1,0,0,1,1,1,1,0,0,1,1,1,1,0,0,0,1,1,1,0,0,0,1,1,1,0,0,0,1,0,1,0,0,0,1] pk=1	
07:51:52	1787471512034887400		
07:51:53	1787471513227342800		
07:51:54	1787471514420612600,1787471514435363300		
07:51:56	1787471516647366400		[07:51:56] ⚡ CPS CLUSTER  10cts/10s  n=10  CV_IAT=0.966 |   RF est P=C·d²/K  @0.5m: 2.5-250.0W  (mid=12.5W)  CPS/s=1.0
07:51:57	1787471517843646200		
07:51:59	1787471519025509000		
07:52:00	1787471520232369400		
07:52:01	1787471521422766300		
07:52:03	1787471523623016700		[07:52:03] ⚠ EMF FINGERPRINT  score=4/7  n=2pk/4fl |   χ²/μ=0.001  m=1.240  SWR=0.17  CV_R=0.072  PSCI=0.032  CV_Re=0.089 | [07:52:03] ↓ STATE  LOW → FLAT  0.0900 µSv/h | [07:52:03] 🔄 FLOOR RECURRENCE  dr=0.0900 µSv/h  prior=07:51:07  interval=55.9s  (0.93min)
07:52:04			[07:52:04] ↑ STATE  FLAT → LOW  0.1400 µSv/h | [07:52:04] ↓ STATE  LOW → FLAT  0.0900 µSv/h
07:52:06			[07:52:06] ↑ STATE  FLAT → LOW  0.1400 µSv/h | [07:52:06] ↓ STATE  LOW → FLAT  0.0900 µSv/h
07:52:07			[07:52:07] ↑ STATE  FLAT → LOW  0.1300 µSv/h | [07:52:07] ⚡ BEAT INTERFERENCE CONFIRMED |   y = A1·sin(2πf₁t) + A2·sin(2πf₂t) |   A1=0.1600µSv/h  A2=0.1200µSv/h  A2/A1=0.750  floor/peak=0.750 |   f_beat=|f₁-f₂|=0.31344Hz  T_beat=3.2s  band=SLF |   RF P≈C·d²/K: carrier1≈0.03W  carrier2≈0.02W  @d=0.5m (K=0.2) |   TWO-SOURCE INTERFERENCE  dominant=0.1600µSv/h  secondary=0.1200µSv/h  freq-sep≈0.31344Hz  CV_env=0.080 | [07:52:07] ↓ STATE  LOW → FLAT  0.0900 µSv/h
07:52:08			[07:52:08] ↑ STATE  FLAT → LOW  0.1200 µSv/h | [07:52:08] ↓ STATE  LOW → FLAT  0.0900 µSv/h
07:52:09			[07:52:09] ↑ STATE  FLAT → LOW  0.1100 µSv/h | [07:52:09] ↓ STATE  LOW → FLAT  0.0900 µSv/h
07:52:10			
07:52:12			
07:52:13			
07:52:14			
07:52:15			
07:52:16			
07:52:18			
07:52:19			
07:52:21			
07:52:22	1787471542837393200		
07:52:24	1787471544032854000,1787471544033992700		
07:52:25	1787471545236060700,1787471545242756600		[07:52:25] ⚡ CPS CLUSTER  5cts/10s  n=5  CV_IAT=0.993 |   RF est P=C·d²/K  @0.5m: 1.3-125.0W  (mid=6.3W)  CPS/s=0.5
07:52:26	1787471546433489000,1787471546434414000		
07:52:27	1787471547881118700,1787471547882288600		
07:52:28	1787471548877207300,1787471548878352400,1787471548894265900		
07:52:30	1787471550368172300,1787471550372715500,1787471550378255600		
07:52:31	1787471551361382000,1787471551371709700		
07:52:33	1787471553656321800	SIG#174 [1,1,0,0,0,2,1,1,0,0,0,2,0,1,0,0,0,2] pk=2	[07:52:33] ⚠⚠ EMF FINGERPRINT  score=5/7  n=4pk/2fl |   χ²/μ=0.004  m=2.375  SWR=0.66  CV_R=0.350  PSCI=0.175  CV_Re=0.000 | [07:52:33] 🔄 FLOOR RECURRENCE  dr=0.0600 µSv/h  prior=07:52:31  interval=2.3s  (0.04min)
07:52:34	1787471554836778000		[07:52:34] ⚡ OOK BURST PATTERN  CPS=1  burst=15.3s  gap=63.8s  duty=0.19  cycles=4 |   f=0.013Hz (ELF)  T=79.0s  CV_run=1.581  CV_gap=1.660  RF≈1.3W@0.5m |   ON/OFF KEYING SIGNATURE  identical CPS=1 repeated 4x  structured pulsed source confirmed
07:52:36	1787471556029234700,1787471556036728800		
07:52:37	1787471557221719800,1787471557234522600		[Min 008  07:51:37]  CPM=00071  ✓ COMPLETE | [07:52:37] ↑ STATE  FLAT → LOW  0.1000 µSv/h
07:52:38	1787471558441596700		[07:52:38] ↓ STATE  LOW → FLAT  0.0600 µSv/h | [07:52:38] ↑ STATE  FLAT → LOW  0.1000 µSv/h
07:52:39	1787471559877574000		[07:52:39] ↓ STATE  LOW → FLAT  0.0600 µSv/h | [07:52:39] ↑ STATE  FLAT → LOW  0.1000 µSv/h
07:52:40	1787471560892911600,1787471560901872000		[07:52:40] ⚡ CPS CLUSTER  15cts/10s  n=10  CV_IAT=0.780 |   RF est P=C·d²/K  @0.5m: 3.8-375.0W  (mid=18.8W)  CPS/s=1.5 | [07:52:40] ↓ STATE  LOW → FLAT  0.0700 µSv/h | [07:52:40] ↑ STATE  FLAT → LOW  0.1000 µSv/h
07:52:41	1787471561876017200,1787471561900627000,1787471561907199000		[07:52:41] ↓ STATE  LOW → FLAT  0.0900 µSv/h | [07:52:41] ↑ STATE  FLAT → LOW  0.1000 µSv/h | [07:52:41] ⚠⚠⚠ POWER LEVEL LOCK  dr=0.1000 µSv/h  hits=152  avg_interval=3.1s (0.05min)  CV=4.013 |   Source returns to identical power level 152x  Natural decay cannot reproduce fixed amplitude  Controlled RF source confirmed
07:52:43	1787471563372456200,1787471563391091700,1787471563392021200		[07:52:43] ↓ STATE  LOW → FLAT  0.0900 µSv/h | [07:52:43] ↑ STATE  FLAT → LOW  0.1000 µSv/h
07:52:44	1787471564379957800,1787471564390545000	SIG#182 [1,0,0,0,1,0,1,0,0,0,1,1,1,0,0,0,1,1] pk=1	
07:52:46	1787471566645980400,1787471566650899000		
07:52:47	1787471567827810800,1787471567828993800		
07:52:49	1787471569028196900,1787471569030603000,1787471569043274200		
07:52:50	1787471570226667000,1787471570231436300,1787471570235246800		
07:52:51	1787471571442745600,1787471571443751400		
07:52:52	1787471572904332300,1787471572905468000		
07:52:53	1787471573890979600,1787471573892158700,1787471573899794700		
07:52:55	1787471575389980000,1787471575400084500,1787471575403522600		
07:52:56	1787471576374256000,1787471576379865900,1787471576401180200		[07:52:56] ⚡ CPS CLUSTER  28cts/10s  n=21  CV_IAT=1.235 |   RF est P=C·d²/K  @0.5m: 7.0-700.0W  (mid=35.0W)  CPS/s=2.8
07:52:58	1787471578652434400,1787471578660032500		
07:52:59	1787471579842927900,1787471579847850800	SIG#191 [2,1,0,0,1,0,2,1,0,0,1,0,2,1,0,0,1,0,0,1,0,0,1] pk=2	
07:53:01	1787471581047545600,1787471581060627500		
07:53:02	1787471582230581000,1787471582243156700		
07:53:03	1787471583439124700	SIG#192 [1,0,0,0,1,0,1,0,0,0,1,0,1,0,0,0,1] pk=1	
07:53:04	1787471584904205300,1787471584908190700		
07:53:05	1787471585894974200,1787471585900806000,1787471585901895000		[07:53:05] ⚠ BURST PAIR  pairs=7  interval=49.1s  CV=2.180  spacings=[1.2,1.4,1.0,1.5,1.0,288.6]  span=294.8s |   f=0.020Hz  T=49.1s  pair_width=2s  CPS≥2  structured burst-pair source
07:53:07	1787471587387146500,1787471587402204400,1787471587403240700		
07:53:08	1787471588394284300,1787471588396736500	SIG#194 [1,0,0,0,2,0,1,0,0,0,2,2,1,0,0,0,2,2] pk=2	[07:53:08] ⚡ BEAT INTERFERENCE CONFIRMED |   y = A1·sin(2πf₁t) + A2·sin(2πf₂t) |   A1=0.1600µSv/h  A2=0.1000µSv/h  A2/A1=0.625  floor/peak=0.625 |   f_beat=|f₁-f₂|=0.19187Hz  T_beat=5.2s  band=SLF |   RF P≈C·d²/K: carrier1≈0.03W  carrier2≈0.01W  @d=0.5m (K=0.2) |   TWO-SOURCE INTERFERENCE  dominant=0.1600µSv/h  secondary=0.1000µSv/h  freq-sep≈0.19187Hz  CV_env=0.125
07:53:10	1787471590658334500,1787471590659466500		
07:53:11	1787471591846621700,1787471591847689000,1787471591860729000		[07:53:11] ⚡ CPS CLUSTER  24cts/10s  n=15  CV_IAT=1.238 |   RF est P=C·d²/K  @0.5m: 6.0-600.0W  (mid=30.0W)  CPS/s=2.4 | [07:53:11] ⚠ EMF FINGERPRINT  score=4/7  n=3pk/2fl |   χ²/μ=0.001  m=1.253  SWR=0.19  CV_R=0.084  PSCI=0.080  CV_Re=0.040
07:53:13	1787471593043477500,1787471593044704500,1787471593058653000		
07:53:14	1787471594241126100,1787471594257285400		
07:53:15	1787471595441943000	SIG#197 [2,2,0,0,0,1,2,2,0,0,0,1,0,2,0,0,0,1] pk=2	
07:53:16	1787471596903140000		
07:53:17	1787471597901673200		
07:53:19	1787471599385353700		
07:53:20			[07:53:20] ⚡ OOK BURST PATTERN  CPS=1  burst=1.0s  gap=2.3s  duty=0.30  cycles=3 |   f=0.300Hz (SLF)  T=3.3s  CV_run=0.000  CV_gap=0.404  RF≈1.3W@0.5m |   ON/OFF KEYING SIGNATURE  identical CPS=1 repeated 3x  structured pulsed source confirmed
07:53:22			
07:53:23			
07:53:25			
07:53:26	1787471606256370700		
07:53:27	1787471607464194300		
07:53:28	1787471608903461600		
07:53:29	1787471609901171500		
07:53:30	1787471610898399200		[07:53:30] ⚡ STRUCTURED CLUSTER  5cts/10s  n=5  CV_IAT=0.157  non-Poisson |   RF est P=C·d²/K  @0.5m: 1.3-125.0W  (mid=6.3W)  CPS/s=0.5
07:53:32	1787471612396932600,1787471612415002600		
07:53:33	1787471613398251300,1787471613436687600		
07:53:35	1787471615677622800		
07:53:36	1787471616857699800,1787471616872155100		
07:53:38	1787471618067972400,1787471618073531100		[Min 009  07:52:37]  CPM=00102  ✓ COMPLETE
07:53:39	1787471619254992000,1787471619266377200		
07:53:40	1787471620446513000,1787471620453409800,1787471620465527600		
07:53:41	1787471621914473500,1787471621933354000		[07:53:41] ⚠⚠⚠ POWER LEVEL LOCK  dr=0.1200 µSv/h  hits=309  avg_interval=1.7s (0.03min)  CV=4.400 |   Source returns to identical power level 309x  Natural decay cannot reproduce fixed amplitude  Controlled RF source confirmed | [07:53:41] ⚠⚠ EMF FINGERPRINT  score=5/7  n=3pk/9fl |   χ²/μ=0.001  m=1.235  SWR=0.15  CV_R=0.091  PSCI=0.058  CV_Re=0.059
07:53:42	1787471622911418000,1787471622932629000		
07:53:44	1787471624399673600,1787471624403929900		
07:53:45	1787471625409590500	SIG#211 [1,0,0,1,0,0,1,0,0,1,0,0,1,0,0,1,0,0,1,0,0,1,0,0,1,0,0,1,0,0,1,0,0,1,0,0,1,0,0,1,0,0,1] pk=1	
07:53:47	1787471627672587500		[07:53:47] ⚡ CPS CLUSTER  14cts/10s  n=14  CV_IAT=1.083 |   RF est P=C·d²/K  @0.5m: 3.5-350.0W  (mid=17.5W)  CPS/s=1.4
07:53:48	1787471628912372700		
07:53:49	1787471629943357400		[07:53:49] ↓ STATE  LOW → FLAT  0.0900 µSv/h | [07:53:49] 🔄 FLOOR RECURRENCE  dr=0.0900 µSv/h  prior=07:52:43  interval=66.6s  (1.11min)
07:53:51	1787471631416227800		[07:53:51] ↑ STATE  FLAT → LOW  0.1200 µSv/h | [07:53:51] ↓ STATE  LOW → FLAT  0.0900 µSv/h
07:53:52	1787471632399770600,1787471632401455400		[07:53:52] ↑ STATE  FLAT → LOW  0.1200 µSv/h | [07:53:52] ↓ STATE  LOW → FLAT  0.0900 µSv/h
07:53:54	1787471634673979000,1787471634677157600		[07:53:54] ↑ STATE  FLAT → LOW  0.1200 µSv/h | [07:53:54] ↓ STATE  LOW → FLAT  0.0900 µSv/h
07:53:55	1787471635872136000,1787471635874179300		[07:53:55] ↑ STATE  FLAT → LOW  0.1200 µSv/h | [07:53:55] ↓ STATE  LOW → FLAT  0.0900 µSv/h
07:53:57	1787471637073676000,1787471637076070400		[07:53:57] ↑ STATE  FLAT → LOW  0.1000 µSv/h | [07:53:57] ↓ STATE  LOW → FLAT  0.0900 µSv/h
07:53:58	1787471638258857000,1787471638272510500,1787471638284516900		
07:53:59	1787471639469490700,1787471639473945900		
07:54:00	1787471640913266700,1787471640934402800		
07:54:01	1787471641919290600	SIG#217 [1,0,1,0,0,0,1,0,1,0,0,0,1,0,1,0,0,0,1,0,1,0,0,0,1,0,1,0,0,0,1,0,1,0,0,0,1,0,1,0,0,0,1] pk=1	
07:54:03	1787471643414345200		[07:54:03] ⚡ CPS CLUSTER  14cts/10s  n=14  CV_IAT=1.076 |   RF est P=C·d²/K  @0.5m: 3.5-350.0W  (mid=17.5W)  CPS/s=1.4
07:54:04	1787471644398328600		
07:54:06	1787471646678575600		[07:54:06] ⚡ OOK BURST PATTERN  CPS=1  burst=1.0s  gap=2.3s  duty=0.30  cycles=3 |   f=0.300Hz (SLF)  T=3.3s  CV_run=0.000  CV_gap=0.404  RF≈1.3W@0.5m |   ON/OFF KEYING SIGNATURE  identical CPS=1 repeated 3x  structured pulsed source confirmed
07:54:07			
07:54:09	1787471649086355000		
07:54:10	1787471650272842000		
07:54:11	1787471651484609800		
07:54:12	1787471652919506200		
07:54:13	1787471653918363000		
07:54:14	1787471654928308700		
07:54:16	1787471656407353300		
07:54:17	1787471657426218800		
07:54:19	1787471659696825600		[07:54:19] ⚡ STRUCTURED CLUSTER  7cts/10s  n=7  CV_IAT=0.169  non-Poisson |   RF est P=C·d²/K  @0.5m: 1.8-175.0W  (mid=8.8W)  CPS/s=0.7 | [07:54:19] ⚡ BEAT INTERFERENCE CONFIRMED |   y = A1·sin(2πf₁t) + A2·sin(2πf₂t) |   A1=0.1800µSv/h  A2=0.0900µSv/h  A2/A1=0.500  floor/peak=0.500 |   f_beat=|f₁-f₂|=0.28001Hz  T_beat=3.6s  band=SLF |   RF P≈C·d²/K: carrier1≈0.04W  carrier2≈0.01W  @d=0.5m (K=0.2) |   TWO-SOURCE INTERFERENCE  dominant=0.1800µSv/h  secondary=0.0900µSv/h  freq-sep≈0.28001Hz  CV_env=0.181
07:54:20	1787471660903550000		[07:54:20] 🔄 FLOOR RECURRENCE  dr=0.0800 µSv/h  prior=07:54:19  interval=1.2s  (0.02min)
07:54:22	1787471662080713000		
07:54:23	1787471663267328000		
07:54:24	1787471664465664800		
07:54:25	1787471665921472300		
07:54:26			
07:54:28			
07:54:29	1787471669439619300		
07:54:30	1787471670931769900		
07:54:31	1787471671938495500		
07:54:32	1787471672929910800		
07:54:34	1787471674417116400		
07:54:35	1787471675414806500		[07:54:35] ⚡ CPS CLUSTER  6cts/10s  n=6  CV_IAT=0.551 |   RF est P=C·d²/K  @0.5m: 1.5-150.0W  (mid=7.5W)  CPS/s=0.6
07:54:37	1787471677677554000,1787471677695026400		[Min 010  07:53:37]  CPM=00058  ✓ COMPLETE
07:54:38	1787471678943672800		
07:54:39	1787471679937097700		
07:54:41	1787471681423094800,1787471681427498000		
07:54:42	1787471682412016600,1787471682422200300,1787471682431818000		
07:54:44	1787471684691414800,1787471684695340300,1787471684698053000		
07:54:45	1787471685870566700,1787471685875138300,1787471685879222500,1787471685886317000		
07:54:47	1787471687078560800,1787471687081550000,1787471687096648200		
07:54:48	1787471688275166500,1787471688276491500,1787471688278115600		[07:54:48] ↑ STATE  FLAT → LOW  0.1000 µSv/h | [07:54:48] ⚠⚠⚠ POWER LEVEL LOCK  dr=0.1000 µSv/h  hits=162  avg_interval=3.7s (0.06min)  CV=3.662 |   Source returns to identical power level 162x  Natural decay cannot reproduce fixed amplitude  Controlled RF source confirmed
07:54:49	1787471689475922700,1787471689476978700,1787471689478247700,1787471689495241700		[07:54:49] ↓ STATE  LOW → FLAT  0.0800 µSv/h | [07:54:49] ↑ STATE  FLAT → LOW  0.1000 µSv/h
07:54:50	1787471690936644900,1787471690938488300,1787471690941283600		[07:54:50] ⚡ CPS CLUSTER  23cts/10s  n=23  CV_IAT=1.532 |   RF est P=C·d²/K  @0.5m: 5.8-575.0W  (mid=28.8W)  CPS/s=2.3 | [07:54:50] ↓ STATE  LOW → FLAT  0.0900 µSv/h | [07:54:50] 🔄 FLOOR RECURRENCE  dr=0.0900 µSv/h  prior=07:54:49  interval=1.5s  (0.02min) | [07:54:50] ↑ STATE  FLAT → LOW  0.1000 µSv/h
07:54:51	1787471691939819000,1787471691944511000		[07:54:51] ⚡ OOK BURST PATTERN  CPS=1  burst=1.0s  gap=2.3s  duty=0.30  cycles=3 |   f=0.300Hz (SLF)  T=3.3s  CV_run=0.000  CV_gap=0.404  RF≈1.3W@0.5m |   ON/OFF KEYING SIGNATURE  identical CPS=1 repeated 3x  structured pulsed source confirmed | [07:54:51] ↓ STATE  LOW → FLAT  0.0900 µSv/h | [07:54:51] ↑ STATE  FLAT → LOW  0.1000 µSv/h
07:54:53	1787471693422984700,1787471693435378200		[07:54:53] ↓ STATE  LOW → FLAT  0.0900 µSv/h | [07:54:53] ↑ STATE  FLAT → LOW  0.1000 µSv/h
07:54:54	1787471694420411400	SIG#246 [1,0,0,1,0,0,1,0,0,1,1,0,1,0,0,1,1,0,1,0,0,1,1,0,1,0,0,1,1,0,1,0,0,1,1,0,1,0,0,1,1,0,1,0,0,1,1,0,1,0,0,1,0,0,1,0,0,1,0,0,1,0,0,1] pk=1	[07:54:54] ↓ STATE  LOW → FLAT  0.0900 µSv/h | [07:54:54] ↑ STATE  FLAT → LOW  0.1000 µSv/h | [07:54:54] ⚠ EMF FINGERPRINT  score=4/7  n=2pk/2fl |   χ²/μ=0.001  m=1.235  SWR=0.16  CV_R=0.102  PSCI=0.048  CV_Re=0.059
07:54:55	1787471695934633200,1787471695943593000		
07:54:56	1787471696919122700,1787471696935687200,1787471696947422200		
07:54:57	1787471697950619100,1787471697961858000		
07:54:59	1787471699439975200,1787471699441121500		
07:55:00	1787471700424764000,1787471700425983500		
07:55:02	1787471702492371200,1787471702502624500		
07:55:03	1787471703921980000,1787471703935504400		
07:55:04	1787471704929676000		
07:55:06			[07:55:06] ⚡ CPS CLUSTER  14cts/10s  n=14  CV_IAT=1.147 |   RF est P=C·d²/K  @0.5m: 3.5-350.0W  (mid=17.5W)  CPS/s=1.4
07:55:07			
07:55:09			
07:55:10	1787471710908220200		
07:55:12	1787471712106016500,1787471712108498700		
07:55:13	1787471713307674000,1787471713308794400,1787471713309584000		
07:55:14	1787471714504333300,1787471714505307600,1787471714506195200		
07:55:15	1787471715938166800,1787471715951287300,1787471715952156000		[07:55:15] ⚠ EQUAL BURST SPACING  n=4  CPS≥2  interval=1.3s  CV=0.091  spacings=[1.2,1.2,1.4]  span=3.8s |   ⚠⚠ HIGHLY PERIODIC  f=0.781Hz  T=1.3s  total_counts=4
07:55:16	1787471716931967000,1787471716933227800,1787471716934448400		
07:55:17	1787471717925070000,1787471717948811800,1787471717951555800	SIG#259 [1,2,1,0,0,0,1,2,1,0,0,0,1,2,1,0,0,0,1,2,1,0,0,0,1,2,1] pk=2	
07:55:18	1787471718937232000,1787471718938173200		
07:55:20	1787471720431516200		
07:55:21	1787471721438179300		[07:55:21] ⚡ CPS CLUSTER  27cts/10s  n=20  CV_IAT=1.326 |   RF est P=C·d²/K  @0.5m: 6.8-675.0W  (mid=33.8W)  CPS/s=2.7
07:55:23	1787471723707678200		[07:55:23] ⚡ BEAT INTERFERENCE CONFIRMED |   y = A1·sin(2πf₁t) + A2·sin(2πf₂t) |   A1=0.1700µSv/h  A2=0.0800µSv/h  A2/A1=0.471  floor/peak=0.471 |   f_beat=|f₁-f₂|=0.20587Hz  T_beat=4.9s  band=SLF |   RF P≈C·d²/K: carrier1≈0.04W  carrier2≈0.01W  @d=0.5m (K=0.2) |   TWO-SOURCE INTERFERENCE  dominant=0.1700µSv/h  secondary=0.0800µSv/h  freq-sep≈0.20587Hz  CV_env=0.214
07:55:24	1787471724902331000		
07:55:26	1787471726087767600,1787471726104296700		
07:55:27	1787471727297564400,1787471727301687000,1787471727302694000		
07:55:28	1787471728499381200,1787471728504661200,1787471728508579800		
07:55:29	1787471729922979600,1787471729943298800,1787471729945190700		
07:55:30	1787471730946246000,1787471730948341000	SIG#265 [1,0,0,2,0,0,1,0,0,2,1,0,1,0,0,2,1,0,1,0,0,2,1] pk=2	
07:55:31	1787471731946455800,1787471731959727900		
07:55:33	1787471733433531000,1787471733434233300,1787471733456947700		
07:55:34	1787471734427101200,1787471734447669500		
07:55:36	1787471736707140000		[07:55:36] ⚡ CPS CLUSTER  24cts/10s  n=18  CV_IAT=1.357 |   RF est P=C·d²/K  @0.5m: 6.0-600.0W  (mid=30.0W)  CPS/s=2.4
07:55:37	1787471737909487000		[Min 011  07:54:37]  CPM=00108  ✓ COMPLETE | [07:55:37] ⚡ OOK BURST PATTERN  CPS=1  burst=1.3s  gap=3.3s  duty=0.29  cycles=6 |   f=0.214Hz (SLF)  T=4.7s  CV_run=0.354  CV_gap=0.224  RF≈1.3W@0.5m |   ON/OFF KEYING SIGNATURE  identical CPS=1 repeated 6x  structured pulsed source confirmed
07:55:39	1787471739097311500,1787471739101432000		
07:55:40	1787471740298783000,1787471740309040000		
07:55:41	1787471741497585400,1787471741514204200		
07:55:42	1787471742946388700	SIG#273 [1,0,0,0,1,0,1,0,0,0,1,0,1,0,0,0,1] pk=1	
07:55:43	1787471743960865500,1787471743967302000		[07:55:43] ⚠ EMF FINGERPRINT  score=4/7  n=2pk/3fl |   χ²/μ=0.001  m=1.208  SWR=0.15  CV_R=0.073  PSCI=0.034  CV_Re=0.068
07:55:45	1787471745441692700,1787471745457142500,1787471745459052300		
07:55:46	1787471746437322800,1787471746441601800,1787471746452245800		
07:55:48	1787471748701296000,1787471748702462000	SIG#275 [1,0,0,0,1,0,1,0,0,0,1,1,1,0,0,0,1,1] pk=1	[07:55:48] ⚠⚠⚠ POWER LEVEL LOCK  dr=0.1200 µSv/h  hits=383  avg_interval=1.7s (0.03min)  CV=4.453 |   Source returns to identical power level 383x  Natural decay cannot reproduce fixed amplitude  Controlled RF source confirmed
07:55:49	1787471749898942700,1787471749900192300,1787471749902261800		
07:55:51	1787471751097080800,1787471751099214000,1787471751113208300,1787471751128758800		
07:55:52	1787471752289101800,1787471752295167700,1787471752297258000,1787471752297839400		[07:55:52] ⚡ CPS CLUSTER  19cts/10s  n=19  CV_IAT=1.330 |   RF est P=C·d²/K  @0.5m: 4.8-475.0W  (mid=23.8W)  CPS/s=1.9 | [07:55:52] 小刀 PAINTBRUSH BURST  4 consecutive ticks  total=4cts  avg=1.0CPS  RF~1.3W@0.5m  bars merge = dense burst
07:55:53	1787471753505239000,1787471753508234800,1787471753509396000,1787471753511578400		
07:55:54	1787471754941566000,1787471754942289400,1787471754943517000		
07:55:55	1787471755957453800,1787471755958560500,1787471755966079000		
07:55:57	1787471757433346800,1787471757434723300,1787471757436666000		
07:55:58	1787471758433052400,1787471758437788700	SIG#277 [1,1,0,0,1,0,1,1,0,0,1,1,1,1,0,0,1,1,0,1,0,0,1,1,0,1,0,0,1,1,0,1,0,0,1,1,0,1,0,0,1,1,0,1,0,0,0,1,0,1] pk=1	
07:55:59	1787471759933496800,1787471759944777500		
07:56:00	1787471760944963000,1787471760966284300		
07:56:01	1787471761965483800		
07:56:03	1787471763443370200		
07:56:04	1787471764444372200,1787471764477705200		
07:56:06	1787471766697657900,1787471766710336800		
07:56:07	1787471767903911700,1787471767908638200		[07:56:07] ⚡ CPS CLUSTER  20cts/10s  n=13  CV_IAT=0.918 |   RF est P=C·d²/K  @0.5m: 5.0-500.0W  (mid=25.0W)  CPS/s=2.0
07:56:09	1787471769106085000	SIG#283 [2,0,0,0,1,0,2,0,0,0,1,0,2,0,0,0,1] pk=2	
07:56:10	1787471770303856000,1787471770313950200		
07:56:11	1787471771518104000,1787471771524798700		
07:56:12	1787471772945250300,1787471772950735600		
07:56:13	1787471773963798500,1787471773968218000	SIG#285 [1,0,0,0,1,0,1,0,0,0,1,0,1,0,0,0,1] pk=1	
07:56:15	1787471775447472600,1787471775462493700,1787471775469663000		
07:56:16	1787471776437364200,1787471776443162000,1787471776444365000		
07:56:18	1787471778702754600,1787471778706380000,1787471778707385300,1787471778709303000		
07:56:19	1787471779901278200,1787471779902698000,1787471779904257000		[07:56:19] ⚠ EMF FINGERPRINT  score=4/7  n=2pk/4fl |   χ²/μ=0.002  m=1.192  SWR=0.17  CV_R=0.102  PSCI=0.032  CV_Re=0.122
07:56:21	1787471781113428200,1787471781121386500,1787471781133287000		
07:56:22	1787471782306381300,1787471782314254800,1787471782317423600		
07:56:23	1787471783510045700,1787471783514464300	SIG#286 [1,0,0,1,0,0,1,0,0,1,1,0,1,0,0,1,1,0,1,0,0,1,1,0,1,0,0,1,1,0,1,0,0,1,1,0,1,0,0,1,1,0,1,0,0,0,1,0,1] pk=1	[07:56:23] ⚡ OOK BURST PATTERN  CPS=1  burst=1.0s  gap=2.0s  duty=0.33  cycles=3 |   f=0.333Hz (SLF)  T=3.0s  CV_run=0.000  CV_gap=0.707  RF≈1.3W@0.5m |   ON/OFF KEYING SIGNATURE  identical CPS=1 repeated 3x  structured pulsed source confirmed | [07:56:23] ⚡ CPS CLUSTER  22cts/10s  n=22  CV_IAT=1.485 |   RF est P=C·d²/K  @0.5m: 5.5-550.0W  (mid=27.5W)  CPS/s=2.2
07:56:24	1787471784945895000		
07:56:25	1787471785955091200		
07:56:27			
07:56:28			
07:56:30			
07:56:31			
07:56:33			
07:56:34	1787471794315926800		
07:56:35	1787471795532492500		
07:56:36	1787471796730317300		
07:56:37	1787471797940475600,1787471797943709700		[Min 012  07:55:37]  CPM=00098  ✓ COMPLETE
07:56:39	1787471799134948400,1787471799137660400,1787471799140285200		[07:56:39] ⚡ CPS CLUSTER  5cts/10s  n=5  CV_IAT=0.575 |   RF est P=C·d²/K  @0.5m: 1.3-125.0W  (mid=6.3W)  CPS/s=0.5
07:56:40	1787471800308632600,1787471800315171800,1787471800316641800		
07:56:41	1787471801522784800,1787471801532527400,1787471801534563800		
07:56:42	1787471802966414300,1787471802968091000	SIG#292 [1,0,0,1,0,0,1,0,0,1,2,0,1,0,0,1,2,0,1,0,0,1,2] pk=2	[07:56:42] ⚠ EQUAL BURST SPACING  n=4  CPS≥2  interval=1.3s  CV=0.088  spacings=[1.2,1.2,1.4]  span=3.8s |   ⚠⚠ HIGHLY PERIODIC  f=0.784Hz  T=1.3s  total_counts=4
07:56:43	1787471803962720800,1787471803964065500		[07:56:43] ⚡ BEAT INTERFERENCE CONFIRMED |   y = A1·sin(2πf₁t) + A2·sin(2πf₂t) |   A1=0.1700µSv/h  A2=0.1300µSv/h  A2/A1=0.765  floor/peak=0.765 |   f_beat=|f₁-f₂|=0.18351Hz  T_beat=5.4s  band=SLF |   RF P≈C·d²/K: carrier1≈0.04W  carrier2≈0.02W  @d=0.5m (K=0.2) |   TWO-SOURCE INTERFERENCE  dominant=0.1700µSv/h  secondary=0.1300µSv/h  freq-sep≈0.18351Hz  CV_env=0.079
07:56:45	1787471805455030300,1787471805460446000		
07:56:46	1787471806448250000		
07:56:48			[07:56:48] ⚠⚠⚠ POWER LEVEL LOCK  dr=0.1200 µSv/h  hits=446  avg_interval=1.6s (0.03min)  CV=4.466 |   Source returns to identical power level 446x  Natural decay cannot reproduce fixed amplitude  Controlled RF source confirmed
07:56:49	1787471809939412000		[07:56:49] ⚠⚠ EMF FINGERPRINT  score=5/7  n=3pk/2fl |   χ²/μ=0.002  m=1.304  SWR=0.20  CV_R=0.112  PSCI=0.054  CV_Re=0.043
07:56:51	1787471811132616200		
07:56:52	1787471812332666600		
07:56:53	1787471813535135200		
07:56:54	1787471814735655000		[07:56:54] ⚡ CPS CLUSTER  9cts/10s  n=7  CV_IAT=0.778 |   RF est P=C·d²/K  @0.5m: 2.3-225.0W  (mid=11.3W)  CPS/s=0.9
07:56:55	1787471815930594600,1787471815966013000		
07:56:57	1787471817114146600,1787471817131826000		
07:56:58	1787471818313972000,1787471818328139300		
07:56:59	1787471819528557000,1787471819537285000		
07:57:00	1787471820957602600,1787471820960447000,1787471820970136000		
07:57:01	1787471821970428700,1787471821972852500,1787471821974436600,1787471821975127800		[07:57:01] ⚠ BURST PAIR  pairs=13  interval=44.2s  CV=2.186  spacings=[1.2,1.4,1.0,1.5,1.0,288.6,1.5,1.0,2.3,1.2,1.2,228.9]  span=530.8s |   f=0.023Hz  T=44.2s  pair_width=2s  CPS≥2  structured burst-pair source
07:57:02	1787471822953697000,1787471822956146000,1787471822968131600,1787471822968980500,1787471822971967700		
07:57:04	1787471824470419700,1787471824492587800,1787471824493129700,1787471824523361000,1787471824525002200		
07:57:05	1787471825452018200,1787471825467633700,1787471825468441300,1787471825477584600,1787471825478452700,1787471825484798700		[07:57:05] 小刀 PAINTBRUSH BURST  5 consecutive ticks  total=8cts  avg=1.6CPS  RF~2.0W@0.5m  bars merge = dense burst | [07:57:05] ⚠⚠⚠ CONFIRMED ATTACK  CONSECUTIVE CPS CLUSTER  run=5s  total_counts=8  avg=1.60CPS/s  dr=0.1600  span=1.0s |   Poisson P(run≥5)<<0.001  NON-NATURAL SOURCE CONFIRMED  start=07:57:04
07:57:06	1787471826964006700,1787471826964677000,1787471826965562600,1787471826966132500,1787471826966998800		
07:57:07	1787471827958646800,1787471827962312700,1787471827963428900,1787471827964289300,1787471827965361400,1787471827973655300		
07:57:08	1787471828967055600,1787471828976206600,1787471828977009700,1787471828979033900,1787471828995441700		[07:57:08] ⚡ OOK BURST PATTERN  CPS=1  burst=2.0s  gap=1.0s  duty=0.67  cycles=5 |   f=0.333Hz (SLF)  T=3.0s  CV_run=0.316  CV_gap=0.000  RF≈1.3W@0.5m |   ON/OFF KEYING SIGNATURE  identical CPS=1 repeated 5x  structured pulsed source confirmed
07:57:10	1787471830463843600,1787471830471878700,1787471830473721000,1787471830475847000		[07:57:10] ⚡ CPS CLUSTER  61cts/10s  n=40  CV_IAT=1.978 |   RF est P=C·d²/K  @0.5m: 15.3-1525.0W  (mid=76.3W)  CPS/s=6.1
07:57:11	1787471831463522000,1787471831476143600,1787471831510362600,1787471831563894000		[07:57:11] ↑ STATE  LOW → ELEVATED  0.2000 µSv/h | [07:57:11] 🔄 PEAK RECURRENCE  dr=0.2000 µSv/h  seen 116x in log
07:57:13	1787471833714614500,1787471833720283000,1787471833731896800		[07:57:13] ↑ STATE  ELEVATED → LOW  0.1600 µSv/h | [07:57:13] ↑ STATE  LOW → ELEVATED  0.2000 µSv/h
07:57:14	1787471834919378400,1787471834927254800		[07:57:14] ↑ STATE  ELEVATED → LOW  0.1600 µSv/h | [07:57:14] ↑ STATE  LOW → ELEVATED  0.2000 µSv/h
07:57:16	1787471836114046000,1787471836119584000,1787471836129287000		[07:57:16] ↑ STATE  ELEVATED → LOW  0.1600 µSv/h | [07:57:16] ↑ STATE  LOW → ELEVATED  0.2000 µSv/h
07:57:17	1787471837333677800,1787471837346364400		[07:57:17] ↑ STATE  ELEVATED → LOW  0.1800 µSv/h | [07:57:17] ↑ STATE  LOW → ELEVATED  0.2000 µSv/h
07:57:18	1787471838527469800,1787471838531517000,1787471838532595700		[07:57:18] ↑ STATE  ELEVATED → LOW  0.1900 µSv/h | [07:57:18] ↑ STATE  LOW → ELEVATED  0.2000 µSv/h
07:57:19	1787471839960935000,1787471839973399300,1787471839974665500		[07:57:19] ⚠⚠⚠ EMF FINGERPRINT  score=6/7  n=5pk/4fl |   χ²/μ=0.004  m=1.200  SWR=0.21  CV_R=0.147  PSCI=0.091  CV_Re=0.093
07:57:20	1787471840976379100,1787471840977815000		
07:57:22	1787471842457013800,1787471842458407400,1787471842470615000		
07:57:23	1787471843470523000,1787471843473554400,1787471843481492000,1787471843497738000		
07:57:25	1787471845733986000,1787471845737390000,1787471845744414000		[07:57:25] ⚡ CPS CLUSTER  20cts/10s  n=20  CV_IAT=1.471 |   RF est P=C·d²/K  @0.5m: 5.0-500.0W  (mid=25.0W)  CPS/s=2.0
07:57:26	1787471846927334400,1787471846934845000,1787471846936040700,1787471846942063000		[07:57:26] ↑ STATE  ELEVATED → LOW  0.1900 µSv/h
07:57:28	1787471848118658000,1787471848121883000,1787471848131634700		[07:57:28] ↑ STATE  LOW → ELEVATED  0.2300 µSv/h | [07:57:28] ↑ STATE  ELEVATED → LOW  0.1900 µSv/h
07:57:29	1787471849331390000,1787471849332090400,1787471849336256300,1787471849342817500		[07:57:29] ↑ STATE  LOW → ELEVATED  0.2300 µSv/h | [07:57:29] ↑ STATE  ELEVATED → LOW  0.1900 µSv/h
07:57:30	1787471850527934700,1787471850529265400,1787471850536978200,1787471850538886700		[07:57:30] ↑ STATE  LOW → ELEVATED  0.2200 µSv/h | [07:57:30] ↑ STATE  ELEVATED → LOW  0.1900 µSv/h
07:57:31	1787471851972651300,1787471851974822100,1787471851976288300		[07:57:31] ↑ STATE  LOW → ELEVATED  0.2100 µSv/h | [07:57:31] ↑ STATE  ELEVATED → LOW  0.1900 µSv/h
07:57:32			[07:57:32] ↑ STATE  LOW → ELEVATED  0.2000 µSv/h
07:57:33	1787471853005801500,1787471853007393800		[07:57:33] ↑ STATE  ELEVATED → LOW  0.1900 µSv/h
07:57:34	1787471854459762400,1787471854465669000,1787471854474232600		
07:57:35	1787471855471102000,1787471855486488300		
07:57:37	1787471857720149000,1787471857732835300		[Min 013  07:56:37]  CPM=00164  ✓ COMPLETE
07:57:38	1787471858934068000,1787471858947037700	SIG#305 [1,0,1,0,0,0,1,0,1,0,0,0,1,0,1,0,2,0,1,0,1,0,2,2,1,0,1,0,2,2,2,0,1,0,2,2,2,1,1,0,2,2,2,1,1,0,2,2,2,1,1,0,2,2,2,1,1,0,1,2,2,1,1,0,1,0,2,1,1,0,1,0,0,1,1,0,1,0,0,1,1,0,1,0,0,1,0,0,1,0,0,1,0,0,1,0,0,1,0,0,1,0,0,1,0,0,1,0,0,1,0,0,1,0,1,1,0,0,1,0,1,0,0,0,1,0,1,0,0,0,1,0,1,0,0,1,1,0,1,0,0,1,1,0,1,0,0,1,1,0,1,0,0,1,1,0,1,0,0,1,1,0,1,0,0,1,1,0,1,0,1,1,1,0,1,0,1,0,1,0,1,0,1,0,0,0,1,0,1,0,0,0,1,0,1,0,0,0,3,0,1,0,0,0,3,0,1,0,0,0,3] pk=3	
07:57:40	1787471860132826000,1787471860142833000		
07:57:41	1787471861324830500,1787471861327905500,1787471861329559000		[07:57:41] ⚡ CPS CLUSTER  26cts/10s  n=16  CV_IAT=1.303 |   RF est P=C·d²/K  @0.5m: 6.5-650.0W  (mid=32.5W)  CPS/s=2.6
07:57:42	1787471862536082400,1787471862541663500,1787471862543783700		[07:57:42] ↑ STATE  LOW → ELEVATED  0.2000 µSv/h | [07:57:42] 🔄 PEAK RECURRENCE  dr=0.2000 µSv/h  seen 109x in log
07:57:43	1787471863970996200,1787471863973067500		[07:57:43] ⚡ BEAT INTERFERENCE CONFIRMED |   y = A1·sin(2πf₁t) + A2·sin(2πf₂t) |   A1=0.2300µSv/h  A2=0.1900µSv/h  A2/A1=0.826  floor/peak=0.826 |   f_beat=|f₁-f₂|=0.58464Hz  T_beat=1.7s  band=SLF |   RF P≈C·d²/K: carrier1≈0.07W  carrier2≈0.05W  @d=0.5m (K=0.2) |   TWO-SOURCE INTERFERENCE  dominant=0.2300µSv/h  secondary=0.1900µSv/h  freq-sep≈0.58464Hz  CV_env=0.080 | [07:57:43] ↑ STATE  ELEVATED → LOW  0.1600 µSv/h | [07:57:43] ↑ STATE  LOW → ELEVATED  0.2000 µSv/h
07:57:44			[07:57:44] ↑ STATE  ELEVATED → LOW  0.1700 µSv/h
07:57:45	1787471865002846200,1787471865005360400,1787471865977533700,1787471865990198300		[07:57:45] ↑ STATE  LOW → ELEVATED  0.2000 µSv/h | [07:57:45] ↑ STATE  ELEVATED → LOW  0.1800 µSv/h | [07:57:45] ↑ STATE  LOW → ELEVATED  0.2000 µSv/h
07:57:46		SIG#306 [3,0,0,1,0,0,3,0,0,1,0,0,3,0,0,1,0,1,3,0,0,1,0,1,0,0,0,1,0,1,0,0,0,1,0,1,0,0,0,1,0,1] pk=3	
07:57:47	1787471867467458600,1787471867480470000		[07:57:47] ↑ STATE  ELEVATED → LOW  0.1900 µSv/h | [07:57:47] ↑ STATE  LOW → ELEVATED  0.2000 µSv/h
07:57:48	1787471868461135400,1787471868470311700,1787471868481965600		[07:57:48] ↑ STATE  ELEVATED → LOW  0.1900 µSv/h | [07:57:48] ↑ STATE  LOW → ELEVATED  0.2000 µSv/h
07:57:50	1787471870738008800,1787471870742281200		[07:57:50] ⚠⚠⚠ POWER LEVEL LOCK  dr=0.2000 µSv/h  hits=137  avg_interval=5.8s (0.10min)  CV=8.938 |   Source returns to identical power level 137x  Natural decay cannot reproduce fixed amplitude  Controlled RF source confirmed | [07:57:50] ⚠ EMF FINGERPRINT  score=4/7  n=4pk/4fl |   χ²/μ=0.002  m=1.114  SWR=0.13  CV_R=0.096  PSCI=0.057  CV_Re=0.064
07:57:51	1787471871945019400,1787471871947890700		
07:57:53	1787471873140615000,1787471873142131500,1787471873145250300		
07:57:54	1787471874336660000,1787471874337785900,1787471874340903000		[07:57:54] ⚡ OOK BURST PATTERN  CPS=1  burst=1.3s  gap=1.7s  duty=0.44  cycles=3 |   f=0.333Hz (SLF)  T=3.0s  CV_run=0.354  CV_gap=0.283  RF≈1.3W@0.5m |   ON/OFF KEYING SIGNATURE  identical CPS=1 repeated 3x  structured pulsed source confirmed
07:57:55	1787471875540052000,1787471875541434400,1787471875556835300		[07:57:55] ↑ STATE  ELEVATED → LOW  0.1900 µSv/h
07:57:56	1787471876975908600		[07:57:56] ⚡ CPS CLUSTER  19cts/10s  n=19  CV_IAT=1.321 |   RF est P=C·d²/K  @0.5m: 4.8-475.0W  (mid=23.8W)  CPS/s=1.9 | [07:57:56] ↑ STATE  LOW → ELEVATED  0.2100 µSv/h
07:57:57	1787471877004441600,1787471877987177000	SIG#312 [1,1,0,0,1,0,1,1,0,0,1,0,1,1,0,0,1,0,0,1,0,0,1] pk=1	[07:57:57] ↑ STATE  ELEVATED → LOW  0.1900 µSv/h | [07:57:57] ↑ STATE  LOW → ELEVATED  0.2000 µSv/h | [07:57:57] ↑ STATE  ELEVATED → LOW  0.1900 µSv/h
07:57:58			
07:57:59	1787471879482009900		[07:57:59] ↑ STATE  LOW → ELEVATED  0.2000 µSv/h | [07:57:59] ↑ STATE  ELEVATED → LOW  0.1900 µSv/h
07:58:00	1787471880473399600		[07:58:00] ↑ STATE  LOW → ELEVATED  0.2000 µSv/h | [07:58:00] ↑ STATE  ELEVATED → LOW  0.1900 µSv/h
07:58:02	1787471882762402300		[07:58:02] ↑ STATE  LOW → ELEVATED  0.2000 µSv/h | [07:58:02] ↑ STATE  ELEVATED → LOW  0.1900 µSv/h
07:58:03	1787471883943576600,1787471883958826000		
07:58:05	1787471885156991200,1787471885158404000		
07:58:06	1787471886356546300,1787471886357699000,1787471886360658200		
07:58:07	1787471887553030000,1787471887554685000,1787471887566768400		
07:58:08	1787471888999375400		
07:58:09	1787471889001509600,1787471889003819000,1787471889985033500		
07:58:10	1787471890001504000,1787471890013223700		
07:58:11	1787471891474462200,1787471891478376200,1787471891508956700		
07:58:12	1787471892482302500,1787471892497821400		[07:58:12] ⚡ CPS CLUSTER  32cts/10s  n=20  CV_IAT=1.301 |   RF est P=C·d²/K  @0.5m: 8.0-800.0W  (mid=40.0W)  CPS/s=3.2
07:58:14	1787471894731113700,1787471894740999400		
07:58:15	1787471895939004400	SIG#319 [2,1,0,2,0,0,2,1,0,2,0,0,2,1,0,2,0,0,2,1,0,2,0,0,0,1,0,2,0,0,0,1,0,2,0,0,0,1,0,2,0,0,0,1] pk=2	
07:58:17	1787471897137352400		
07:58:18	1787471898330351600		
07:58:19	1787471899543641600		
07:58:20			
07:58:21			
07:58:22			
07:58:24	1787471904495610400		
07:58:25	1787471905509979100		
07:58:27	1787471907742438400		[07:58:27] ⚠ EMF FINGERPRINT  score=4/7  n=2pk/3fl |   χ²/μ=0.001  m=1.279  SWR=0.18  CV_R=0.084  PSCI=0.034  CV_Re=0.110 | [07:58:27] ⚡ CPS CLUSTER  5cts/10s  n=5  CV_IAT=0.667 |   RF est P=C·d²/K  @0.5m: 1.3-125.0W  (mid=6.3W)  CPS/s=0.5 | [07:58:27] ↓ STATE  LOW → FLAT  0.0800 µSv/h | [07:58:27] 🔄 FLOOR RECURRENCE  dr=0.0800 µSv/h  prior=07:54:49  interval=218.3s  (3.64min)
07:58:28	1787471908953044500		[07:58:28] ↑ STATE  FLAT → LOW  0.1300 µSv/h | [07:58:28] ↓ STATE  LOW → FLAT  0.0800 µSv/h
07:58:30	1787471910141457400,1787471910156440600		[07:58:30] ↑ STATE  FLAT → LOW  0.1300 µSv/h | [07:58:30] ↓ STATE  LOW → FLAT  0.0800 µSv/h
07:58:31	1787471911333079000,1787471911338653200		[07:58:31] ↑ STATE  FLAT → LOW  0.1100 µSv/h | [07:58:31] ↓ STATE  LOW → FLAT  0.0800 µSv/h
07:58:32	1787471912550980000,1787471912610666000,1787471912626316300		[07:58:32] ↑ STATE  FLAT → LOW  0.1100 µSv/h | [07:58:32] ↓ STATE  LOW → FLAT  0.0800 µSv/h
07:58:33	1787471913991643400,1787471913995798000		[07:58:33] ↑ STATE  FLAT → LOW  0.1000 µSv/h | [07:58:33] ↓ STATE  LOW → FLAT  0.0800 µSv/h
07:58:34	1787471914992373500,1787471914996188400		
07:58:35			
07:58:36	1787471916488660200,1787471916492790300		
07:58:37	1787471917482624300,1787471917492490000	SIG#328 [1,0,0,0,1,0,1,0,0,0,1,0,1,0,0,0,1,0,1,0,0,0,1,0,1,0,0,0,1,0,1,0,0,0,1,0,1,0,0,0,1,0,1] pk=1	[Min 014  07:57:37]  CPM=00110  ✓ COMPLETE
07:58:39	1787471919745824300		[07:58:39] ⚡ OOK BURST PATTERN  CPS=1  burst=1.0s  gap=1.0s  duty=0.50  cycles=3 |   f=0.500Hz (SLF)  T=2.0s  CV_run=0.000  CV_gap=0.000  RF≈1.3W@0.5m |   ON/OFF KEYING SIGNATURE  identical CPS=1 repeated 3x  structured pulsed source confirmed
07:58:40	1787471920947646500		
07:58:42			
07:58:43			[07:58:43] ⚡ CPS CLUSTER  10cts/10s  n=10  CV_IAT=0.997 |   RF est P=C·d²/K  @0.5m: 2.5-250.0W  (mid=12.5W)  CPS/s=1.0
07:58:44	1787471924559268000		
07:58:45			
07:58:46	1787471926000712400,1787471926002151200		[07:58:46] ↑ STATE  FLAT → LOW  0.1000 µSv/h | [07:58:46] ↓ STATE  LOW → FLAT  0.0700 µSv/h
07:58:47	1787471927003032300,1787471927003982000		[07:58:47] ↑ STATE  FLAT → LOW  0.1000 µSv/h
07:58:48	1787471928494940700,1787471928497000200		[07:58:48] ↓ STATE  LOW → FLAT  0.0800 µSv/h | [07:58:48] ↑ STATE  FLAT → LOW  0.1000 µSv/h
07:58:49	1787471929503349000,1787471929506562800		[07:58:49] ↓ STATE  LOW → FLAT  0.0800 µSv/h | [07:58:49] ↑ STATE  FLAT → LOW  0.1000 µSv/h
07:58:51	1787471931741048800,1787471931742110500,1787471931751765500		[07:58:51] ↓ STATE  LOW → FLAT  0.0900 µSv/h | [07:58:51] ↑ STATE  FLAT → LOW  0.1000 µSv/h | [07:58:51] ⚠⚠⚠ POWER LEVEL LOCK  dr=0.1000 µSv/h  hits=211  avg_interval=4.0s (0.07min)  CV=3.972 |   Source returns to identical power level 211x  Natural decay cannot reproduce fixed amplitude  Controlled RF source confirmed
07:58:52	1787471932947842800,1787471932951043300,1787471932960469200		[07:58:52] ↓ STATE  LOW → FLAT  0.0900 µSv/h | [07:58:52] ↑ STATE  FLAT → LOW  0.1000 µSv/h
07:58:54	1787471934150687500,1787471934160143000		
07:58:55	1787471935344134000,1787471935354573000	SIG#336 [1,1,0,0,0,1,1,1,0,0,0,1,0,1,0,0,0,1] pk=1	
07:58:56	1787471936562240800,1787471936570477600		
07:58:57			[07:58:57] ⚠⚠ EMF FINGERPRINT  score=5/7  n=2pk/3fl |   χ²/μ=0.001  m=1.313  SWR=0.20  CV_R=0.103  PSCI=0.048  CV_Re=0.102
07:58:58	1787471938000299300,1787471938005720600,1787471938996575000		[07:58:58] ⚡ CPS CLUSTER  17cts/10s  n=17  CV_IAT=1.199 |   RF est P=C·d²/K  @0.5m: 4.3-425.0W  (mid=21.3W)  CPS/s=1.7
07:58:59	1787471939004610600		
07:59:00	1787471940506040000	SIG#337 [1,0,0,1,0,0,1,0,0,1,0,0,1,0,0,1,0,0,1,0,0,1] pk=1	
07:59:01	1787471941488287500		
07:59:02	1787471942988879000		
07:59:03			
07:59:04			
07:59:05			
07:59:06	1787471946505805800		
07:59:07	1787471947506764300		
07:59:09	1787471949769124900		
07:59:10	1787471950949015300		
07:59:12	1787471952153664800,1787471952161160000		
07:59:13	1787471953366761700,1787471953378426600,1787471953379151000		
07:59:14	1787471954563447800,1787471954567911000,1787471954568611800,1787471954574212400		[07:59:14] ⚡ CPS CLUSTER  10cts/10s  n=10  CV_IAT=0.799 |   RF est P=C·d²/K  @0.5m: 2.5-250.0W  (mid=12.5W)  CPS/s=1.0
07:59:15	1787471955996397300,1787471955997193700,1787471955998943500		
07:59:16			
07:59:17	1787471957009055200,1787471957009633500,1787471957025529000		
07:59:18	1787471958501311500,1787471958502361300,1787471958504724500,1787471958507650300		
07:59:19	1787471959488581600,1787471959495303700,1787471959500377300,1787471959527093200		[07:59:19] 小刀 PAINTBRUSH BURST  4 consecutive ticks  total=4cts  avg=1.0CPS  RF~1.3W@0.5m  bars merge = dense burst
07:59:21	1787471961750516500,1787471961752471800,1787471961756504800		
07:59:22	1787471962948442600,1787471962956261400,1787471962964882200		
07:59:24	1787471964152454100,1787471964160169200		
07:59:25	1787471965360427000,1787471965366350800		[07:59:25] ⚡ OOK BURST PATTERN  CPS=1  burst=1.0s  gap=1.0s  duty=0.50  cycles=3 |   f=0.500Hz (SLF)  T=2.0s  CV_run=0.000  CV_gap=0.000  RF≈1.3W@0.5m |   ON/OFF KEYING SIGNATURE  identical CPS=1 repeated 3x  structured pulsed source confirmed
07:59:26	1787471966564679700,1787471966571029500		
07:59:27		SIG#345 [1,0,0,0,1,0,1,0,0,0,1,1,1,0,0,0,1,1,1,0,0,0,1,1,1,0,0,0,1,1,1,0,0,0,1,1,1,0,0,1,1,1,1,0,0,1,0,1,1,0,0,1,0,0,1,0,0,1,0,0,1,0,0,1,0,0,1,0,0,1,0,0,1,0,0,1,0,0,1] pk=1	[07:59:27] ⚡ BEAT INTERFERENCE CONFIRMED |   y = A1·sin(2πf₁t) + A2·sin(2πf₂t) |   A1=0.2300µSv/h  A2=0.1600µSv/h  A2/A1=0.696  floor/peak=0.696 |   f_beat=|f₁-f₂|=0.16012Hz  T_beat=6.2s  band=SLF |   RF P≈C·d²/K: carrier1≈0.07W  carrier2≈0.03W  @d=0.5m (K=0.2) |   TWO-SOURCE INTERFERENCE  dominant=0.2300µSv/h  secondary=0.1600µSv/h  freq-sep≈0.16012Hz  CV_env=0.084 | [07:59:27] ⚠⚠⚠ EMF FINGERPRINT  score=6/7  n=6pk/3fl |   χ²/μ=0.003  m=1.227  SWR=0.25  CV_R=0.147  PSCI=0.127  CV_Re=0.074
07:59:28	1787471968000760800,1787471968011240400		
07:59:29	1787471969002660400,1787471969010215400		
07:59:30	1787471970493616600,1787471970502542000		[07:59:30] ⚡ CPS CLUSTER  17cts/10s  n=17  CV_IAT=1.135 |   RF est P=C·d²/K  @0.5m: 4.3-425.0W  (mid=21.3W)  CPS/s=1.7
07:59:31	1787471971504170500	SIG#346 [1,0,0,0,1,0,1,0,0,0,1,0,1,0,0,0,1] pk=1	
07:59:33	1787471973766433800		
07:59:34	1787471974966109700		
07:59:36	1787471976153131000		
07:59:37			[Min 015  07:58:37]  CPM=00080  ✓ COMPLETE
07:59:38			
07:59:39			
07:59:40			
07:59:41			
07:59:42			
07:59:43			
07:59:44			
07:59:45			[07:59:45] ↓ STATE  LOW → FLAT  0.0900 µSv/h | [07:59:45] 🔄 FLOOR RECURRENCE  dr=0.0900 µSv/h  prior=07:58:52  interval=52.1s  (0.87min) | [07:59:45] ↑ STATE  FLAT → LOW  0.1700 µSv/h
07:59:46	1787471986012269000		[07:59:46] ↓ STATE  LOW → FLAT  0.0900 µSv/h | [07:59:46] ↑ STATE  FLAT → LOW  0.1300 µSv/h
07:59:47	1787471987002893600		[07:59:47] ↓ STATE  LOW → FLAT  0.0900 µSv/h
07:59:48	1787471988502180400		[07:59:48] ↑ STATE  FLAT → LOW  0.1300 µSv/h | [07:59:48] ↓ STATE  LOW → FLAT  0.0900 µSv/h
07:59:49	1787471989506737400		[07:59:49] ↑ STATE  FLAT → LOW  0.1100 µSv/h | [07:59:49] ↓ STATE  LOW → FLAT  0.0900 µSv/h
07:59:50			[07:59:50] ↑ STATE  FLAT → LOW  0.1000 µSv/h
07:59:51	1787471991028024600		[07:59:51] ↓ STATE  LOW → FLAT  0.0900 µSv/h | [07:59:51] ⚡ STRUCTURED CLUSTER  5cts/10s  n=5  CV_IAT=0.205  non-Poisson |   RF est P=C·d²/K  @0.5m: 1.3-125.0W  (mid=6.3W)  CPS/s=0.5
07:59:52	1787471992016331800,1787471992041876200		
07:59:53	1787471993013019000,1787471993058555400,1787471993059424800		
07:59:54	1787471994521434000,1787471994522784500		
07:59:55	1787471995503001600,1787471995504424200		
07:59:57	1787471997003885300,1787471997005773000		
07:59:58	1787471998021507000,1787471998023307800		[07:59:58] ⚠⚠⚠ EMF FINGERPRINT  score=6/7  n=5pk/7fl |   χ²/μ=0.002  m=1.587  SWR=0.44  CV_R=0.171  PSCI=0.169  CV_Re=0.113
07:59:59	1787471999006952400,1787471999009427000		
08:00:00	1787472000497387800,1787472000573636400		[08:00:00] ↑ STATE  FLAT → LOW  0.1000 µSv/h | [08:00:00] ⚠⚠⚠ POWER LEVEL LOCK  dr=0.1000 µSv/h  hits=281  avg_interval=3.2s (0.05min)  CV=4.279 |   Source returns to identical power level 281x  Natural decay cannot reproduce fixed amplitude  Controlled RF source confirmed
08:00:01	1787472001571997700		[08:00:01] ↓ STATE  LOW → FLAT  0.0700 µSv/h | [08:00:01] ↑ STATE  FLAT → LOW  0.1000 µSv/h
08:00:03	1787472003775576800		[08:00:03] ↓ STATE  LOW → FLAT  0.0700 µSv/h | [08:00:03] ↑ STATE  FLAT → LOW  0.1000 µSv/h
08:00:04	1787472004972402700,1787472004977567000		[08:00:04] ↓ STATE  LOW → FLAT  0.0700 µSv/h | [08:00:04] ↑ STATE  FLAT → LOW  0.1000 µSv/h
08:00:06	1787472006174411500,1787472006181287400		[08:00:06] ⚡ CPS CLUSTER  16cts/10s  n=12  CV_IAT=0.995 |   RF est P=C·d²/K  @0.5m: 4.0-400.0W  (mid=20.0W)  CPS/s=1.6 | [08:00:06] ↓ STATE  LOW → FLAT  0.0800 µSv/h | [08:00:06] ↑ STATE  FLAT → LOW  0.1000 µSv/h
08:00:07	1787472007369796000,1787472007373965800		[08:00:07] ↓ STATE  LOW → FLAT  0.0900 µSv/h | [08:00:07] ↑ STATE  FLAT → LOW  0.1000 µSv/h
08:00:08	1787472008575047000,1787472008580907000		
08:00:10	1787472010027296000	SIG#368 [1,0,0,2,0,0,1,0,0,2,0,0,1,0,0,2,0,0,1,0,0,2] pk=2	
08:00:11	1787472011028465200		[08:00:11] ⚡ OOK BURST PATTERN  CPS=1  burst=1.0s  gap=2.0s  duty=0.33  cycles=3 |   f=0.333Hz (SLF)  T=3.0s  CV_run=0.000  CV_gap=0.000  RF≈1.3W@0.5m |   ON/OFF KEYING SIGNATURE  identical CPS=1 repeated 3x  structured pulsed source confirmed
08:00:12	1787472012499005400		
08:00:13			
08:00:15	1787472015798844000		
08:00:16	1787472016969975300,1787472016972109300		
08:00:18	1787472018171125500,1787472018173997600,1787472018175456800		[08:00:18] ⚠ BURST PAIR  pairs=20  interval=37.9s  CV=2.296  spacings=[288.6,1.5,1.0,2.3,1.2,1.2,228.9,1.0,0.0,1.5,0.0,0.9,0.0,1.5,0.0,1.0,0.0,1.0,189.2]  span=720.9s |   f=0.026Hz  T=37.9s  pair_width=2s  CPS≥2  structured burst-pair source
08:00:19	1787472019394286800,1787472019395498500,1787472019396401200		
08:00:20	1787472020581625900,1787472020582990600,1787472020584264400		
08:00:22	1787472022017528300,1787472022021114000,1787472022022474200		[08:00:22] ⚡ CPS CLUSTER  21cts/10s  n=13  CV_IAT=1.430 |   RF est P=C·d²/K  @0.5m: 5.3-525.0W  (mid=26.3W)  CPS/s=2.1
08:00:23	1787472023018966300,1787472023034588700,1787472023035778800,1787472023039193000		
08:00:24	1787472024021579500,1787472024023900200,1787472024026951000		
08:00:25	1787472025506361900,1787472025512203800		
08:00:26	1787472026520813300,1787472026523726800	SIG#374 [1,2,2,0,0,0,1,2,2,0,0,0,1,2,2,0,0,0,1,2,2,0,0,0,1,2,2,0,0,0,1,2,2,0,0,0,1,0,2,0,0,0,1] pk=2	
08:00:28	1787472028013345000,1787472028026414800,1787472028027244300		[08:00:28] ⚡ BEAT INTERFERENCE CONFIRMED |   y = A1·sin(2πf₁t) + A2·sin(2πf₂t) |   A1=0.2000µSv/h  A2=0.1400µSv/h  A2/A1=0.700  floor/peak=0.700 |   f_beat=|f₁-f₂|=0.13080Hz  T_beat=7.6s  band=SLF |   RF P≈C·d²/K: carrier1≈0.05W  carrier2≈0.02W  @d=0.5m (K=0.2) |   TWO-SOURCE INTERFERENCE  dominant=0.2000µSv/h  secondary=0.1400µSv/h  freq-sep≈0.13080Hz  CV_env=0.099
08:00:29	1787472029018995700,1787472029027467800,1787472029028186400		
08:00:30	1787472030015854300,1787472030025954300,1787472030026577200		
08:00:31	1787472031525809400,1787472031526311000	SIG#375 [1,0,0,1,0,0,1,0,0,1,1,0,1,0,0,1,1,0,1,0,0,1,1] pk=1	[08:00:31] ⚠ EMF FINGERPRINT  score=4/7  n=4pk/2fl |   χ²/μ=0.001  m=1.115  SWR=0.15  CV_R=0.100  PSCI=0.077  CV_Re=0.077
08:00:32	1787472032535221000,1787472032535933000		
08:00:34	1787472034778320600,1787472034795067400		
08:00:35	1787472035964419300		
08:00:37			[08:00:37] ⚡ CPS CLUSTER  16cts/10s  n=16  CV_IAT=1.326 |   RF est P=C·d²/K  @0.5m: 4.0-400.0W  (mid=20.0W)  CPS/s=1.6
08:00:38	1787472038449951500		[Min 016  07:59:37]  CPM=00105  ✓ COMPLETE
08:00:39	1787472039593025800		
08:00:41	1787472041030664200		
08:00:42	1787472042013372700		
08:00:43	1787472043030343700		
08:00:44	1787472044523136000		
08:00:45	1787472045512101000		
08:00:47	1787472047808325000		
08:00:48			
08:00:49	1787472049056536800,1787472049073254100		
08:00:50	1787472050191775500,1787472050193499100,1787472050195339500		
08:00:51	1787472051441422000,1787472051452159200,1787472051473971500		
08:00:52	1787472052593237000,1787472052595439000,1787472052596512500		[08:00:52] ⚡ CPS CLUSTER  12cts/10s  n=12  CV_IAT=0.991 |   RF est P=C·d²/K  @0.5m: 3.0-300.0W  (mid=15.0W)  CPS/s=1.2
08:00:54	1787472054025096400,1787472054027778000,1787472054028764700		
08:00:55	1787472055030735400,1787472055031460900,1787472055034291500,1787472055040165000		
08:00:56	1787472056515764700,1787472056516686800,1787472056524255500		[08:00:56] ⚡ OOK BURST PATTERN  CPS=2  burst=1.8s  gap=3.0s  duty=0.38  cycles=5 |   f=0.208Hz (SLF)  T=4.8s  CV_run=0.222  CV_gap=0.000  RF≈2.5W@0.5m |   ON/OFF KEYING SIGNATURE  identical CPS=2 repeated 5x  structured pulsed source confirmed
08:00:57	1787472057521142300,1787472057546416000		
08:00:59	1787472059803745300,1787472059825825800	SIG#389 [1,1,1,0,0,0,1,1,1,0,0,0,1,1,1,0,0,0,1,1,1,0,0,0,1,1,1,0,0,0,1,1,1,0,0,0,1,0,1,0,0,0,1] pk=1	
08:01:00			[08:01:00] ⚠⚠⚠ POWER LEVEL LOCK  dr=0.1200 µSv/h  hits=569  avg_interval=1.7s (0.03min)  CV=4.553 |   Source returns to identical power level 569x  Natural decay cannot reproduce fixed amplitude  Controlled RF source confirmed
08:01:01	1787472061027548400,1787472061112500000		
08:01:02	1787472062194835200,1787472062199964400		
08:01:03	1787472063383556400,1787472063406941400		[08:01:03] ⚠ EQUAL BURST SPACING  n=4  CPS≥2  interval=1.2s  CV=0.069  spacings=[1.3,1.1,1.2]  span=3.6s |   ⚠⚠ HIGHLY PERIODIC  f=0.838Hz  T=1.2s  total_counts=4
08:01:04	1787472064602262300	SIG#390 [1,0,0,2,0,0,1,0,0,2,0,0,1,0,0,2,0,0,1,0,0,2] pk=2	
08:01:06	1787472066031660300,1787472066037959200		
08:01:07	1787472067032552700,1787472067068641300		
08:01:08	1787472068519440100,1787472068521476400		[08:01:08] ⚡ CPS CLUSTER  20cts/10s  n=13  CV_IAT=0.964 |   RF est P=C·d²/K  @0.5m: 5.0-500.0W  (mid=25.0W)  CPS/s=2.0
08:01:09	1787472069525648400,1787472069528416800		[08:01:09] ⚠ EMF FINGERPRINT  score=4/7  n=3pk/2fl |   χ²/μ=0.001  m=1.200  SWR=0.15  CV_R=0.069  PSCI=0.054  CV_Re=0.040
08:01:11	1787472071777958700,1787472071782752800		
08:01:12	1787472072977351000,1787472072980806700,1787472072987287800		
08:01:14	1787472074185580300,1787472074192695800,1787472074194889700,1787472074196305200		
08:01:15	1787472075374942200,1787472075377416700,1787472075378984700		
08:01:16	1787472076591069400,1787472076593415700,1787472076594418200		
08:01:18	1787472078025513200,1787472078026969000	SIG#395 [1,0,1,0,0,0,1,0,1,0,0,0,1,0,1,0,0,0,1,0,1,0,0,1,1,0,1,0,0,1,1,0,1,0,0,1,1,0,1,0,0,1,1] pk=1	
08:01:19	1787472079040807700,1787472079041858000,1787472079049967900		
08:01:20	1787472080522693600,1787472080523773700,1787472080528599300		
08:01:21	1787472081523650800,1787472081530464000		
08:01:23	1787472083791584800	SIG#397 [1,1,0,0,0,1,1,1,0,0,0,1,0,1,0,0,0,1] pk=1	[08:01:23] ⚡ CPS CLUSTER  20cts/10s  n=20  CV_IAT=1.484 |   RF est P=C·d²/K  @0.5m: 5.0-500.0W  (mid=25.0W)  CPS/s=2.0
08:01:24	1787472084995112700		
08:01:25			
08:01:26	1787472086181405200,1787472086197219600		
08:01:27	1787472087379727400,1787472087401288400,1787472087402447000		
08:01:28	1787472088600484600,1787472088602021000		
08:01:30	1787472090031558100,1787472090032675300		[08:01:30] ⚡ BEAT INTERFERENCE CONFIRMED |   y = A1·sin(2πf₁t) + A2·sin(2πf₂t) |   A1=0.1800µSv/h  A2=0.1400µSv/h  A2/A1=0.778  floor/peak=0.778 |   f_beat=|f₁-f₂|=0.35139Hz  T_beat=2.8s  band=SLF |   RF P≈C·d²/K: carrier1≈0.04W  carrier2≈0.02W  @d=0.5m (K=0.2) |   TWO-SOURCE INTERFERENCE  dominant=0.1800µSv/h  secondary=0.1400µSv/h  freq-sep≈0.35139Hz  CV_env=0.087
08:01:31	1787472091028609000,1787472091030007800		
08:01:32	1787472092522420500,1787472092524115700,1787472092531470000		
08:01:33	1787472093517964300,1787472093520003600,1787472093524819500		
08:01:35	1787472095025358000,1787472095029141800		
08:01:36	1787472096029893400	SIG#406 [1,1,0,0,0,1,1,1,0,0,0,1,0,1,0,0,0,1] pk=1	
08:01:37	1787472097041929200		
08:01:38	1787472098521917200		[Min 017  08:00:37]  CPM=00103  ✓ COMPLETE
08:01:39	1787472099525873000		[08:01:39] ⚡ CPS CLUSTER  16cts/10s  n=16  CV_IAT=0.970 |   RF est P=C·d²/K  @0.5m: 4.0-400.0W  (mid=20.0W)  CPS/s=1.6 | [08:01:39] ⚠ EMF FINGERPRINT  score=4/7  n=4pk/2fl |   χ²/μ=0.001  m=1.174  SWR=0.16  CV_R=0.101  PSCI=0.083  CV_Re=0.043
08:01:41			[08:01:41] ⚡ OOK BURST PATTERN  CPS=2  burst=1.5s  gap=5.5s  duty=0.21  cycles=4 |   f=0.143Hz (SLF)  T=7.0s  CV_run=0.577  CV_gap=0.905  RF≈2.5W@0.5m |   ON/OFF KEYING SIGNATURE  identical CPS=2 repeated 4x  structured pulsed source confirmed
08:01:42			
08:01:44			
08:01:45	1787472105393595400		
08:01:46	1787472106593877500,1787472106595178000		
08:01:48	1787472108026228200,1787472108027437600		
08:01:49	1787472109034633200,1787472109035946200		[08:01:49] ⚠ EQUAL BURST SPACING  n=4  CPS≥2  interval=1.2s  CV=0.143  spacings=[1.2,1.4,1.0]  span=3.6s |   ⚠ PERIODIC  f=0.824Hz  T=1.2s  total_counts=4
08:01:50	1787472110528895700,1787472110530932500		
08:01:51	1787472111525703200,1787472111526485000		
08:01:53	1787472113779465000,1787472113788964900,1787472113795537400		
08:01:54	1787472114975899400,1787472114985600500		[08:01:54] ⚡ CPS CLUSTER  22cts/10s  n=15  CV_IAT=1.079 |   RF est P=C·d²/K  @0.5m: 5.5-550.0W  (mid=27.5W)  CPS/s=2.2
08:01:56	1787472116197949000		
08:01:57	1787472117391991300		
08:01:58	1787472118596640000		
08:02:00	1787472120026790400		
08:02:01	1787472121038853400		[08:02:01] ⚠⚠⚠ POWER LEVEL LOCK  dr=0.1300 µSv/h  hits=642  avg_interval=1.6s (0.03min)  CV=4.238 |   Source returns to identical power level 642x  Natural decay cannot reproduce fixed amplitude  Controlled RF source confirmed
08:02:02	1787472122522539300		
08:02:03	1787472123536396800		
08:02:05	1787472125793833000		[08:02:05] ↓ STATE  LOW → FLAT  0.0900 µSv/h | [08:02:05] 🔄 FLOOR RECURRENCE  dr=0.0900 µSv/h  prior=08:00:07  interval=118.4s  (1.97min)
08:02:06	1787472126995990500		[08:02:06] ↑ STATE  FLAT → LOW  0.1200 µSv/h | [08:02:06] ↓ STATE  LOW → FLAT  0.0900 µSv/h
08:02:07			
08:02:08	1787472128189068500,1787472128195007500		[08:02:08] ↑ STATE  FLAT → LOW  0.1000 µSv/h | [08:02:08] ↓ STATE  LOW → FLAT  0.0900 µSv/h
08:02:09	1787472129396029200,1787472129402937300		[08:02:09] ↑ STATE  FLAT → LOW  0.1000 µSv/h | [08:02:09] ↓ STATE  LOW → FLAT  0.0900 µSv/h
08:02:10	1787472130596619800,1787472130603347700,1787472130605183000		[08:02:10] ⚡ CPS CLUSTER  10cts/10s  n=10  CV_IAT=0.621 |   RF est P=C·d²/K  @0.5m: 2.5-250.0W  (mid=12.5W)  CPS/s=1.0 | [08:02:10] ↑ STATE  FLAT → LOW  0.1000 µSv/h | [08:02:10] ⚠⚠ EMF FINGERPRINT  score=5/7  n=2pk/3fl |   χ²/μ=0.002  m=1.389  SWR=0.24  CV_R=0.138  PSCI=0.040  CV_Re=0.091 | [08:02:10] ↓ STATE  LOW → FLAT  0.0900 µSv/h
08:02:12	1787472132026305500,1787472132027998000		[08:02:12] ↑ STATE  FLAT → LOW  0.1000 µSv/h | [08:02:12] ↓ STATE  LOW → FLAT  0.0900 µSv/h
08:02:13	1787472133040581400,1787472133042961400		
08:02:14	1787472134527424500,1787472134529955000,1787472134532624000		[08:02:14] ↑ STATE  FLAT → LOW  0.1000 µSv/h
08:02:15	1787472135524304000,1787472135527203300,1787472135530042600		[08:02:15] ↓ STATE  LOW → FLAT  0.0800 µSv/h | [08:02:15] ↑ STATE  FLAT → LOW  0.1000 µSv/h
08:02:17	1787472137793316000,1787472137795815000,1787472137797709300		[08:02:17] ↓ STATE  LOW → FLAT  0.0800 µSv/h | [08:02:17] ↑ STATE  FLAT → LOW  0.1000 µSv/h
08:02:18	1787472138980354300		[08:02:18] ↓ STATE  LOW → FLAT  0.0800 µSv/h
08:02:19	1787472139013085200,1787472139025447000		[08:02:19] ↑ STATE  FLAT → LOW  0.1000 µSv/h
08:02:20	1787472140191710200,1787472140194530000		[08:02:20] ↓ STATE  LOW → FLAT  0.0900 µSv/h | [08:02:20] ↑ STATE  FLAT → LOW  0.1000 µSv/h
08:02:21	1787472141391864600,1787472141395554000		[08:02:21] ↓ STATE  LOW → FLAT  0.0900 µSv/h | [08:02:21] ↑ STATE  FLAT → LOW  0.1000 µSv/h
08:02:22	1787472142591314700,1787472142593568000	SIG#429 [1,0,0,0,1,0,1,0,0,0,1,0,1,0,0,0,1,0,1,0,0,0,1,0,1,0,0,0,1,0,1,0,0,0,1,0,1,0,0,1,1,0,1,0,0,1,0,0,1,0,0,1,0,1,1,0,0,1,0,1,0,0,0,1,0,1,0,0,0,1,0,1,0,0,0,1,0,1] pk=1	
08:02:24	1787472144031139300		
08:02:25	1787472145040472300		
08:02:26	1787472146542261800		[08:02:26] ⚡ CPS CLUSTER  14cts/10s  n=14  CV_IAT=1.075 |   RF est P=C·d²/K  @0.5m: 3.5-350.0W  (mid=17.5W)  CPS/s=1.4
08:02:27	1787472147537518600		[08:02:27] ⚡ OOK BURST PATTERN  CPS=1  burst=8.2s  gap=26.0s  duty=0.24  cycles=6 |   f=0.029Hz (ELF)  T=34.2s  CV_run=1.962  CV_gap=1.892  RF≈1.3W@0.5m |   ON/OFF KEYING SIGNATURE  identical CPS=1 repeated 6x  structured pulsed source confirmed
08:02:29	1787472149029264100,1787472149031947800		
08:02:30	1787472150030161200,1787472150031965400		
08:02:31	1787472151039162400,1787472151041551600		
08:02:32	1787472152522569700,1787472152525013000		
08:02:33	1787472153533453000,1787472153535755500	SIG#434 [2,0,1,0,0,0,2,0,1,0,0,0,2,0,1,0,0,0,2,0,1,0,0,0,2,0,1] pk=2	
08:02:35	1787472155793586700,1787472155797745700		
08:02:36	1787472156989576700,1787472156994961400		
08:02:38	1787472158198351600,1787472158201792300		[Min 018  08:01:37]  CPM=00088  ✓ COMPLETE
08:02:39	1787472159391563000,1787472159394108700		
08:02:40	1787472160605785000,1787472160611240200,1787472160612717800		
08:02:42	1787472162035029200,1787472162037003000,1787472162038587600,1787472162040311800		[08:02:42] ⚡ CPS CLUSTER  17cts/10s  n=15  CV_IAT=1.240 |   RF est P=C·d²/K  @0.5m: 4.3-425.0W  (mid=21.3W)  CPS/s=1.7
08:02:43	1787472163043187200,1787472163048638000,1787472163054495700,1787472163056482300,1787472163057248800		
08:02:44	1787472164530947600,1787472164532538400,1787472164533508000,1787472164534070000		
08:02:45	1787472165528281600,1787472165532585500,1787472165533624000,1787472165534109700,1787472165536595500		[08:02:45] ⚠⚠⚠ CPS UNIFORMITY LOCK  CPS=1 on 18/30s (60.0%)  zeros=12  highs=0  Poisson P<<0.001  CONTROLLED SOURCE CONFIRMED |   Natural Poisson: expected CPS=1 on ~9-13s  observed=18s  locked synthetic output indicated
08:02:47	1787472167793871600,1787472167794715000,1787472167795241500,1787472167797940700		
08:02:48	1787472168991541000,1787472168998781000,1787472168999367400		
08:02:49	1787472169003991000		
08:02:50	1787472170191222000,1787472170195527200,1787472170198701300		
08:02:51	1787472171395515600,1787472171398081300,1787472171401975000		
08:02:52	1787472172598402800,1787472172604400400		
08:02:53	1787472173796192800,1787472173810481700		
08:02:54		SIG#438 [1,0,1,0,0,0,1,0,1,0,0,0,1,0,1,0,1,0,1,0,1,0,1,1,1,0,1,0,1,1,1,0,1,0,1,1,1,0,1,0,1,1,1,0,1,0,1,1,1,0,1,0,1,1,1,0,1,0,0,1,1,0,1,0,0,0,1,0,1,0,0,0,1,0,1,0,0,0,1,0,1,0,0,0,1] pk=1	
08:02:55	1787472175000066300,1787472175003271400		
08:02:56	1787472176198093600,1787472176202112500,1787472176203297800		
08:02:57	1787472177394619100,1787472177397614800,1787472177398688000,1787472177399905800		[08:02:57] ⚡ CPS CLUSTER  23cts/10s  n=23  CV_IAT=1.449 |   RF est P=C·d²/K  @0.5m: 5.8-575.0W  (mid=28.8W)  CPS/s=2.3
08:02:58	1787472178595200300,1787472178607920000,1787472178614612500,1787472178626688000		[08:02:58] 小刀 PAINTBRUSH BURST  4 consecutive ticks  total=4cts  avg=1.0CPS  RF~1.3W@0.5m  bars merge = dense burst
08:03:00	1787472180029934600,1787472180030834000,1787472180032599300		
08:03:01	1787472181043518200,1787472181044564500,1787472181047359500,1787472181055099100		[08:03:01] ⚡ BEAT INTERFERENCE CONFIRMED |   y = A1·sin(2πf₁t) + A2·sin(2πf₂t) |   A1=0.1700µSv/h  A2=0.1000µSv/h  A2/A1=0.588  floor/peak=0.588 |   f_beat=|f₁-f₂|=0.26947Hz  T_beat=3.7s  band=SLF |   RF P≈C·d²/K: carrier1≈0.04W  carrier2≈0.01W  @d=0.5m (K=0.2) |   TWO-SOURCE INTERFERENCE  dominant=0.1700µSv/h  secondary=0.1000µSv/h  freq-sep≈0.26947Hz  CV_env=0.149 | [08:03:01] ⚠⚠⚠ POWER LEVEL LOCK  dr=0.1400 µSv/h  hits=745  avg_interval=1.5s (0.02min)  CV=4.258 |   Source returns to identical power level 745x  Natural decay cannot reproduce fixed amplitude  Controlled RF source confirmed
08:03:02	1787472182039322600,1787472182040948200,1787472182042205400,1787472182046646300		
08:03:03	1787472183527449600,1787472183529666000,1787472183534251800		[08:03:03] ⚠ EMF FINGERPRINT  score=4/7  n=3pk/2fl |   χ²/μ=0.001  m=1.214  SWR=0.13  CV_R=0.070  PSCI=0.048  CV_Re=0.000
08:03:04	1787472184538504000,1787472184541967000		
08:03:06	1787472186799505000,1787472186802989300	SIG#439 [1,0,0,1,0,0,1,0,0,1,1,0,1,0,0,1,1,1,1,0,0,1,1,1,0,0,0,1,1,1,0,0,0,1,1,1,0,0,1,1,1,1,0,0,1,0,1,1,0,0,1,0,0,1,0,0,1] pk=1	[08:03:06] ↑ STATE  LOW → ELEVATED  0.2000 µSv/h | [08:03:06] 🔄 PEAK RECURRENCE  dr=0.2000 µSv/h  seen 81x in log
08:03:07	1787472187998952400		[08:03:07] ↑ STATE  ELEVATED → LOW  0.1700 µSv/h
08:03:08	1787472188003448300,1787472188004423200		[08:03:08] ↑ STATE  LOW → ELEVATED  0.2000 µSv/h
08:03:09	1787472189193940700,1787472189199176700,1787472189201429000,1787472189201963000		[08:03:09] ↑ STATE  ELEVATED → LOW  0.1800 µSv/h | [08:03:09] ↑ STATE  LOW → ELEVATED  0.2000 µSv/h
08:03:10	1787472190394081800,1787472190394758400,1787472190395320000		[08:03:10] ↑ STATE  ELEVATED → LOW  0.1800 µSv/h | [08:03:10] ⚠ EQUAL BURST SPACING  n=4  CPS≥2  interval=1.2s  CV=0.002  spacings=[1.2,1.2,1.2]  span=3.6s |   ⚠⚠ HIGHLY PERIODIC  f=0.835Hz  T=1.2s  total_counts=4 | [08:03:10] ↑ STATE  LOW → ELEVATED  0.2000 µSv/h
08:03:11	1787472191607867600,1787472191609220400,1787472191610091300		[08:03:11] ↑ STATE  ELEVATED → LOW  0.1900 µSv/h | [08:03:11] ↑ STATE  LOW → ELEVATED  0.2000 µSv/h
08:03:12	1787472192792828000,1787472192794180600,1787472192794802700		[08:03:12] ⚡ OOK BURST PATTERN  CPS=1  burst=17.0s  gap=22.6s  duty=0.43  cycles=5 |   f=0.025Hz (ELF)  T=39.6s  CV_run=1.794  CV_gap=1.735  RF≈1.3W@0.5m |   ON/OFF KEYING SIGNATURE  identical CPS=1 repeated 5x  structured pulsed source confirmed | [08:03:12] ⚡ CPS CLUSTER  25cts/10s  n=20  CV_IAT=1.563 |   RF est P=C·d²/K  @0.5m: 6.3-625.0W  (mid=31.3W)  CPS/s=2.5 | [08:03:12] ↑ STATE  ELEVATED → LOW  0.1900 µSv/h | [08:03:12] ↑ STATE  LOW → ELEVATED  0.2000 µSv/h
08:03:13	1787472193986930000,1787472193989896200,1787472193990598000	SIG#440 [1,0,0,0,2,0,1,0,0,0,2,1,1,0,0,0,2,1,1,0,0,0,2,1,1,0,0,0,2,1,1,0,0,0,2,1,1,0,0,0,2,1,1] pk=2	
08:03:15	1787472195185876500,1787472195188164600		
08:03:16	1787472196386297600		
08:03:17	1787472197603377200		
08:03:18	1787472198798881300,1787472198800578800		
08:03:19	1787472199997275000,1787472199998514200		[08:03:19] ↑ STATE  ELEVATED → LOW  0.1900 µSv/h
08:03:21	1787472201197430000,1787472201198781200		[08:03:21] ↑ STATE  LOW → ELEVATED  0.2200 µSv/h | [08:03:21] ↑ STATE  ELEVATED → LOW  0.1900 µSv/h
08:03:22	1787472202396278500,1787472202397040000		[08:03:22] ↑ STATE  LOW → ELEVATED  0.2200 µSv/h | [08:03:22] ↑ STATE  ELEVATED → LOW  0.1900 µSv/h
08:03:23	1787472203609758700,1787472203611560700		[08:03:23] ↑ STATE  LOW → ELEVATED  0.2200 µSv/h | [08:03:23] ↑ STATE  ELEVATED → LOW  0.1900 µSv/h
08:03:25	1787472205029709300,1787472205030916400,1787472205036690400		[08:03:25] ↑ STATE  LOW → ELEVATED  0.2100 µSv/h | [08:03:25] ↑ STATE  ELEVATED → LOW  0.1900 µSv/h
08:03:26	1787472206041369000,1787472206051968000,1787472206054852000		[08:03:26] ↑ STATE  LOW → ELEVATED  0.2000 µSv/h | [08:03:26] ↑ STATE  ELEVATED → LOW  0.1900 µSv/h
08:03:27	1787472207539887000,1787472207542061300,1787472207542775800		
08:03:28	1787472208532630300,1787472208533465600,1787472208534071300		[08:03:28] ⚡ CPS CLUSTER  19cts/10s  n=19  CV_IAT=1.261 |   RF est P=C·d²/K  @0.5m: 4.8-475.0W  (mid=23.8W)  CPS/s=1.9
08:03:30	1787472210042564600,1787472210045421800,1787472210046678800		
08:03:31	1787472211047643000,1787472211051912000,1787472211052820700,1787472211061645300		
08:03:32	1787472212034318800,1787472212035709200,1787472212036294000,1787472212043214000,1787472212047454700		[08:03:32] 小刀 PAINTBRUSH BURST  4 consecutive ticks  total=4cts  avg=1.0CPS  RF~1.3W@0.5m  bars merge = dense burst
08:03:33	1787472213531631000,1787472213533726200,1787472213538413300,1787472213540237600		[08:03:33] ⚠⚠⚠ EMF FINGERPRINT  score=6/7  n=7pk/6fl |   χ²/μ=0.005  m=1.373  SWR=0.35  CV_R=0.188  PSCI=0.105  CV_Re=0.153 | [08:03:33] ⚠⚠⚠ CPS UNIFORMITY LOCK  CPS=1 on 18/30s (60.0%)  zeros=12  highs=0  Poisson P<<0.001  CONTROLLED SOURCE CONFIRMED |   Natural Poisson: expected CPS=1 on ~9-13s  observed=18s  locked synthetic output indicated
08:03:34	1787472214528760300,1787472214536030200,1787472214538808300		
08:03:36	1787472216043593200,1787472216044616400	SIG#452 [1,1,1,0,0,0,1,1,1,0,0,0,1,1,1,0,0,0,1,1,1,0,0,1,1,1,1,0,0,1,1,1,1,0,0,1,1,0,1,0,0,1,1] pk=1	
08:03:37	1787472217040613600,1787472217041685000		
08:03:38	1787472218050135000,1787472218068443100,1787472218072520000		[Min 019  08:02:37]  CPM=00150  ✓ COMPLETE
08:03:39	1787472219541251600,1787472219554709000		
08:03:40	1787472220546841300		
08:03:42	1787472222792693800,1787472222795052300		
08:03:43	1787472223990357800,1787472223994699000		[08:03:43] ⚡ CPS CLUSTER  15cts/10s  n=15  CV_IAT=1.246 |   RF est P=C·d²/K  @0.5m: 3.8-375.0W  (mid=18.8W)  CPS/s=1.5
08:03:45	1787472225205399300,1787472225209024000		
08:03:46	1787472226402363100,1787472226409691100		
08:03:47	1787472227604155000,1787472227608882200	SIG#459 [1,0,0,1,0,0,1,0,0,1,0,0,1,0,0,1,0,0,1,0,0,1] pk=1	
08:03:48	1787472228803468500,1787472228821277700,1787472228823493400		
08:03:50	1787472230003169800,1787472230007161000,1787472230008068600		
08:03:51	1787472231196892200,1787472231198818800,1787472231201929200	SIG#460 [1,0,0,0,1,0,1,0,0,0,1,1,1,0,0,0,1,1] pk=1	
08:03:52	1787472232409937000,1787472232410972400,1787472232413428700,1787472232414059000		
08:03:53	1787472233609089500,1787472233610921500,1787472233613235000,1787472233613974000,1787472233617476000		
08:03:54	1787472234805183000,1787472234806188300,1787472234807740000,1787472234808355300,1787472234809590500		[08:03:54] 🔒 CPS LOCK  CPS=1 x4+ consecutive  P(Poisson)<<0.001  RF≈1.3W@0.5m | [08:03:54] 小刀 PAINTBRUSH BURST  5 consecutive ticks  total=5cts  avg=1.0CPS  RF~1.3W@0.5m  bars merge = dense burst | [08:03:54] 🔒 CPS LOCK END  was CPS=1 x4  now CPS=0 | [08:03:54] ⚠⚠⚠ CONFIRMED ATTACK  CONSECUTIVE CPS CLUSTER  run=5s  total_counts=5  avg=1.00CPS/s  dr=0.1200  span=1.2s |   Poisson P(run≥5)<<0.001  NON-NATURAL SOURCE CONFIRMED  start=08:03:53
08:03:56	1787472236001544000,1787472236005422800,1787472236006114000,1787472236007683300		
08:03:57	1787472237203649500,1787472237204348400,1787472237205745200		
08:03:58	1787472238398122500,1787472238400877600,1787472238402445000	SIG#461 [1,1,0,1,0,0,1,1,0,1,1,0,1,1,0,1,1,1,1,1,0,1,1,1,0,1,0,1,1,1,0,0,0,1,1,1,0,0,0,1,1,1] pk=1	[08:03:58] ⚡ OOK BURST PATTERN  CPS=1  burst=1.8s  gap=3.0s  duty=0.38  cycles=6 |   f=0.207Hz (SLF)  T=4.8s  CV_run=0.203  CV_gap=0.000  RF≈1.3W@0.5m |   ON/OFF KEYING SIGNATURE  identical CPS=1 repeated 6x  structured pulsed source confirmed
08:03:59	1787472239614233300,1787472239617789200		[08:03:59] ⚡ CPS CLUSTER  31cts/10s  n=31  CV_IAT=1.649 |   RF est P=C·d²/K  @0.5m: 7.8-775.0W  (mid=38.8W)  CPS/s=3.1
08:04:01	1787472241047187200,1787472241056299500		[08:04:01] ⚡ BEAT INTERFERENCE CONFIRMED |   y = A1·sin(2πf₁t) + A2·sin(2πf₂t) |   A1=0.2200µSv/h  A2=0.1300µSv/h  A2/A1=0.591  floor/peak=0.591 |   f_beat=|f₁-f₂|=0.37508Hz  T_beat=2.7s  band=SLF |   RF P≈C·d²/K: carrier1≈0.06W  carrier2≈0.02W  @d=0.5m (K=0.2) |   TWO-SOURCE INTERFERENCE  dominant=0.2200µSv/h  secondary=0.1300µSv/h  freq-sep≈0.37508Hz  CV_env=0.193 | [08:04:01] ⚠⚠⚠ POWER LEVEL LOCK  dr=0.1300 µSv/h  hits=670  avg_interval=1.7s (0.03min)  CV=4.134 |   Source returns to identical power level 670x  Natural decay cannot reproduce fixed amplitude  Controlled RF source confirmed
08:04:02	1787472242063034000,1787472242063677400		
08:04:03	1787472243542232000,1787472243542852600,1787472243543395300		[08:04:03] ⚠⚠⚠ EMF FINGERPRINT  score=6/7  n=4pk/3fl |   χ²/μ=0.001  m=1.208  SWR=0.19  CV_R=0.104  PSCI=0.077  CV_Re=0.068
08:04:04	1787472244562777000,1787472244563430400,1787472244564332300		
08:04:06	1787472246062375200,1787472246063021800,1787472246063691500		
08:04:07	1787472247043105300,1787472247043843000,1787472247044519000,1787472247052149500		
08:04:08	1787472248061075700,1787472248068804600,1787472248069647400,1787472248130937300		
08:04:09	1787472249542104600,1787472249545864200,1787472249554413600		
08:04:10	1787472250547235000,1787472250555969800		
08:04:12	1787472252802083300,1787472252806206700	SIG#466 [1,1,1,0,0,0,1,1,1,0,0,0,1,1,1,0,0,0,1,1,1,0,0,1,1,1,1,0,0,1,0,1,1,0,0,1,0,0,1,0,0,1] pk=1	
08:04:14	1787472254020712400,1787472254037807900		
08:04:15	1787472255208695300,1787472255222695200		[08:04:15] ⚡ CPS CLUSTER  21cts/10s  n=21  CV_IAT=1.439 |   RF est P=C·d²/K  @0.5m: 5.3-525.0W  (mid=26.3W)  CPS/s=2.1
08:04:16	1787472256444946400	SIG#467 [1,0,0,0,1,0,1,0,0,0,1,0,1,0,0,0,1] pk=1	