08:09:04	1787472544116653600		[08:09:04] ↑ STATE  FLAT → ELEVATED  0.2400 µSv/h | [08:09:04] 🔄 PEAK RECURRENCE  dr=0.2600 µSv/h  seen 1x in log | [08:09:04] ⚠⚠⚠ POWER LEVEL LOCK  dr=0.2600 µSv/h  hits=3  avg_interval=0.0s (0.00min)  CV=0.289 |   Source returns to identical power level 3x  Natural decay cannot reproduce fixed amplitude  Controlled RF source confirmed | [08:09:04] ↑ STATE  ELEVATED → SPIKE  0.2700 µSv/h | [08:09:04] ↑ STATE  SPIKE → ELEVATED  0.2600 µSv/h
08:09:05	1787472545120165600		[08:09:05] ↑ STATE  ELEVATED → SPIKE  0.2700 µSv/h | [08:09:05] ↑ STATE  SPIKE → ELEVATED  0.2600 µSv/h
08:09:06	1787472546612827600		[08:09:06] ↑ STATE  ELEVATED → SPIKE  0.2700 µSv/h | [08:09:06] ↑ STATE  SPIKE → ELEVATED  0.2600 µSv/h
08:09:07	1787472547612454400		[08:09:07] ↑ STATE  ELEVATED → SPIKE  0.2700 µSv/h | [08:09:07] ↑ STATE  SPIKE → ELEVATED  0.2600 µSv/h
08:09:09	1787472549878111000		[08:09:09] ↑ STATE  ELEVATED → SPIKE  0.2700 µSv/h | [08:09:09] ↑ STATE  SPIKE → ELEVATED  0.2600 µSv/h | [08:09:09] ⚡ STRUCTURED CLUSTER  5cts/10s  n=5  CV_IAT=0.359  non-Poisson |   RF est P=C·d²/K  @0.5m: 1.3-125.0W  (mid=6.3W)  CPS/s=0.5
08:09:11	1787472551078161400,1787472551080168200		[08:09:11] ↑ STATE  ELEVATED → SPIKE  0.2700 µSv/h | [08:09:11] ↑ STATE  SPIKE → ELEVATED  0.2600 µSv/h | [08:09:11] ⚠ EMF FINGERPRINT  score=4/7  n=6pk/4fl |   χ²/μ=0.001  m=1.125  SWR=0.14  CV_R=0.056  PSCI=0.000  CV_Re=0.051
08:09:12	1787472552274376400,1787472552276149500		[08:09:12] ↑ STATE  ELEVATED → LOW  0.1900 µSv/h
08:09:13	1787472553490087700,1787472553491343000,1787472553501784000		[08:09:13] ↑ STATE  LOW → ELEVATED  0.2600 µSv/h | [08:09:13] ↑ STATE  ELEVATED → LOW  0.1900 µSv/h
08:09:14	1787472554670965500,1787472554671679700,1787472554673315800		[08:09:14] ↑ STATE  LOW → ELEVATED  0.2500 µSv/h | [08:09:14] ⚡ BEAT INTERFERENCE CONFIRMED |   y = A1·sin(2πf₁t) + A2·sin(2πf₂t) |   A1=0.2700µSv/h  A2=0.2500µSv/h  A2/A1=0.926  floor/peak=0.926 |   f_beat=|f₁-f₂|=0.73268Hz  T_beat=1.4s  band=SLF |   RF P≈C·d²/K: carrier1≈0.09W  carrier2≈0.08W  @d=0.5m (K=0.2) |   TWO-SOURCE INTERFERENCE  dominant=0.2700µSv/h  secondary=0.2500µSv/h  freq-sep≈0.73268Hz  CV_env=0.027 | [08:09:14] ↑ STATE  ELEVATED → LOW  0.1900 µSv/h
08:09:16	1787472556117713200,1787472556121117200,1787472556126937900		[08:09:16] ↑ STATE  LOW → ELEVATED  0.2400 µSv/h | [08:09:16] ↑ STATE  ELEVATED → LOW  0.1900 µSv/h
08:09:17	1787472557123926300,1787472557126659300,1787472557129715000		[08:09:17] ↑ STATE  LOW → ELEVATED  0.2200 µSv/h | [08:09:17] ↑ STATE  ELEVATED → LOW  0.1900 µSv/h
08:09:18	1787472558613419500,1787472558616266800	SIG#8 [1,1,0,1,0,0,1,1,0,1,0,0,1,1,0,1,0,0,1,1,0,1,0,0,0,1,0,1] pk=1	[08:09:18] ↑ STATE  LOW → ELEVATED  0.2000 µSv/h | [08:09:18] ↑ STATE  ELEVATED → LOW  0.1900 µSv/h
08:09:19	1787472559610241300,1787472559617719600		
08:09:21	1787472561107482000,1787472561112981500,1787472561123907800		
08:09:22	1787472562120958500,1787472562127590000		
08:09:23	1787472563123370500,1787472563124362800		
08:09:24	1787472564618633500,1787472564620741000,1787472564623313400		
08:09:25	1787472565612328000,1787472565613633500,1787472565622779400		[08:09:25] ⚡ CPS CLUSTER  20cts/10s  n=20  CV_IAT=1.338 |   RF est P=C·d²/K  @0.5m: 5.0-500.0W  (mid=25.0W)  CPS/s=2.0
08:09:27	1787472567868777700,1787472567869970000,1787472567875764200		
08:09:29	1787472569065283800,1787472569067674600		
08:09:30	1787472570283201500	SIG#14 [1,1,0,0,1,0,1,1,0,0,1,0,1,1,0,0,1,0,0,1,0,0,1] pk=1	
08:09:31	1787472571476852000,1787472571482766000		
08:09:32	1787472572673103400,1787472572677394700		
08:09:34	1787472574124131600		
08:09:35	1787472575121611000,1787472575124269300		
08:09:36	1787472576613010400,1787472576619461600		
08:09:37	1787472577620133000,1787472577630157000		
08:09:39	1787472579867641300,1787472579874824000		
08:09:41	1787472581076630300,1787472581092393500	SIG#20 [1,0,0,1,0,0,1,0,0,1,0,0,1,0,0,1,0,0,1,0,0,1] pk=1	[08:09:41] ⚡ CPS CLUSTER  13cts/10s  n=13  CV_IAT=1.080 |   RF est P=C·d²/K  @0.5m: 3.3-325.0W  (mid=16.3W)  CPS/s=1.3
08:09:42	1787472582290859300,1787472582294593800,1787472582295784200		
08:09:43	1787472583482122800,1787472583493508900,1787472583494726100		[08:09:43] ⚡ OOK BURST PATTERN  CPS=1  burst=20.3s  gap=49.0s  duty=0.29  cycles=3 |   f=0.014Hz (ELF)  T=69.3s  CV_run=1.310  CV_gap=1.328  RF≈1.3W@0.5m |   ON/OFF KEYING SIGNATURE  identical CPS=1 repeated 3x  structured pulsed source confirmed
08:09:44	1787472584691074600,1787472584692414000	SIG#21 [1,0,0,0,2,0,1,0,0,0,2,1,1,0,0,0,2,1] pk=2	[08:09:44] ⚠ EMF FINGERPRINT  score=4/7  n=3pk/3fl |   χ²/μ=0.001  m=1.103  SWR=0.11  CV_R=0.076  PSCI=0.033  CV_Re=0.063 | [08:09:44] ⚠ EQUAL BURST SPACING  n=4  CPS≥2  interval=1.2s  CV=0.002  spacings=[1.2,1.2,1.2]  span=3.6s |   ⚠⚠ HIGHLY PERIODIC  f=0.834Hz  T=1.2s  total_counts=4
08:09:45	1787472585885002000,1787472585887399400		
08:09:47	1787472587070624000,1787472587071549000,1787472587077837600		
08:09:48	1787472588283695900,1787472588285221000,1787472588294686000		
08:09:49	1787472589483451100,1787472589490052600,1787472589493223000		
08:09:50	1787472590691055400,1787472590694110000		
08:09:52	1787472592130637600,1787472592132230400		
08:09:53	1787472593128172500,1787472593130059800		
08:09:54	1787472594614592500,1787472594623961000	SIG#24 [2,1,0,0,0,1,2,1,0,0,0,1,0,1,0,0,0,1,0,1,0,0,0,1,0,1,0,0,0,1,0,1,0,0,0,1,0,1,0,0,0,1,0,1] pk=2	
08:09:55	1787472595635726000		
08:09:57	1787472597876636200		[08:09:57] ⚡ CPS CLUSTER  17cts/10s  n=16  CV_IAT=1.143 |   RF est P=C·d²/K  @0.5m: 4.3-425.0W  (mid=21.3W)  CPS/s=1.7
08:09:59			
08:10:00			
08:10:01	1787472601501513200		
08:10:02	1787472602695956500,1787472602696929300		
08:10:04	1787472604137146000,1787472604139615700,1787472604141049000		[Min 001  08:09:04]  CPM=00100  ✓ COMPLETE | [08:10:04] ⚠⚠⚠ POWER LEVEL LOCK  dr=0.1800 µSv/h  hits=35  avg_interval=1.5s (0.02min)  CV=3.482 |   Source returns to identical power level 35x  Natural decay cannot reproduce fixed amplitude  Controlled RF source confirmed
08:10:05	1787472605127835100,1787472605129068300,1787472605129780700		
08:10:06	1787472606624659200,1787472606625560800,1787472606626432800		
08:10:07	1787472607634227000,1787472607635219500,1787472607636436500,1787472607639525400		
08:10:09	1787472609887652000,1787472609888606500,1787472609891071000,1787472609895504000,1787472609897362400		[08:10:09] 小刀 PAINTBRUSH BURST  4 consecutive ticks  total=6cts  avg=1.5CPS  RF~1.9W@0.5m  bars merge = dense burst
08:10:11	1787472611090571000,1787472611092908500,1787472611095677400,1787472611096607000		
08:10:12	1787472612289319000,1787472612294167300,1787472612295273500		
08:10:13	1787472613493030700,1787472613494215200,1787472613497040600	SIG#29 [2,1,1,0,0,0,2,1,1,0,0,0,2,1,1,0,0,0,2,1,1,0,0,2,2,1,1,0,0,2,1,1,1,0,0,2,1,0,1,0,0,2,1] pk=2	[08:10:13] ⚡ CPS CLUSTER  34cts/10s  n=25  CV_IAT=1.836 |   RF est P=C·d²/K  @0.5m: 8.5-850.0W  (mid=42.5W)  CPS/s=3.4
08:10:14	1787472614690447400,1787472614691607300,1787472614695360300		[08:10:14] ⚡ BEAT INTERFERENCE CONFIRMED |   y = A1·sin(2πf₁t) + A2·sin(2πf₂t) |   A1=0.1800µSv/h  A2=0.1400µSv/h  A2/A1=0.778  floor/peak=0.778 |   f_beat=|f₁-f₂|=0.35465Hz  T_beat=2.8s  band=SLF |   RF P≈C·d²/K: carrier1≈0.04W  carrier2≈0.02W  @d=0.5m (K=0.2) |   TWO-SOURCE INTERFERENCE  dominant=0.1800µSv/h  secondary=0.1400µSv/h  freq-sep≈0.35465Hz  CV_env=0.089
08:10:16	1787472616133549300,1787472616135742500,1787472616139507500		
08:10:17	1787472617141951500,1787472617153160400		
08:10:18	1787472618632099300	SIG#30 [2,1,0,0,1,0,2,1,0,0,1,0,2,1,0,0,1,0,0,1,0,0,1] pk=2	
08:10:19	1787472619623505200,1787472619635930400		
08:10:21	1787472621883125200,1787472621887546400,1787472621888028400		[08:10:21] ⚠ EMF FINGERPRINT  score=4/7  n=3pk/3fl |   χ²/μ=0.001  m=1.125  SWR=0.12  CV_R=0.083  PSCI=0.045  CV_Re=0.051
08:10:23	1787472623090635500,1787472623091399200		
08:10:24	1787472624288175900,1787472624289166600		
08:10:25	1787472625493058300,1787472625493919000		
08:10:26	1787472626689900000,1787472626690482400		
08:10:28	1787472628134055400,1787472628135490600,1787472628140187600		
08:10:29	1787472629147861500,1787472629154520000		[08:10:29] ⚡ OOK BURST PATTERN  CPS=1  burst=2.0s  gap=2.8s  duty=0.41  cycles=6 |   f=0.207Hz (SLF)  T=4.8s  CV_run=0.289  CV_gap=0.243  RF≈1.3W@0.5m |   ON/OFF KEYING SIGNATURE  identical CPS=1 repeated 6x  structured pulsed source confirmed | [08:10:29] ⚡ CPS CLUSTER  17cts/10s  n=17  CV_IAT=1.205 |   RF est P=C·d²/K  @0.5m: 4.3-425.0W  (mid=21.3W)  CPS/s=1.7
08:10:30	1787472630633565000		
08:10:31	1787472631632765000,1787472631635364900		
08:10:33	1787472633895721200,1787472633898463200,1787472633899469600		
08:10:35	1787472635096218600,1787472635099983600,1787472635104062000,1787472635106104300		
08:10:36	1787472636292847000,1787472636295628500,1787472636296470000,1787472636297406500		[08:10:36] 小刀 PAINTBRUSH BURST  4 consecutive ticks  total=5cts  avg=1.3CPS  RF~1.6W@0.5m  bars merge = dense burst
08:10:37	1787472637505030100,1787472637505977300,1787472637506550500,1787472637508365600		
08:10:38	1787472638701981400,1787472638703128600,1787472638704282600,1787472638706167000		
08:10:39	1787472639897473800,1787472639899561000,1787472639900716000,1787472639902407400,1787472639904372200		
08:10:41	1787472641094106400,1787472641097905400,1787472641101104000,1787472641103469600		
08:10:42	1787472642289739300,1787472642294935800,1787472642297253600		
08:10:43	1787472643499962000,1787472643501592800		
08:10:44	1787472644697342500,1787472644698994700,1787472644704780500		[08:10:44] ⚡ CPS CLUSTER  38cts/10s  n=31  CV_IAT=1.647 |   RF est P=C·d²/K  @0.5m: 9.5-950.0W  (mid=47.5W)  CPS/s=3.8
08:10:46	1787472646140471000,1787472646144995800,1787472646147386600		
08:10:47	1787472647146467300,1787472647161752300,1787472647162888000,1787472647163946500		
08:10:48	1787472648163404800,1787472648169220400,1787472648170345500		
08:10:49	1787472649635659800,1787472649637115100,1787472649638231000		[08:10:49] ↑ STATE  LOW → ELEVATED  0.2000 µSv/h | [08:10:49] 🔄 PEAK RECURRENCE  dr=0.2000 µSv/h  seen 7x in log
08:10:50	1787472650650224000,1787472650654173700,1787472650656428500,1787472650662943200		[08:10:50] ↑ STATE  ELEVATED → LOW  0.1600 µSv/h | [08:10:50] ↑ STATE  LOW → ELEVATED  0.2000 µSv/h
08:10:52	1787472652905666000,1787472652911200300,1787472652912557600,1787472652920918000		[08:10:52] ↑ STATE  ELEVATED → LOW  0.1700 µSv/h | [08:10:52] ⚠⚠⚠ EMF FINGERPRINT  score=6/7  n=6pk/3fl |   χ²/μ=0.002  m=1.233  SWR=0.21  CV_R=0.108  PSCI=0.092  CV_Re=0.054 | [08:10:52] CPS STAIRCASE  [1,2] x2  period=2s  ascending count-rate modulation | [08:10:52] ↑ STATE  LOW → ELEVATED  0.2000 µSv/h
08:10:54	1787472654105639400,1787472654109974500,1787472654117674200		[08:10:54] ↑ STATE  ELEVATED → LOW  0.1800 µSv/h | [08:10:54] ↑ STATE  LOW → ELEVATED  0.2000 µSv/h
08:10:55	1787472655293274600,1787472655296401400		[08:10:55] ↑ STATE  ELEVATED → LOW  0.1900 µSv/h | [08:10:55] ↑ STATE  LOW → ELEVATED  0.2000 µSv/h
08:10:56	1787472656508872000	SIG#43 [1,0,0,1,0,0,1,0,0,1,1,0,1,0,0,1,1,2,1,0,0,1,1,2,0,0,0,1,1,2,0,1,0,1,1,2,0,1,0,1,1,2,0,1,0,1,1,2,0,1,0,1,0,2,0,1,0,1,0,0,0,1,0,1,0,0,0,1,0,1,0,0,0,2,0,1,0,0,0,2,1,1,0,0,0,2,1,2,0,0,0,2,1,2,0,0,0,2,1,2,0,0,0,2,1,2,0,0,1,2,1,2,0,0,1,0,1,2,0,0,1,0,0,2,0,0,1] pk=2	[08:10:56] ↑ STATE  ELEVATED → LOW  0.1900 µSv/h | [08:10:56] ↑ STATE  LOW → ELEVATED  0.2000 µSv/h
08:10:57	1787472657692703000		
08:10:59	1787472659136748500,1787472659142523400		
08:11:00	1787472660141504300		[08:11:00] ⚡ CPS CLUSTER  23cts/10s  n=17  CV_IAT=1.354 |   RF est P=C·d²/K  @0.5m: 5.8-575.0W  (mid=28.8W)  CPS/s=2.3
08:11:01	1787472661155480600		
08:11:02	1787472662662574600		[08:11:02] ↑ STATE  ELEVATED → LOW  0.1800 µSv/h
08:11:03	1787472663654597000		[08:11:03] ↑ STATE  LOW → ELEVATED  0.2300 µSv/h | [08:11:03] ↑ STATE  ELEVATED → LOW  0.1800 µSv/h
08:11:05	1787472665898313200		[Min 002  08:10:04]  CPM=00161  ✓ COMPLETE | [08:11:05] ↑ STATE  LOW → ELEVATED  0.2200 µSv/h | [08:11:05] ⚠⚠⚠ POWER LEVEL LOCK  dr=0.2200 µSv/h  hits=14  avg_interval=8.9s (0.15min)  CV=2.965 |   Source returns to identical power level 14x  Natural decay cannot reproduce fixed amplitude  Controlled RF source confirmed | [08:11:05] ↑ STATE  ELEVATED → LOW  0.1800 µSv/h
08:11:07	1787472667108569900,1787472667123809300		[08:11:07] ↑ STATE  LOW → ELEVATED  0.2100 µSv/h | [08:11:07] ↑ STATE  ELEVATED → LOW  0.1800 µSv/h
08:11:08	1787472668315208000		[08:11:08] ↑ STATE  LOW → ELEVATED  0.2000 µSv/h | [08:11:08] ↑ STATE  ELEVATED → LOW  0.1800 µSv/h
08:11:09	1787472669509303600		[08:11:09] ↑ STATE  LOW → ELEVATED  0.2000 µSv/h | [08:11:09] ↑ STATE  ELEVATED → LOW  0.1800 µSv/h
08:11:10	1787472670709285600		
08:11:12	1787472672154023700		[08:11:12] ↓ STATE  LOW → FLAT  0.0900 µSv/h
08:11:13	1787472673163740400		[08:11:13] ↑ STATE  FLAT → LOW  0.1600 µSv/h | [08:11:13] ↓ STATE  LOW → FLAT  0.0900 µSv/h
08:11:14	1787472674637059600		[08:11:14] ⚡ OOK BURST PATTERN  CPS=2  burst=1.0s  gap=2.0s  duty=0.33  cycles=4 |   f=0.333Hz (SLF)  T=3.0s  CV_run=0.000  CV_gap=0.000  RF≈2.5W@0.5m |   ON/OFF KEYING SIGNATURE  identical CPS=2 repeated 4x  structured pulsed source confirmed | [08:11:14] ↑ STATE  FLAT → LOW  0.1500 µSv/h | [08:11:14] ↓ STATE  LOW → FLAT  0.0900 µSv/h | [08:11:14] 🔄 FLOOR RECURRENCE  dr=0.0900 µSv/h  prior=08:11:13  interval=1.5s  (0.02min) |   FLOOR PATTERN  n=3  avg_interval=1.0s  (0.02min)  CV=0.000  PERIODIC ⚠
08:11:15	1787472675652961300		[08:11:15] ⚡ STRUCTURED CLUSTER  9cts/10s  n=9  CV_IAT=0.394  non-Poisson |   RF est P=C·d²/K  @0.5m: 2.3-225.0W  (mid=11.3W)  CPS/s=0.9 | [08:11:15] ↑ STATE  FLAT → LOW  0.1400 µSv/h | [08:11:15] ↓ STATE  LOW → FLAT  0.0900 µSv/h
08:11:17	1787472677906784000		[08:11:17] ↑ STATE  FLAT → LOW  0.1300 µSv/h | [08:11:17] ↓ STATE  LOW → FLAT  0.0900 µSv/h
08:11:19	1787472679108193500		[08:11:19] ↑ STATE  FLAT → LOW  0.1200 µSv/h | [08:11:19] ↓ STATE  LOW → FLAT  0.0900 µSv/h
08:11:20	1787472680304921900		
08:11:21	1787472681514858500		
08:11:22	1787472682717116400		
08:11:23	1787472683913105200		[08:11:23] ⚠⚠⚠ EMF FINGERPRINT  score=6/7  n=7pk/4fl |   χ²/μ=0.013  m=1.820  SWR=0.66  CV_R=0.398  PSCI=0.245  CV_Re=0.219
08:11:25			
08:11:26			
08:11:27			
08:11:28	1787472688723849700		
08:11:30	1787472690160368400		
08:11:31	1787472691159111400		[08:11:31] ⚡ CPS CLUSTER  5cts/10s  n=5  CV_IAT=0.709 |   RF est P=C·d²/K  @0.5m: 1.3-125.0W  (mid=6.3W)  CPS/s=0.5
08:11:32	1787472692659563000		
08:11:33	1787472693657251000		
08:11:35	1787472695920094500		
08:11:37	1787472697117185000		
08:11:38	1787472698328064300		
08:11:39	1787472699527161000,1787472699528456200		
08:11:40	1787472700726566100,1787472700727753200		
08:11:42	1787472702165790200,1787472702167924000		
08:11:43	1787472703161217300,1787472703167103700		
08:11:44	1787472704654513400,1787472704655174100		[08:11:44] 🔄 FLOOR RECURRENCE  dr=0.0500 µSv/h  prior=08:11:43  interval=1.5s  (0.02min)
08:11:45	1787472705660514000,1787472705666013000,1787472705681698000		
08:11:47	1787472707919120600,1787472707927432400		[08:11:47] ⚡ CPS CLUSTER  15cts/10s  n=15  CV_IAT=1.075 |   RF est P=C·d²/K  @0.5m: 3.8-375.0W  (mid=18.8W)  CPS/s=1.5 | [08:11:47] ↑ STATE  FLAT → LOW  0.1000 µSv/h
08:11:49	1787472709127959600		[08:11:49] ↓ STATE  LOW → FLAT  0.0600 µSv/h | [08:11:49] ↑ STATE  FLAT → LOW  0.1000 µSv/h
08:11:50	1787472710316845600		[08:11:50] ↓ STATE  LOW → FLAT  0.0700 µSv/h | [08:11:50] ↑ STATE  FLAT → LOW  0.1000 µSv/h
08:11:51	1787472711537293300		[08:11:51] ↓ STATE  LOW → FLAT  0.0700 µSv/h | [08:11:51] ↑ STATE  FLAT → LOW  0.1000 µSv/h
08:11:52	1787472712722635000		[08:11:52] ↓ STATE  LOW → FLAT  0.0800 µSv/h | [08:11:52] ↑ STATE  FLAT → LOW  0.1000 µSv/h
08:11:54	1787472714159612200		[08:11:54] ↓ STATE  LOW → FLAT  0.0900 µSv/h | [08:11:54] ⚠⚠⚠ EMF FINGERPRINT  score=6/7  n=4pk/4fl |   χ²/μ=0.004  m=1.308  SWR=0.32  CV_R=0.221  PSCI=0.132  CV_Re=0.172 | [08:11:54] ↑ STATE  FLAT → LOW  0.1000 µSv/h
08:11:55	1787472715157815000		
08:11:56	1787472716671519200		
08:11:57	1787472717670143700		
08:11:59	1787472719918217200		[08:11:59] ⚡ OOK BURST PATTERN  CPS=2  burst=1.0s  gap=2.0s  duty=0.33  cycles=4 |   f=0.333Hz (SLF)  T=3.0s  CV_run=0.000  CV_gap=0.000  RF≈2.5W@0.5m |   ON/OFF KEYING SIGNATURE  identical CPS=2 repeated 4x  structured pulsed source confirmed
08:12:01	1787472721128949800		[08:12:01] ↓ STATE  LOW → FLAT  0.0900 µSv/h
08:12:02	1787472722324611800		[08:12:02] ↑ STATE  FLAT → LOW  0.1000 µSv/h | [08:12:02] ↓ STATE  LOW → FLAT  0.0900 µSv/h
08:12:03	1787472723524780300		[08:12:03] ⚡ STRUCTURED CLUSTER  8cts/10s  n=8  CV_IAT=0.302  non-Poisson |   RF est P=C·d²/K  @0.5m: 2.0-200.0W  (mid=10.0W)  CPS/s=0.8 | [08:12:03] ↑ STATE  FLAT → LOW  0.1000 µSv/h | [08:12:03] ↓ STATE  LOW → FLAT  0.0900 µSv/h
08:12:04			[Min 003  08:11:04]  CPM=00051  ✓ COMPLETE | [08:12:04] ↑ STATE  FLAT → LOW  0.1000 µSv/h | [08:12:04] ↓ STATE  LOW → FLAT  0.0900 µSv/h
08:12:06	1787472726174280200		[08:12:06] ↑ STATE  FLAT → LOW  0.1000 µSv/h | [08:12:06] ⚠⚠⚠ POWER LEVEL LOCK  dr=0.1000 µSv/h  hits=68  avg_interval=0.3s (0.00min)  CV=2.002 |   Source returns to identical power level 68x  Natural decay cannot reproduce fixed amplitude  Controlled RF source confirmed | [08:12:06] ↓ STATE  LOW → FLAT  0.0900 µSv/h
08:12:07	1787472727191318300		[08:12:07] ↑ STATE  FLAT → LOW  0.1000 µSv/h | [08:12:07] ↓ STATE  LOW → FLAT  0.0900 µSv/h
08:12:08	1787472728666985700		
08:12:09	1787472729663703600		
08:12:11	1787472731930892000		
08:12:13	1787472733127601700		
08:12:14	1787472734321538600		
08:12:15			[08:12:15] 🔄 FLOOR RECURRENCE  dr=0.0600 µSv/h  prior=08:12:14  interval=1.2s  (0.02min)
08:12:16			
08:12:18			
08:12:19			
08:12:20			
08:12:21			
08:12:23			
08:12:24			
08:12:25			
08:12:26			
08:12:27			
08:12:29			
08:12:31			
08:12:32			
08:12:33	1787472753539573800		
08:12:34	1787472754744994800		[08:12:34] ⚡ STRUCTURED CLUSTER  6cts/10s  n=2  CV_IAT=0.000  non-Poisson |   RF est P=C·d²/K  @0.5m: 1.5-150.0W  (mid=7.5W)  CPS/s=0.6
08:12:36	1787472756172677600		
08:12:37	1787472757193220000,1787472757202822400		[08:12:37] ⚠ EQUAL BURST SPACING  n=4  CPS≥2  interval=1.2s  CV=0.137  spacings=[1.2,1.4,1.0]  span=3.7s |   ⚠ PERIODIC  f=0.821Hz  T=1.2s  total_counts=4 | [08:12:37] ↑ STATE  FLAT → LOW  0.1000 µSv/h
08:12:38	1787472758674174500,1787472758685454600		[08:12:38] ↓ STATE  LOW → FLAT  0.0600 µSv/h | [08:12:38] ↑ STATE  FLAT → LOW  0.1000 µSv/h
08:12:39	1787472759667395300,1787472759670022400		[08:12:39] ↓ STATE  LOW → FLAT  0.0600 µSv/h | [08:12:39] ↑ STATE  FLAT → LOW  0.1000 µSv/h
08:12:41	1787472761934512000,1787472761936744400		[08:12:41] ↓ STATE  LOW → FLAT  0.0700 µSv/h | [08:12:41] ↑ STATE  FLAT → LOW  0.1000 µSv/h
08:12:43	1787472763135232800,1787472763144254200	SIG#106 [3,0,0,1,0,0,3,0,0,1,0,0,3,0,0,1,0,0,3,0,0,1] pk=3	[08:12:43] ↓ STATE  LOW → FLAT  0.0700 µSv/h | [08:12:43] ⚠⚠ EMF FINGERPRINT  score=5/7  n=5pk/2fl |   χ²/μ=0.004  m=1.508  SWR=0.41  CV_R=0.231  PSCI=0.176  CV_Re=0.077 | [08:12:43] ↑ STATE  FLAT → LOW  0.1000 µSv/h
08:12:44	1787472764333009000,1787472764342731800		[08:12:44] ↓ STATE  LOW → FLAT  0.0900 µSv/h | [08:12:44] ↑ STATE  FLAT → LOW  0.1000 µSv/h
08:12:45	1787472765542760000,1787472765547862300		[08:12:45] ⚡ OOK BURST PATTERN  CPS=1  burst=1.0s  gap=2.0s  duty=0.33  cycles=3 |   f=0.333Hz (SLF)  T=3.0s  CV_run=0.000  CV_gap=0.000  RF≈1.3W@0.5m |   ON/OFF KEYING SIGNATURE  identical CPS=1 repeated 3x  structured pulsed source confirmed
08:12:46	1787472766729381400	SIG#107 [1,0,0,0,1,0,1,0,0,0,1,0,1,0,0,0,1] pk=1	
08:12:48	1787472768187230700,1787472768191763200		
08:12:49	1787472769191244800,1787472769198045400,1787472769200754200		
08:12:50	1787472770670303500,1787472770672942300,1787472770674442800		[08:12:50] ⚡ CPS CLUSTER  17cts/10s  n=15  CV_IAT=1.006 |   RF est P=C·d²/K  @0.5m: 4.3-425.0W  (mid=21.3W)  CPS/s=1.7
08:12:51	1787472771670055400,1787472771670889500	SIG#109 [1,0,0,0,1,0,1,0,0,0,1,1,1,0,0,0,1,1] pk=1	
08:12:53	1787472773942278100,1787472773944082700,1787472773949127000		
08:12:55	1787472775137849000,1787472775139913200,1787472775142313700,1787472775143689700		
08:12:56	1787472776338881500,1787472776340072200,1787472776342219500,1787472776342992600,1787472776343437800		[08:12:56] 小刀 PAINTBRUSH BURST  4 consecutive ticks  total=5cts  avg=1.3CPS  RF~1.6W@0.5m  bars merge = dense burst
08:12:57	1787472777536773400,1787472777539686400,1787472777540704300,1787472777541209300		
08:12:58	1787472778742961400,1787472778743811800,1787472778744394200,1787472778755928800		
08:13:00	1787472780182287000,1787472780184399400,1787472780185216300,1787472780189174300,1787472780190299000		
08:13:01	1787472781185899000,1787472781186881800,1787472781187532000,1787472781189574100,1787472781190317300,1787472781196633900		[08:13:01] ⚠⚠⚠ CONFIRMED ATTACK  CONSECUTIVE CPS CLUSTER  run=5s  total_counts=7  avg=1.40CPS/s  dr=0.1500  span=1.0s |   Poisson P(run≥5)<<0.001  NON-NATURAL SOURCE CONFIRMED  start=08:13:00
08:13:02	1787472782680930600,1787472782683615200,1787472782685265000,1787472782686409700,1787472782687324400,1787472782688276000		[08:13:02] ↑ STATE  LOW → ELEVATED  0.2000 µSv/h | [08:13:02] 🔄 PEAK RECURRENCE  dr=0.2000 µSv/h  seen 28x in log
08:13:03	1787472783679875300,1787472783683572500,1787472783685236700,1787472783692412200,1787472783696267500		[08:13:03] ⚡ BEAT INTERFERENCE CONFIRMED |   y = A1·sin(2πf₁t) + A2·sin(2πf₂t) |   A1=0.2300µSv/h  A2=0.1800µSv/h  A2/A1=0.783  floor/peak=0.783 |   f_beat=|f₁-f₂|=0.13916Hz  T_beat=7.2s  band=SLF |   RF P≈C·d²/K: carrier1≈0.07W  carrier2≈0.04W  @d=0.5m (K=0.2) |   TWO-SOURCE INTERFERENCE  dominant=0.2300µSv/h  secondary=0.1800µSv/h  freq-sep≈0.13916Hz  CV_env=0.079 | [08:13:03] ↑ STATE  ELEVATED → LOW  0.1500 µSv/h | [08:13:03] ↑ STATE  LOW → ELEVATED  0.2000 µSv/h
08:13:05	1787472785941773600,1787472785942701000,1787472785943844000,1787472785944699100,1787472785947231500		[Min 004  08:12:04]  CPM=00103  ✓ COMPLETE | [08:13:05] ⚡ CPS CLUSTER  45cts/10s  n=35  CV_IAT=2.169 |   RF est P=C·d²/K  @0.5m: 11.3-1125.0W  (mid=56.3W)  CPS/s=4.5 | [08:13:05] ↑ STATE  ELEVATED → LOW  0.1500 µSv/h | [08:13:05] ⚠⚠⚠ CPS UNIFORMITY LOCK  CPS=1 on 18/30s (60.0%)  zeros=6  highs=6  Poisson P<<0.001  CONTROLLED SOURCE CONFIRMED |   Natural Poisson: expected CPS=1 on ~9-13s  observed=18s  locked synthetic output indicated | [08:13:05] ↑ STATE  LOW → ELEVATED  0.2000 µSv/h
08:13:07	1787472787142719500,1787472787143448000,1787472787144308700,1787472787144968400,1787472787147949000		[08:13:07] ↑ STATE  ELEVATED → LOW  0.1500 µSv/h | [08:13:07] ⚠⚠⚠ POWER LEVEL LOCK  dr=0.1500 µSv/h  hits=119  avg_interval=1.9s (0.03min)  CV=5.079 |   Source returns to identical power level 119x  Natural decay cannot reproduce fixed amplitude  Controlled RF source confirmed | [08:13:07] ↑ STATE  LOW → ELEVATED  0.2000 µSv/h
08:13:08	1787472788343702000,1787472788344651000,1787472788345747200,1787472788357895400		[08:13:08] ↑ STATE  ELEVATED → LOW  0.1600 µSv/h | [08:13:08] ↑ STATE  LOW → ELEVATED  0.2000 µSv/h
08:13:09	1787472789541988900,1787472789542707200,1787472789544249900		[08:13:09] ↑ STATE  ELEVATED → LOW  0.1800 µSv/h | [08:13:09] ↑ STATE  LOW → ELEVATED  0.2000 µSv/h
08:13:10	1787472790738455300,1787472790740399400	SIG#111 [1,1,0,0,2,0,1,1,0,0,2,1,1,1,0,0,2,1,1,1,0,0,2,1,1,0,0,0,2,1,1,0,2,0,2,1,1,0,2,1,2,1,1,0,2,1,1,1,1,0,2,1,1,1,1,0,2,1,1,1,0,0,2,1,1,1,0,1,2,1,1,1,0,1,0,1,1,1,0,1,0,0,1,1,0,1,0,0,0,1,0,1] pk=2	
08:13:11	1787472791933905200		
08:13:13	1787472793145930200		[08:13:13] ⚠⚠⚠ EMF FINGERPRINT  score=6/7  n=6pk/6fl |   χ²/μ=0.005  m=1.231  SWR=0.25  CV_R=0.166  PSCI=0.092  CV_Re=0.148
08:13:14			
08:13:15			
08:13:16			
08:13:18			[08:13:18] ↑ STATE  ELEVATED → LOW  0.1800 µSv/h
08:13:19			[08:13:19] ↑ STATE  LOW → ELEVATED  0.2400 µSv/h | [08:13:19] ↑ STATE  ELEVATED → LOW  0.1800 µSv/h
08:13:20			[08:13:20] ↑ STATE  LOW → ELEVATED  0.2300 µSv/h | [08:13:20] ↑ STATE  ELEVATED → LOW  0.1800 µSv/h
08:13:21			[08:13:21] ↑ STATE  LOW → ELEVATED  0.2300 µSv/h | [08:13:21] ↑ STATE  ELEVATED → LOW  0.1800 µSv/h
08:13:23	1787472803953552600		[08:13:23] ↑ STATE  LOW → ELEVATED  0.2200 µSv/h | [08:13:23] ↑ STATE  ELEVATED → LOW  0.1800 µSv/h
08:13:25	1787472805161785000		[08:13:25] ↑ STATE  LOW → ELEVATED  0.2000 µSv/h | [08:13:25] ↑ STATE  ELEVATED → LOW  0.1800 µSv/h
08:13:26	1787472806345503700		[08:13:26] ↓ STATE  LOW → FLAT  0.0900 µSv/h | [08:13:26] 🔄 FLOOR RECURRENCE  dr=0.0900 µSv/h  prior=08:12:44  interval=42.0s  (0.70min)
08:13:27	1787472807559954200		[08:13:27] ↑ STATE  FLAT → LOW  0.1600 µSv/h | [08:13:27] ↓ STATE  LOW → FLAT  0.0900 µSv/h
08:13:28	1787472808755893200		[08:13:28] ↑ STATE  FLAT → LOW  0.1500 µSv/h | [08:13:28] ⚡ STRUCTURED CLUSTER  5cts/10s  n=5  CV_IAT=0.010  non-Poisson |   RF est P=C·d²/K  @0.5m: 1.3-125.0W  (mid=6.3W)  CPS/s=0.5 | [08:13:28] ↓ STATE  LOW → FLAT  0.0900 µSv/h
08:13:30	1787472810195545300		[08:13:30] ↑ STATE  FLAT → LOW  0.1300 µSv/h | [08:13:30] ↓ STATE  LOW → FLAT  0.0900 µSv/h
08:13:31	1787472811189580300		[08:13:31] ⚡ OOK BURST PATTERN  CPS=1  burst=3.2s  gap=1.2s  duty=0.73  cycles=6 |   f=0.231Hz (SLF)  T=4.3s  CV_run=0.283  CV_gap=0.319  RF≈1.3W@0.5m |   ON/OFF KEYING SIGNATURE  identical CPS=1 repeated 6x  structured pulsed source confirmed | [08:13:31] ↑ STATE  FLAT → LOW  0.1100 µSv/h | [08:13:31] ↓ STATE  LOW → FLAT  0.0900 µSv/h
08:13:32	1787472812698058500		[08:13:32] ↑ STATE  FLAT → LOW  0.1000 µSv/h | [08:13:32] ↓ STATE  LOW → FLAT  0.0900 µSv/h
08:13:33	1787472813698822400,1787472813700146200		
08:13:35	1787472815952425500,1787472815953162500		
08:13:37	1787472817151698200,1787472817158281000		
08:13:38	1787472818350892800,1787472818356642600		
08:13:39	1787472819556798000,1787472819557819100,1787472819562014000		
08:13:40	1787472820752299800,1787472820759186400,1787472820767004700		
08:13:41	1787472821950252500,1787472821956657700,1787472821958279400		[08:13:41] ↑ STATE  FLAT → LOW  0.1000 µSv/h
08:13:43	1787472823155638000,1787472823157013000		[08:13:43] ↓ STATE  LOW → FLAT  0.0700 µSv/h | [08:13:43] ⚠⚠ EMF FINGERPRINT  score=5/7  n=6pk/2fl |   χ²/μ=0.002  m=1.385  SWR=0.27  CV_R=0.163  PSCI=0.091  CV_Re=0.077 | [08:13:43] ⚠ EQUAL BURST SPACING  n=4  CPS≥2  interval=1.2s  CV=0.005  spacings=[1.2,1.2,1.2]  span=3.6s |   ⚠⚠ HIGHLY PERIODIC  f=0.835Hz  T=1.2s  total_counts=4 | [08:13:43] ↑ STATE  FLAT → LOW  0.1000 µSv/h
08:13:44	1787472824353437400,1787472824354900500		[08:13:44] ⚡ CPS CLUSTER  21cts/10s  n=17  CV_IAT=1.279 |   RF est P=C·d²/K  @0.5m: 5.3-525.0W  (mid=26.3W)  CPS/s=2.1 | [08:13:44] ↓ STATE  LOW → FLAT  0.0800 µSv/h | [08:13:44] ↑ STATE  FLAT → LOW  0.1000 µSv/h
08:13:45	1787472825554912500,1787472825562564900,1787472825565965600		[08:13:45] ↓ STATE  LOW → FLAT  0.0800 µSv/h | [08:13:45] ↑ STATE  FLAT → LOW  0.1000 µSv/h
08:13:46	1787472826755781000,1787472826761417700,1787472826764457200		[08:13:46] ↓ STATE  LOW → FLAT  0.0900 µSv/h | [08:13:46] ↑ STATE  FLAT → LOW  0.1000 µSv/h
08:13:48	1787472828199796700,1787472828204436000		[08:13:48] ↓ STATE  LOW → FLAT  0.0900 µSv/h | [08:13:48] ↑ STATE  FLAT → LOW  0.1000 µSv/h
08:13:49	1787472829200140500,1787472829210106600		
08:13:50	1787472830697346800,1787472830705926100	SIG#126 [1,1,0,0,0,2,1,1,0,0,0,2,0,1,0,0,0,2,0,1,0,0,0,2,0,1,0,0,0,2,0,1,0,0,0,2,0,1,0,0,2,2,0,1,0,0,2,0,0,1,0,0,2,0,0,1,0,0,2] pk=2	
08:13:51	1787472831701699300,1787472831709517000,1787472831710874400		
08:13:53	1787472833957567200,1787472833964642600,1787472833966598400		
08:13:55	1787472835165750800,1787472835167268900	SIG#127 [2,0,0,0,1,0,2,0,0,0,1,1,2,0,0,0,1,1] pk=2	
08:13:56	1787472836350829600,1787472836351960000,1787472836354689800		
08:13:57	1787472837567458800,1787472837568203500,1787472837574560300		[08:13:57] ↑ STATE  LOW → ELEVATED  0.2000 µSv/h | [08:13:57] 🔄 PEAK RECURRENCE  dr=0.2000 µSv/h  seen 42x in log
08:13:58	1787472838764102000,1787472838764863700,1787472838767384300		[08:13:58] ↑ STATE  ELEVATED → LOW  0.1500 µSv/h | [08:13:58] ↑ STATE  LOW → ELEVATED  0.2000 µSv/h
08:14:00	1787472840193785900,1787472840196874800		[08:14:00] ⚡ CPS CLUSTER  23cts/10s  n=20  CV_IAT=1.381 |   RF est P=C·d²/K  @0.5m: 5.8-575.0W  (mid=28.8W)  CPS/s=2.3 | [08:14:00] ↑ STATE  ELEVATED → LOW  0.1600 µSv/h | [08:14:00] ↑ STATE  LOW → ELEVATED  0.2000 µSv/h
08:14:01	1787472841210502700	SIG#129 [1,1,0,0,1,0,1,1,0,0,1,0,1,1,0,0,1,0,0,1,0,0,1] pk=1	[08:14:01] ↑ STATE  ELEVATED → LOW  0.1800 µSv/h | [08:14:01] ↑ STATE  LOW → ELEVATED  0.2000 µSv/h | [08:14:01] ↑ STATE  ELEVATED → LOW  0.1900 µSv/h
08:14:02	1787472842698091300		[08:14:02] ↑ STATE  LOW → ELEVATED  0.2000 µSv/h | [08:14:02] ↑ STATE  ELEVATED → LOW  0.1900 µSv/h
08:14:03	1787472843703005200,1787472843707863600		[08:14:03] ↑ STATE  LOW → ELEVATED  0.2000 µSv/h | [08:14:03] ↑ STATE  ELEVATED → LOW  0.1900 µSv/h | [08:14:03] ⚡ BEAT INTERFERENCE CONFIRMED |   y = A1·sin(2πf₁t) + A2·sin(2πf₂t) |   A1=0.2400µSv/h  A2=0.1900µSv/h  A2/A1=0.792  floor/peak=0.792 |   f_beat=|f₁-f₂|=0.32891Hz  T_beat=3.0s  band=SLF |   RF P≈C·d²/K: carrier1≈0.07W  carrier2≈0.05W  @d=0.5m (K=0.2) |   TWO-SOURCE INTERFERENCE  dominant=0.2400µSv/h  secondary=0.1900µSv/h  freq-sep≈0.32891Hz  CV_env=0.085
08:14:05	1787472845964663800,1787472845966419000		[Min 005  08:13:04]  CPM=00101  ✓ COMPLETE | [08:14:05] ↑ STATE  LOW → ELEVATED  0.2000 µSv/h | [08:14:05] ↑ STATE  ELEVATED → LOW  0.1900 µSv/h
08:14:07	1787472847169920000,1787472847170783000,1787472847171531800		[08:14:07] ↑ STATE  LOW → ELEVATED  0.2000 µSv/h | [08:14:07] ⚠⚠⚠ POWER LEVEL LOCK  dr=0.2000 µSv/h  hits=61  avg_interval=4.9s (0.08min)  CV=3.773 |   Source returns to identical power level 61x  Natural decay cannot reproduce fixed amplitude  Controlled RF source confirmed | [08:14:07] ↑ STATE  ELEVATED → LOW  0.1900 µSv/h
08:14:08	1787472848361812700,1787472848362848500,1787472848363936300		[08:14:08] ↑ STATE  LOW → ELEVATED  0.2000 µSv/h | [08:14:08] ↑ STATE  ELEVATED → LOW  0.1900 µSv/h
08:14:09	1787472849569353700,1787472849572315600,1787472849574227200		
08:14:10	1787472850770897000,1787472850772218600,1787472850774114600,1787472850777539800		
08:14:12	1787472852213273300,1787472852222047000,1787472852223366400,1787472852226592300,1787472852227798300		[08:14:12] 小刀 PAINTBRUSH BURST  4 consecutive ticks  total=5cts  avg=1.3CPS  RF~1.6W@0.5m  bars merge = dense burst
08:14:13	1787472853213130000,1787472853225317600,1787472853234356700,1787472853236612600		[08:14:13] ⚠ EMF FINGERPRINT  score=4/7  n=3pk/5fl |   χ²/μ=0.001  m=1.188  SWR=0.17  CV_R=0.089  PSCI=0.043  CV_Re=0.088
08:14:14	1787472854708375000,1787472854719576800,1787472854721659600		
08:14:15	1787472855705106400,1787472855705842400	SIG#135 [1,1,1,0,0,0,1,1,1,0,0,0,1,1,1,0,0,0,1,1,1,0,0,2,1,1,1,0,0,2,1,1,1,0,0,2,1,0,1,0,0,2,1] pk=2	[08:14:15] ⚡ CPS CLUSTER  31cts/10s  n=27  CV_IAT=1.647 |   RF est P=C·d²/K  @0.5m: 7.8-775.0W  (mid=38.8W)  CPS/s=3.1
08:14:17	1787472857962558000,1787472857963564000,1787472857966893000		[08:14:17] ⚡ OOK BURST PATTERN  CPS=1  burst=8.4s  gap=14.2s  duty=0.37  cycles=5 |   f=0.044Hz (ELF)  T=22.6s  CV_run=1.467  CV_gap=1.614  RF≈1.3W@0.5m |   ON/OFF KEYING SIGNATURE  identical CPS=1 repeated 5x  structured pulsed source confirmed
08:14:19	1787472859161259000,1787472859162680000,1787472859166345200,1787472859167298000		
08:14:20	1787472860359610600,1787472860362959400,1787472860363647200		
08:14:21	1787472861576963800,1787472861577899800	SIG#137 [2,1,0,0,0,1,2,1,0,0,0,1,1,1,0,0,0,1,1] pk=2	
08:14:22	1787472862773787400,1787472862774753000		
08:14:24	1787472864211005400,1787472864212094700		
08:14:25	1787472865215653600,1787472865219845600		
08:14:26	1787472866224521700		
08:14:27			
08:14:28			
08:14:30			[08:14:30] ⚡ CPS CLUSTER  9cts/10s  n=9  CV_IAT=1.020 |   RF est P=C·d²/K  @0.5m: 2.3-225.0W  (mid=11.3W)  CPS/s=0.9
08:14:32			
08:14:33	1787472873380804900		[08:14:33] ↓ STATE  LOW → FLAT  0.0900 µSv/h | [08:14:33] 🔄 FLOOR RECURRENCE  dr=0.0900 µSv/h  prior=08:13:48  interval=45.2s  (0.75min)
08:14:34	1787472874590384600		[08:14:34] ↑ STATE  FLAT → LOW  0.1400 µSv/h | [08:14:34] ↓ STATE  LOW → FLAT  0.0900 µSv/h
08:14:35	1787472875777807600		[08:14:35] ↑ STATE  FLAT → LOW  0.1400 µSv/h | [08:14:35] ↓ STATE  LOW → FLAT  0.0900 µSv/h
08:14:37	1787472877221853200		[08:14:37] ↑ STATE  FLAT → LOW  0.1300 µSv/h | [08:14:37] ↓ STATE  LOW → FLAT  0.0900 µSv/h
08:14:38	1787472878218962700		[08:14:38] ↑ STATE  FLAT → LOW  0.1100 µSv/h | [08:14:38] ↓ STATE  LOW → FLAT  0.0900 µSv/h
08:14:39	1787472879212850400		[08:14:39] ↑ STATE  FLAT → LOW  0.1000 µSv/h | [08:14:39] ↓ STATE  LOW → FLAT  0.0900 µSv/h
08:14:40	1787472880716591000		
08:14:41	1787472881734428400		
08:14:43	1787472883992516400		[08:14:43] ⚠⚠⚠ EMF FINGERPRINT  score=6/7  n=5pk/6fl |   χ²/μ=0.007  m=1.520  SWR=0.48  CV_R=0.275  PSCI=0.163  CV_Re=0.228
08:14:45	1787472885178757600,1787472885191263000		
08:14:46	1787472886375235300,1787472886376784000		[08:14:46] ⚡ CPS CLUSTER  11cts/10s  n=8  CV_IAT=0.547 |   RF est P=C·d²/K  @0.5m: 2.8-275.0W  (mid=13.8W)  CPS/s=1.1
08:14:47	1787472887588746800,1787472887590711300		
08:14:48	1787472888768906200,1787472888770567200,1787472888772575000		
08:14:50	1787472890215589600,1787472890218059300,1787472890221119200		[08:14:50] ↑ STATE  FLAT → LOW  0.1000 µSv/h
08:14:51	1787472891215537700,1787472891218812200		[08:14:51] ↓ STATE  LOW → FLAT  0.0600 µSv/h | [08:14:51] ↑ STATE  FLAT → LOW  0.1000 µSv/h
08:14:52	1787472892227878700,1787472892231213600		[08:14:52] ↓ STATE  LOW → FLAT  0.0600 µSv/h | [08:14:52] ↑ STATE  FLAT → LOW  0.1000 µSv/h
08:14:53	1787472893711521000	SIG#152 [2,0,1,0,0,0,2,0,1,0,0,0,2,0,1,0,0,0,2,0,1,0,0,1,2,0,1,0,0,1,0,0,1,0,0,1,0,0,1,0,0,1] pk=2	[08:14:53] ↓ STATE  LOW → FLAT  0.0600 µSv/h | [08:14:53] ↑ STATE  FLAT → LOW  0.1000 µSv/h
08:14:54	1787472894727787300		[08:14:54] ↓ STATE  LOW → FLAT  0.0700 µSv/h | [08:14:54] ↑ STATE  FLAT → LOW  0.1000 µSv/h
08:14:56	1787472896975687400		[08:14:56] ↓ STATE  LOW → FLAT  0.0800 µSv/h | [08:14:56] ↑ STATE  FLAT → LOW  0.1000 µSv/h
08:14:58			
08:14:59			
08:15:00			
08:15:01	1787472901795201000		[08:15:01] ⚡ CPS CLUSTER  5cts/10s  n=5  CV_IAT=0.685 |   RF est P=C·d²/K  @0.5m: 1.3-125.0W  (mid=6.3W)  CPS/s=0.5
08:15:03	1787472903233960700		[08:15:03] ⚡ OOK BURST PATTERN  CPS=1  burst=1.3s  gap=2.7s  duty=0.33  cycles=3 |   f=0.250Hz (SLF)  T=4.0s  CV_run=0.354  CV_gap=0.177  RF≈1.3W@0.5m |   ON/OFF KEYING SIGNATURE  identical CPS=1 repeated 3x  structured pulsed source confirmed
08:15:04	1787472904230642400		[Min 006  08:14:04]  CPM=00092  ✓ COMPLETE
08:15:05	1787472905722680000,1787472905725170000		[08:15:05] ⚡ BEAT INTERFERENCE CONFIRMED |   y = A1·sin(2πf₁t) + A2·sin(2πf₂t) |   A1=0.2000µSv/h  A2=0.1200µSv/h  A2/A1=0.600  floor/peak=0.600 |   f_beat=|f₁-f₂|=0.30149Hz  T_beat=3.3s  band=SLF |   RF P≈C·d²/K: carrier1≈0.05W  carrier2≈0.02W  @d=0.5m (K=0.2) |   TWO-SOURCE INTERFERENCE  dominant=0.2000µSv/h  secondary=0.1200µSv/h  freq-sep≈0.30149Hz  CV_env=0.180 | [08:15:05] ↓ STATE  LOW → FLAT  0.0900 µSv/h | [08:15:05] 🔄 FLOOR RECURRENCE  dr=0.0900 µSv/h  prior=08:14:41  interval=24.0s  (0.40min)
08:15:06	1787472906729895400,1787472906737885000		[08:15:06] ↑ STATE  FLAT → LOW  0.1200 µSv/h | [08:15:06] ↓ STATE  LOW → FLAT  0.0900 µSv/h
08:15:08	1787472908987041500,1787472908990851600		[08:15:08] ↑ STATE  FLAT → LOW  0.1200 µSv/h | [08:15:08] ⚠⚠⚠ POWER LEVEL LOCK  dr=0.1200 µSv/h  hits=103  avg_interval=3.2s (0.05min)  CV=5.001 |   Source returns to identical power level 103x  Natural decay cannot reproduce fixed amplitude  Controlled RF source confirmed | [08:15:08] ↓ STATE  LOW → FLAT  0.0900 µSv/h
08:15:09			
08:15:10	1787472910177632500,1787472910185787000		[08:15:10] ↑ STATE  FLAT → LOW  0.1200 µSv/h | [08:15:10] ↓ STATE  LOW → FLAT  0.0900 µSv/h
08:15:11	1787472911383680800	SIG#159 [1,0,0,1,0,0,1,0,0,1,0,0,1,0,0,1,0,0,1,0,0,1] pk=1	[08:15:11] ↑ STATE  FLAT → LOW  0.1000 µSv/h | [08:15:11] ↓ STATE  LOW → FLAT  0.0900 µSv/h
08:15:12	1787472912594619100		[08:15:12] ↑ STATE  FLAT → LOW  0.1000 µSv/h | [08:15:12] ↓ STATE  LOW → FLAT  0.0900 µSv/h
08:15:13	1787472913780444700		
08:15:15			[08:15:15] ⚠⚠ EMF FINGERPRINT  score=5/7  n=2pk/5fl |   χ²/μ=0.004  m=1.375  SWR=0.31  CV_R=0.201  PSCI=0.091  CV_Re=0.177
08:15:16			
08:15:17			[08:15:17] ⚡ CPS CLUSTER  7cts/10s  n=7  CV_IAT=0.702 |   RF est P=C·d²/K  @0.5m: 1.8-175.0W  (mid=8.8W)  CPS/s=0.7
08:15:18	1787472918742603300		
08:15:20	1787472920987458000		
08:15:22	1787472922186758000		
08:15:23	1787472923397164500		
08:15:24	1787472924592425700		
08:15:25	1787472925790541000		
08:15:27	1787472927229338600		
08:15:28			
08:15:29			
08:15:30			
08:15:32			
08:15:33	1787472933000107800		[08:15:33] ⚡ CPS CLUSTER  5cts/10s  n=5  CV_IAT=0.812 |   RF est P=C·d²/K  @0.5m: 1.3-125.0W  (mid=6.3W)  CPS/s=0.5
08:15:34	1787472934196648700		
08:15:35	1787472935395089700		
08:15:36	1787472936598513700,1787472936603445500		[08:15:36] 🔄 FLOOR RECURRENCE  dr=0.0700 µSv/h  prior=08:15:35  interval=1.2s  (0.02min)
08:15:37	1787472937796700700,1787472937800640800		
08:15:39	1787472939227419600,1787472939230339800		
08:15:40	1787472940228707800,1787472940236045600		[08:15:40] ⚠ EQUAL BURST SPACING  n=4  CPS≥2  interval=1.2s  CV=0.143  spacings=[1.2,1.4,1.0]  span=3.6s |   ⚠ PERIODIC  f=0.826Hz  T=1.2s  total_counts=4
08:15:41	1787472941242844700	SIG#173 [1,0,0,2,0,0,1,0,0,2,0,0,1,0,0,2,0,0,1,0,0,2] pk=2	
08:15:42	1787472942737005000		
08:15:43	1787472943729525800		
08:15:45	1787472945997612800		
08:15:47	1787472947196646100		
08:15:48	1787472948409467600		[08:15:48] ⚡ OOK BURST PATTERN  CPS=1  burst=1.0s  gap=2.0s  duty=0.33  cycles=3 |   f=0.333Hz (SLF)  T=3.0s  CV_run=0.000  CV_gap=0.000  RF≈1.3W@0.5m |   ON/OFF KEYING SIGNATURE  identical CPS=1 repeated 3x  structured pulsed source confirmed | [08:15:48] ⚡ CPS CLUSTER  14cts/10s  n=9  CV_IAT=0.698 |   RF est P=C·d²/K  @0.5m: 3.5-350.0W  (mid=17.5W)  CPS/s=1.4
08:15:49	1787472949593598500		
08:15:50	1787472950802121700,1787472950805350400		
08:15:52	1787472952239941600,1787472952242392300		
08:15:53	1787472953236177700,1787472953239492400		
08:15:54	1787472954670870300,1787472954734351400,1787472954737636400	SIG#181 [1,0,0,0,1,0,1,0,0,0,1,0,1,0,0,0,1] pk=1	
08:15:55	1787472955730787800,1787472955732711700		
08:15:57	1787472957237031200,1787472957241601000		
08:15:58	1787472958226738200,1787472958229155300,1787472958230801400		
08:15:59	1787472959242217200,1787472959244252700		
08:16:00	1787472960735259100,1787472960738487600		
08:16:01	1787472961741968600,1787472961744305700		
08:16:03	1787472963233683200	SIG#183 [1,0,0,1,0,0,1,0,0,1,0,0,1,0,0,1,0,0,1,0,0,1,0,0,2,0,0,1,0,0,2,0,0,1,0,0,2,0,0,1,0,0,2] pk=2	
08:16:04	1787472964245960400,1787472964261101000		[Min 007  08:15:04]  CPM=00072  ✓ COMPLETE | [08:16:04] ⚡ CPS CLUSTER  22cts/10s  n=17  CV_IAT=1.155 |   RF est P=C·d²/K  @0.5m: 5.5-550.0W  (mid=27.5W)  CPS/s=2.2
08:16:05	1787472965252256300,1787472965255776800		[08:16:05] ↑ STATE  FLAT → LOW  0.1000 µSv/h
08:16:06	1787472966746078200,1787472966751244800		[08:16:06] ⚡ BEAT INTERFERENCE CONFIRMED |   y = A1·sin(2πf₁t) + A2·sin(2πf₂t) |   A1=0.1400µSv/h  A2=0.0700µSv/h  A2/A1=0.500  floor/peak=0.500 |   f_beat=|f₁-f₂|=0.20888Hz  T_beat=4.8s  band=SLF |   RF P≈C·d²/K: carrier1≈0.02W  carrier2≈0.01W  @d=0.5m (K=0.2) |   TWO-SOURCE INTERFERENCE  dominant=0.1400µSv/h  secondary=0.0700µSv/h  freq-sep≈0.20888Hz  CV_env=0.224 | [08:16:06] ↓ STATE  LOW → FLAT  0.0800 µSv/h | [08:16:06] 🔄 FLOOR RECURRENCE  dr=0.0800 µSv/h  prior=08:16:05  interval=1.5s  (0.02min) | [08:16:06] ↑ STATE  FLAT → LOW  0.1000 µSv/h
08:16:07	1787472967744467200,1787472967749366000		[08:16:07] ↓ STATE  LOW → FLAT  0.0800 µSv/h | [08:16:07] ↑ STATE  FLAT → LOW  0.1000 µSv/h
08:16:09	1787472969999051000		[08:16:09] ↓ STATE  LOW → FLAT  0.0900 µSv/h
08:16:10	1787472970005042200		[08:16:10] ↑ STATE  FLAT → LOW  0.1000 µSv/h | [08:16:10] ⚠⚠⚠ POWER LEVEL LOCK  dr=0.1000 µSv/h  hits=147  avg_interval=1.8s (0.03min)  CV=3.762 |   Source returns to identical power level 147x  Natural decay cannot reproduce fixed amplitude  Controlled RF source confirmed
08:16:11	1787472971195446300,1787472971202055200		[08:16:11] ↓ STATE  LOW → FLAT  0.0900 µSv/h | [08:16:11] ↑ STATE  FLAT → LOW  0.1000 µSv/h
08:16:12	1787472972404972000,1787472972406848800,1787472972410271700		[08:16:12] ↓ STATE  LOW → FLAT  0.0900 µSv/h | [08:16:12] ↑ STATE  FLAT → LOW  0.1000 µSv/h | [08:16:12] ⚠ EMF FINGERPRINT  score=4/7  n=3pk/2fl |   χ²/μ=0.001  m=1.176  SWR=0.17  CV_R=0.102  PSCI=0.082  CV_Re=0.059
08:16:13	1787472973601279700,1787472973604940000		
08:16:14	1787472974798238000,1787472974801772000		
08:16:16	1787472976247226600	SIG#188 [1,0,1,0,0,0,1,0,1,0,0,0,1,0,1,0,0,0,1,0,1,0,0,0,1,0,1,0,0,0,1,0,1,0,0,0,1,0,1,0,0,0,1] pk=1	
08:16:17	1787472977244541400,1787472977250201300		
08:16:18	1787472978741934800,1787472978747409700,1787472978749202200		
08:16:19	1787472979737555700,1787472979742855400,1787472979744011300		[08:16:19] ⚡ CPS CLUSTER  18cts/10s  n=18  CV_IAT=1.072 |   RF est P=C·d²/K  @0.5m: 4.5-450.0W  (mid=22.5W)  CPS/s=1.8
08:16:21		SIG#190 [1,0,0,0,1,0,1,0,0,0,1,1,1,0,0,0,1,1] pk=1	
08:16:22	1787472982000789500,1787472982002355500		
08:16:23	1787472983208562400,1787472983209418500,1787472983211236900		
08:16:24	1787472984407993900,1787472984408851700,1787472984416448000		
08:16:25	1787472985605197000,1787472985605727200,1787472985608250600		
08:16:26	1787472986801352000,1787472986803574300		
08:16:28	1787472988252565800	SIG#192 [1,1,0,0,1,0,1,1,0,0,1,0,1,1,0,0,1,0,0,1,0,0,1] pk=1	
08:16:29	1787472989243413800		[08:16:29] ↓ STATE  LOW → FLAT  0.0900 µSv/h
08:16:30	1787472990256374500		[08:16:30] ↑ STATE  FLAT → LOW  0.1000 µSv/h | [08:16:30] ↓ STATE  LOW → FLAT  0.0900 µSv/h
08:16:31	1787472991757456600		[08:16:31] ↑ STATE  FLAT → LOW  0.1000 µSv/h | [08:16:31] ↓ STATE  LOW → FLAT  0.0900 µSv/h
08:16:32	1787472992770372600		[08:16:32] ↑ STATE  FLAT → LOW  0.1000 µSv/h | [08:16:32] ↓ STATE  LOW → FLAT  0.0900 µSv/h
08:16:35	1787472995021797600		[08:16:35] ⚡ OOK BURST PATTERN  CPS=2  burst=1.5s  gap=5.5s  duty=0.21  cycles=4 |   f=0.143Hz (SLF)  T=7.0s  CV_run=0.577  CV_gap=0.905  RF≈2.5W@0.5m |   ON/OFF KEYING SIGNATURE  identical CPS=2 repeated 4x  structured pulsed source confirmed | [08:16:35] ⚡ CPS CLUSTER  10cts/10s  n=10  CV_IAT=0.738 |   RF est P=C·d²/K  @0.5m: 2.5-250.0W  (mid=12.5W)  CPS/s=1.0 | [08:16:35] ↑ STATE  FLAT → LOW  0.1000 µSv/h | [08:16:35] ↓ STATE  LOW → FLAT  0.0900 µSv/h
08:16:36	1787472996220113400		[08:16:36] ↑ STATE  FLAT → LOW  0.1000 µSv/h | [08:16:36] ↓ STATE  LOW → FLAT  0.0900 µSv/h
08:16:37	1787472997413148000		[08:16:37] 🔄 FLOOR RECURRENCE  dr=0.0900 µSv/h  prior=08:16:36  interval=1.2s  (0.02min)
08:16:38	1787472998612511000		
08:16:39	1787472999810246700		
08:16:41	1787473001259040300		
08:16:42	1787473002264622800		
08:16:43	1787473003759655200,1787473003760675800		
08:16:44	1787473004761135400,1787473004767546400		
08:16:47	1787473007007872000,1787473007014171100		
08:16:48	1787473008217833700,1787473008219692800,1787473008221774300		
08:16:49	1787473009420945400,1787473009426448600,1787473009430249500		[08:16:49] ↑ STATE  FLAT → LOW  0.1000 µSv/h
08:16:50	1787473010607698200,1787473010611657700		[08:16:50] ⚡ CPS CLUSTER  21cts/10s  n=14  CV_IAT=1.169 |   RF est P=C·d²/K  @0.5m: 5.3-525.0W  (mid=26.3W)  CPS/s=2.1 | [08:16:50] ↓ STATE  LOW → FLAT  0.0900 µSv/h | [08:16:50] ↑ STATE  FLAT → LOW  0.1000 µSv/h
08:16:51	1787473011818475800,1787473011825370400		[08:16:51] ↓ STATE  LOW → FLAT  0.0900 µSv/h | [08:16:51] ↑ STATE  FLAT → LOW  0.1000 µSv/h
08:16:53	1787473013256708000	SIG#205 [2,0,1,0,0,0,2,0,1,0,0,0,2,0,1,0,0,0,2,0,1,0,0,1,2,0,1,0,0,1,0,0,1,0,0,1,0,0,1,0,0,1] pk=2	[08:16:53] ↓ STATE  LOW → FLAT  0.0900 µSv/h | [08:16:53] ↑ STATE  FLAT → LOW  0.1000 µSv/h
08:16:54	1787473014263373000		[08:16:54] ↓ STATE  LOW → FLAT  0.0900 µSv/h | [08:16:54] ↑ STATE  FLAT → LOW  0.1000 µSv/h
08:16:55	1787473015257220900,1787473015264896300		[08:16:55] ↓ STATE  LOW → FLAT  0.0900 µSv/h | [08:16:55] ↑ STATE  FLAT → LOW  0.1000 µSv/h
08:16:56	1787473016754676700,1787473016755802400		
08:16:57	1787473017766103000,1787473017767463200		
08:17:00	1787473020030252500,1787473020031796500,1787473020034017800		
08:17:01	1787473021216282600,1787473021217342000,1787473021221976600		
08:17:02	1787473022416935200,1787473022423808800,1787473022427427600,1787473022429428500		
08:17:03	1787473023615039200,1787473023621549000,1787473023624329500,1787473023625982500,1787473023627681500		[08:17:03] ⚠ EMF FINGERPRINT  score=4/7  n=3pk/2fl |   χ²/μ=0.001  m=1.263  SWR=0.19  CV_R=0.080  PSCI=0.068  CV_Re=0.053
08:17:04	1787473024819835600,1787473024824535600,1787473024826377500,1787473024827265800		[Min 008  08:16:04]  CPM=00104  ✓ COMPLETE
08:17:06	1787473026257121500,1787473026259225900,1787473026260269300		[08:17:06] ⚡ CPS CLUSTER  26cts/10s  n=23  CV_IAT=1.727 |   RF est P=C·d²/K  @0.5m: 6.5-650.0W  (mid=32.5W)  CPS/s=2.6
08:17:07	1787473027262869500,1787473027267011300,1787473027268951800		[08:17:07] ⚡ BEAT INTERFERENCE CONFIRMED |   y = A1·sin(2πf₁t) + A2·sin(2πf₂t) |   A1=0.1700µSv/h  A2=0.0700µSv/h  A2/A1=0.412  floor/peak=0.412 |   f_beat=|f₁-f₂|=0.16397Hz  T_beat=6.1s  band=SLF |   RF P≈C·d²/K: carrier1≈0.04W  carrier2≈0.01W  @d=0.5m (K=0.2) |   TWO-SOURCE INTERFERENCE  dominant=0.1700µSv/h  secondary=0.0700µSv/h  freq-sep≈0.16397Hz  CV_env=0.273
08:17:08	1787473028753245700,1787473028754190800,1787473028757113600	SIG#212 [1,1,0,1,0,0,1,1,0,1,0,0,1,1,0,1,0,2,1,1,0,1,0,2,1,1,0,1,0,2,1,0,0,1,0,2,1,0,0,1,0,2,1] pk=2	
08:17:09	1787473029756978400,1787473029765796600,1787473029771449000		
08:17:12	1787473032016569300,1787473032024204500,1787473032026096400		[08:17:12] ⚠⚠⚠ POWER LEVEL LOCK  dr=0.1400 µSv/h  hits=210  avg_interval=2.3s (0.04min)  CV=5.803 |   Source returns to identical power level 210x  Natural decay cannot reproduce fixed amplitude  Controlled RF source confirmed
08:17:13	1787473033217232600,1787473033223877400		
08:17:14	1787473034431533800,1787473034435326000		
08:17:15	1787473035623719000,1787473035626147000		
08:17:16	1787473036818712600,1787473036821748000	SIG#213 [2,1,0,0,0,1,2,1,0,0,0,1,0,1,0,0,0,1,0,1,0,0,0,1,0,1,0,0,0,1,0,1,0,0,0,1,0,1,0,0,0,1,0,1] pk=2	
08:17:18	1787473038265589200		
08:17:19	1787473039274299100,1787473039291256600		
08:17:20	1787473040755574300		[08:17:20] ⚡ OOK BURST PATTERN  CPS=1  burst=2.2s  gap=2.8s  duty=0.43  cycles=6 |   f=0.200Hz (SLF)  T=5.0s  CV_run=0.317  CV_gap=0.243  RF≈1.3W@0.5m |   ON/OFF KEYING SIGNATURE  identical CPS=1 repeated 6x  structured pulsed source confirmed
08:17:21	1787473041766843000,1787473041768368000		[08:17:21] ⚡ CPS CLUSTER  15cts/10s  n=15  CV_IAT=1.004 |   RF est P=C·d²/K  @0.5m: 3.8-375.0W  (mid=18.8W)  CPS/s=1.5
08:17:24	1787473044026963500,1787473044029184800		
08:17:25	1787473045228480800,1787473045229876500,1787473045231477800		
08:17:26	1787473046427781400,1787473046429219800,1787473046433671000		
08:17:27	1787473047627795500,1787473047632793600,1787473047635638000		
08:17:28	1787473048826389200,1787473048832330200,1787473048836089300		
08:17:30	1787473050259847400,1787473050265496300,1787473050269376000		
08:17:31	1787473051271963600,1787473051278621200		
08:17:32	1787473052761765400,1787473052764115200		
08:17:33	1787473053762517200,1787473053765415200	SIG#218 [1,0,1,0,0,0,1,0,1,0,0,0,1,0,1,0,1,0,1,0,1,0,1,0,1,0,1,0,1,0,0,0,1,0,1,0,0,1,1,0,1,0,0,1,0,0,1,0,0,1,0,0,1,0,0,1] pk=1	[08:17:33] ⚠⚠⚠ EMF FINGERPRINT  score=6/7  n=4pk/5fl |   χ²/μ=0.004  m=1.231  SWR=0.24  CV_R=0.161  PSCI=0.091  CV_Re=0.130
08:17:36	1787473056023103200,1787473056027998200		
08:17:37	1787473057222839000,1787473057226364700		[08:17:37] ⚡ CPS CLUSTER  18cts/10s  n=18  CV_IAT=1.272 |   RF est P=C·d²/K  @0.5m: 4.5-450.0W  (mid=22.5W)  CPS/s=1.8
08:17:38	1787473058437889000	SIG#219 [1,0,0,0,1,0,1,0,0,0,1,0,1,0,0,0,1] pk=1	
08:17:39	1787473059619770000		
08:17:40	1787473060830688000		
08:17:42	1787473062272619000,1787473062283808000		
08:17:43	1787473063283957000,1787473063285109800		
08:17:44	1787473064770140000,1787473064774210300		
08:17:45	1787473065767570200,1787473065771401000		
08:17:48	1787473068040391000,1787473068041374500,1787473068043366100		
08:17:49	1787473069233119200,1787473069234968800,1787473069237218000		
08:17:50	1787473070426003200,1787473070430538500,1787473070433398500,1787473070435207000		
08:17:51	1787473071626036700,1787473071631915300,1787473071634378500		
08:17:52	1787473072830669600,1787473072832184600		[08:17:52] ⚡ CPS CLUSTER  21cts/10s  n=19  CV_IAT=1.500 |   RF est P=C·d²/K  @0.5m: 5.3-525.0W  (mid=26.3W)  CPS/s=2.1
08:17:54	1787473074269188600,1787473074272004900		[08:17:54] ⚠ EQUAL BURST SPACING  n=4  CPS≥2  interval=1.3s  CV=0.089  spacings=[1.2,1.2,1.4]  span=3.8s |   ⚠⚠ HIGHLY PERIODIC  f=0.782Hz  T=1.3s  total_counts=4
08:17:55	1787473075265406000,1787473075267066600	SIG#228 [1,1,0,0,1,0,1,1,0,0,1,0,1,1,0,0,1,0,2,1,0,0,1,0,2,0,0,0,1,0,2,0,0,0,1,0,2,0,0,0,1,0,2] pk=2	
08:17:56	1787473076279851500		
08:17:57	1787473077768393200,1787473077776805600		
08:17:58	1787473078771775200		
08:18:01	1787473081036567800		
08:18:02	1787473082233085400,1787473082236471000		
08:18:03	1787473083433354000,1787473083435820800		
08:18:04	1787473084632830700,1787473084635010000,1787473084636517000		[Min 009  08:17:04]  CPM=00110  ✓ COMPLETE | [08:18:04] ⚠⚠⚠ EMF FINGERPRINT  score=6/7  n=4pk/4fl |   χ²/μ=0.002  m=1.222  SWR=0.20  CV_R=0.113  PSCI=0.068  CV_Re=0.083
08:18:05	1787473085834482700,1787473085841563600,1787473085844612600,1787473085847427000		[08:18:05] ⚡ OOK BURST PATTERN  CPS=1  burst=3.7s  gap=9.3s  duty=0.28  cycles=3 |   f=0.077Hz (ELF)  T=13.0s  CV_run=1.029  CV_gap=1.263  RF≈1.3W@0.5m |   ON/OFF KEYING SIGNATURE  identical CPS=1 repeated 3x  structured pulsed source confirmed
08:18:07	1787473087030473500,1787473087031770000,1787473087032438500		
08:18:08	1787473088226481000,1787473088229422300,1787473088230308400		[08:18:08] ⚡ CPS CLUSTER  19cts/10s  n=16  CV_IAT=1.302 |   RF est P=C·d²/K  @0.5m: 4.8-475.0W  (mid=23.8W)  CPS/s=1.9 | [08:18:08] ↑ STATE  LOW → ELEVATED  0.2000 µSv/h | [08:18:08] 🔄 PEAK RECURRENCE  dr=0.2000 µSv/h  seen 63x in log
08:18:09	1787473089438051300,1787473089440621300,1787473089441363700		[08:18:09] ⚡ BEAT INTERFERENCE CONFIRMED |   y = A1·sin(2πf₁t) + A2·sin(2πf₂t) |   A1=0.2000µSv/h  A2=0.1300µSv/h  A2/A1=0.650  floor/peak=0.650 |   f_beat=|f₁-f₂|=0.41843Hz  T_beat=2.4s  band=SLF |   RF P≈C·d²/K: carrier1≈0.05W  carrier2≈0.02W  @d=0.5m (K=0.2) |   TWO-SOURCE INTERFERENCE  dominant=0.2000µSv/h  secondary=0.1300µSv/h  freq-sep≈0.41843Hz  CV_env=0.129 | [08:18:09] ↑ STATE  ELEVATED → LOW  0.1800 µSv/h | [08:18:09] ↑ STATE  LOW → ELEVATED  0.2000 µSv/h
08:18:10	1787473090623193000,1787473090624155000	SIG#234 [1,0,0,1,0,0,1,0,0,1,0,0,1,0,0,1,0,2,1,0,0,1,0,2,1,0,0,1,0,2,1,0,0,1,0,2,1,0,0,1,0,2,1] pk=2	[08:18:10] ↑ STATE  ELEVATED → LOW  0.1800 µSv/h | [08:18:10] ↑ STATE  LOW → ELEVATED  0.2000 µSv/h
08:18:11	1787473091837501000,1787473091838649000,1787473091842287000		[08:18:11] ↑ STATE  ELEVATED → LOW  0.1800 µSv/h | [08:18:11] ↑ STATE  LOW → ELEVATED  0.2000 µSv/h
08:18:13	1787473093277448700,1787473093289339000		[08:18:13] ↑ STATE  ELEVATED → LOW  0.1800 µSv/h | [08:18:13] ⚠⚠⚠ POWER LEVEL LOCK  dr=0.1800 µSv/h  hits=182  avg_interval=3.0s (0.05min)  CV=5.386 |   Source returns to identical power level 182x  Natural decay cannot reproduce fixed amplitude  Controlled RF source confirmed | [08:18:13] ↑ STATE  LOW → ELEVATED  0.2000 µSv/h
08:18:14	1787473094287332900		[08:18:14] ↑ STATE  ELEVATED → LOW  0.1900 µSv/h | [08:18:14] ↑ STATE  LOW → ELEVATED  0.2000 µSv/h
08:18:15	1787473095768107800,1787473095770200000		[08:18:15] ↑ STATE  ELEVATED → LOW  0.1900 µSv/h
08:18:16	1787473096781445400,1787473096786137900		[08:18:16] ↑ STATE  LOW → ELEVATED  0.2000 µSv/h | [08:18:16] ↑ STATE  ELEVATED → LOW  0.1900 µSv/h
08:18:18	1787473098273884000,1787473098276068900		[08:18:18] ↑ STATE  LOW → ELEVATED  0.2000 µSv/h | [08:18:18] ↑ STATE  ELEVATED → LOW  0.1900 µSv/h
08:18:19	1787473099279274200,1787473099292298800		[08:18:19] ↑ STATE  LOW → ELEVATED  0.2000 µSv/h | [08:18:19] ↑ STATE  ELEVATED → LOW  0.1900 µSv/h
08:18:20	1787473100292911900	SIG#240 [1,0,0,1,0,0,1,0,0,1,0,0,1,0,0,1,0,0,1,0,0,1] pk=1	[08:18:20] ↑ STATE  LOW → ELEVATED  0.2000 µSv/h | [08:18:20] ↑ STATE  ELEVATED → LOW  0.1900 µSv/h
08:18:21	1787473101768680200,1787473101773492500		[08:18:21] ↑ STATE  LOW → ELEVATED  0.2000 µSv/h | [08:18:21] ↑ STATE  ELEVATED → LOW  0.1900 µSv/h
08:18:22	1787473102779061800,1787473102790681600		
08:18:25	1787473105045303300		[08:18:25] ⚡ CPS CLUSTER  13cts/10s  n=13  CV_IAT=1.026 |   RF est P=C·d²/K  @0.5m: 3.3-325.0W  (mid=16.3W)  CPS/s=1.3
08:18:26	1787473106243511000		
08:18:27	1787473107452095500		
08:18:28	1787473108639780000		
08:18:29	1787473109835443000		
08:18:31	1787473111276121600		
08:18:32	1787473112293157400		[08:18:32] ↓ STATE  LOW → FLAT  0.0900 µSv/h | [08:18:32] 🔄 FLOOR RECURRENCE  dr=0.0900 µSv/h  prior=08:16:55  interval=97.0s  (1.62min)
08:18:33	1787473113303537000		[08:18:33] ↑ STATE  FLAT → LOW  0.1400 µSv/h | [08:18:33] ↓ STATE  LOW → FLAT  0.0900 µSv/h
08:18:34	1787473114781429800		[08:18:34] ↑ STATE  FLAT → LOW  0.1300 µSv/h | [08:18:34] ⚠⚠⚠ EMF FINGERPRINT  score=6/7  n=6pk/9fl |   χ²/μ=0.005  m=1.375  SWR=0.38  CV_R=0.182  PSCI=0.104  CV_Re=0.215 | [08:18:34] ↓ STATE  LOW → FLAT  0.0900 µSv/h
08:18:35	1787473115782083000,1787473115786786000		[08:18:35] ↑ STATE  FLAT → LOW  0.1200 µSv/h | [08:18:35] ↓ STATE  LOW → FLAT  0.0900 µSv/h
08:18:38	1787473118032898000,1787473118035546400		[08:18:38] ↑ STATE  FLAT → LOW  0.1100 µSv/h | [08:18:38] ↓ STATE  LOW → FLAT  0.0900 µSv/h
08:18:39	1787473119243368400,1787473119248981500		[08:18:39] ↑ STATE  FLAT → LOW  0.1000 µSv/h | [08:18:39] ↓ STATE  LOW → FLAT  0.0900 µSv/h | [08:18:39] ↑ STATE  FLAT → LOW  0.1000 µSv/h
08:18:40	1787473120440742100	SIG#254 [1,0,0,0,1,0,1,0,0,0,1,0,1,0,0,0,1] pk=1	[08:18:40] ⚡ CPS CLUSTER  10cts/10s  n=10  CV_IAT=0.814 |   RF est P=C·d²/K  @0.5m: 2.5-250.0W  (mid=12.5W)  CPS/s=1.0 | [08:18:40] ↓ STATE  LOW → FLAT  0.0900 µSv/h | [08:18:40] ↑ STATE  FLAT → LOW  0.1000 µSv/h
08:18:41	1787473121637159200		[08:18:41] ↓ STATE  LOW → FLAT  0.0800 µSv/h | [08:18:41] ↑ STATE  FLAT → LOW  0.1000 µSv/h
08:18:42	1787473122835585800		[08:18:42] ↓ STATE  LOW → FLAT  0.0800 µSv/h | [08:18:42] ↑ STATE  FLAT → LOW  0.1000 µSv/h
08:18:44	1787473124284213200		[08:18:44] ↓ STATE  LOW → FLAT  0.0900 µSv/h | [08:18:44] ↑ STATE  FLAT → LOW  0.1000 µSv/h | [08:18:44] ↓ STATE  LOW → FLAT  0.0900 µSv/h
08:18:45	1787473125303644700		[08:18:45] ↑ STATE  FLAT → LOW  0.1000 µSv/h | [08:18:45] ↓ STATE  LOW → FLAT  0.0900 µSv/h
08:18:46	1787473126786608000,1787473126797769500		[08:18:46] ↑ STATE  FLAT → LOW  0.1000 µSv/h | [08:18:46] ↓ STATE  LOW → FLAT  0.0900 µSv/h
08:18:47	1787473127785297200,1787473127786294000,1787473127787290400		[08:18:47] ↑ STATE  FLAT → LOW  0.1000 µSv/h | [08:18:47] ↓ STATE  LOW → FLAT  0.0900 µSv/h | [08:18:47] ⚠⚠ STRUCTURED BURST PAIR  pairs=3  interval=258.9s  CV=0.163  spacings=[216.9,301.0]  span=517.9s |   f=0.004Hz  T=258.9s  pair_width=2s  CPS≥2  structured burst-pair source | [08:18:47] ↑ STATE  FLAT → LOW  0.1000 µSv/h
08:18:50	1787473130045478100,1787473130047193900,1787473130049248500		[08:18:50] ↓ STATE  LOW → FLAT  0.0900 µSv/h | [08:18:50] ↑ STATE  FLAT → LOW  0.1000 µSv/h
08:18:51	1787473131242107600,1787473131242993700,1787473131243651800		[08:18:51] ⚡ OOK BURST PATTERN  CPS=1  burst=10.8s  gap=41.5s  duty=0.21  cycles=4 |   f=0.019Hz (ELF)  T=52.3s  CV_run=1.518  CV_gap=1.579  RF≈1.3W@0.5m |   ON/OFF KEYING SIGNATURE  identical CPS=1 repeated 4x  structured pulsed source confirmed | [08:18:51] ↓ STATE  LOW → FLAT  0.0900 µSv/h | [08:18:51] ↑ STATE  FLAT → LOW  0.1000 µSv/h
08:18:52	1787473132455706600,1787473132456703700,1787473132457535200		[08:18:52] ↓ STATE  LOW → FLAT  0.0900 µSv/h | [08:18:52] ↑ STATE  FLAT → LOW  0.1000 µSv/h
08:18:53	1787473133637344800,1787473133638836200,1787473133639972000,1787473133643974100		[08:18:53] ↓ STATE  LOW → FLAT  0.0900 µSv/h | [08:18:53] ↑ STATE  FLAT → LOW  0.1000 µSv/h
08:18:54	1787473134846374000,1787473134851676700,1787473134856666400		[08:18:54] ↓ STATE  LOW → FLAT  0.0900 µSv/h | [08:18:54] ↑ STATE  FLAT → LOW  0.1000 µSv/h
08:18:56	1787473136289531100,1787473136295623200,1787473136299463200		[08:18:56] ⚡ CPS CLUSTER  36cts/10s  n=22  CV_IAT=1.491 |   RF est P=C·d²/K  @0.5m: 9.0-900.0W  (mid=45.0W)  CPS/s=3.6
08:18:57	1787473137302112000,1787473137303512600		
08:18:58	1787473138784364800,1787473138786291200		
08:18:59	1787473139782016300,1787473139783751200		
08:19:02	1787473142050411500,1787473142055003100	SIG#261 [1,2,2,0,0,0,1,2,2,0,0,0,1,2,2,0,0,0,1,2,2,0,0,0,1,2,2,0,0,0,1,2,2,0,0,0,1,0,2,0,0,0,1,0,1,0,0,0,1,0,1,0,0,0,1,0,1,0,0,0,1,0,1,0,0,0,1,0,1] pk=2	
08:19:03	1787473143245579800,1787473143259502000		
08:19:04	1787473144447413800,1787473144457610800		[Min 010  08:18:04]  CPM=00113  ✓ COMPLETE
08:19:05	1787473145655181800		[08:19:05] ⚠⚠ EMF FINGERPRINT  score=5/7  n=7pk/4fl |   χ²/μ=0.001  m=1.320  SWR=0.20  CV_R=0.089  PSCI=0.025  CV_Re=0.106
08:19:06	1787473146854666500		
08:19:08	1787473148285773300		
08:19:09	1787473149295831600,1787473149301269200		
08:19:10	1787473150789743000,1787473150801495800		[08:19:10] ⚡ BEAT INTERFERENCE CONFIRMED |   y = A1·sin(2πf₁t) + A2·sin(2πf₂t) |   A1=0.1500µSv/h  A2=0.1000µSv/h  A2/A1=0.667  floor/peak=0.667 |   f_beat=|f₁-f₂|=0.49337Hz  T_beat=2.0s  band=SLF |   RF P≈C·d²/K: carrier1≈0.03W  carrier2≈0.01W  @d=0.5m (K=0.2) |   TWO-SOURCE INTERFERENCE  dominant=0.1500µSv/h  secondary=0.1000µSv/h  freq-sep≈0.49337Hz  CV_env=0.133
08:19:11	1787473151794194700		[08:19:11] ⚡ CPS CLUSTER  13cts/10s  n=13  CV_IAT=0.849 |   RF est P=C·d²/K  @0.5m: 3.3-325.0W  (mid=16.3W)  CPS/s=1.3
08:19:14	1787473154058637600,1787473154061315800		[08:19:14] ⚠⚠⚠ POWER LEVEL LOCK  dr=0.1400 µSv/h  hits=264  avg_interval=2.3s (0.04min)  CV=5.295 |   Source returns to identical power level 264x  Natural decay cannot reproduce fixed amplitude  Controlled RF source confirmed
08:19:15	1787473155253862000,1787473155257304600,1787473155259230500		
08:19:16	1787473156459169500,1787473156466018800,1787473156467654000		
08:19:17	1787473157651853800,1787473157655471400,1787473157656286200		
08:19:18	1787473158864553200,1787473158865927700	SIG#272 [1,0,0,2,0,0,1,0,0,2,1,0,1,0,0,2,1,0,1,0,0,2,1] pk=2	
08:19:20	1787473160287279600,1787473160292460000		
08:19:21	1787473161297883100,1787473161299055600		
08:19:22	1787473162793321700		
08:19:23	1787473163795222500		
08:19:26	1787473166058634500,1787473166059729200		
08:19:27	1787473167254809900,1787473167256682200,1787473167258502700		[08:19:27] ⚡ CPS CLUSTER  19cts/10s  n=13  CV_IAT=1.087 |   RF est P=C·d²/K  @0.5m: 4.8-475.0W  (mid=23.8W)  CPS/s=1.9
08:19:28	1787473168465960000,1787473168467065000,1787473168468506600,1787473168469688600		
08:19:29	1787473169652891100,1787473169653756200,1787473169654385400,1787473169655012400		[08:19:29] 小刀 PAINTBRUSH BURST  4 consecutive ticks  total=6cts  avg=1.5CPS  RF~1.9W@0.5m  bars merge = dense burst
08:19:30	1787473170860895000,1787473170862733800,1787473170863955000,1787473170864970000		
08:19:32	1787473172305512200,1787473172308475000,1787473172309896000,1787473172311132700		
08:19:33	1787473173303840500,1787473173306730800,1787473173308650800,1787473173316034000		[08:19:33] ↑ STATE  LOW → ELEVATED  0.2000 µSv/h | [08:19:33] 🔄 PEAK RECURRENCE  dr=0.2000 µSv/h  seen 92x in log
08:19:34	1787473174789389800,1787473174790740700,1787473174794441200		[08:19:34] ↑ STATE  ELEVATED → LOW  0.1400 µSv/h | [08:19:34] ↑ STATE  LOW → ELEVATED  0.2000 µSv/h
08:19:35	1787473175799357200,1787473175806996700		[08:19:35] ↑ STATE  ELEVATED → LOW  0.1500 µSv/h | [08:19:35] ⚠⚠⚠ EMF FINGERPRINT  score=6/7  n=6pk/5fl |   χ²/μ=0.004  m=1.403  SWR=0.35  CV_R=0.164  PSCI=0.126  CV_Re=0.118 | [08:19:35] ↑ STATE  LOW → ELEVATED  0.2000 µSv/h
08:19:38	1787473178069126700,1787473178072191000	SIG#279 [1,3,1,0,0,0,1,3,1,1,0,0,1,3,1,1,0,0,1,3,1,1,0,0,1,3,1,1,0,0,0,3,1,1,0,0,0,1,1,1,0,0,0,1,0,1,0,0,0,1] pk=3	[08:19:38] ⚡ OOK BURST PATTERN  CPS=1  burst=2.6s  gap=2.4s  duty=0.52  cycles=5 |   f=0.200Hz (SLF)  T=5.0s  CV_run=0.188  CV_gap=0.204  RF≈1.3W@0.5m |   ON/OFF KEYING SIGNATURE  identical CPS=1 repeated 5x  structured pulsed source confirmed | [08:19:38] ↑ STATE  ELEVATED → LOW  0.1600 µSv/h | [08:19:38] ↑ STATE  LOW → ELEVATED  0.2000 µSv/h | [08:19:38] ↑ STATE  ELEVATED → LOW  0.1900 µSv/h
08:19:39	1787473179265010700,1787473179267615500		[08:19:39] ↑ STATE  LOW → ELEVATED  0.2000 µSv/h | [08:19:39] ↑ STATE  ELEVATED → LOW  0.1900 µSv/h
08:19:40	1787473180472411600,1787473180479071500		[08:19:40] ↑ STATE  LOW → ELEVATED  0.2000 µSv/h | [08:19:40] ↑ STATE  ELEVATED → LOW  0.1900 µSv/h
08:19:41	1787473181652227300,1787473181657363200,1787473181661327400		[08:19:41] ↑ STATE  LOW → ELEVATED  0.2000 µSv/h | [08:19:41] ↑ STATE  ELEVATED → LOW  0.1900 µSv/h
08:19:42	1787473182864879400,1787473182867598800		[08:19:42] ⚡ CPS CLUSTER  20cts/10s  n=18  CV_IAT=1.433 |   RF est P=C·d²/K  @0.5m: 5.0-500.0W  (mid=25.0W)  CPS/s=2.0 | [08:19:42] ↑ STATE  LOW → ELEVATED  0.2000 µSv/h | [08:19:42] ↑ STATE  ELEVATED → LOW  0.1900 µSv/h
08:19:44	1787473184299131000,1787473184301111300,1787473184304786200		[08:19:44] ↑ STATE  LOW → ELEVATED  0.2000 µSv/h | [08:19:44] ↑ STATE  ELEVATED → LOW  0.1900 µSv/h
08:19:45	1787473185307827500,1787473185310076200,1787473185311424800,1787473185312465200		
08:19:46	1787473186802535400,1787473186804800800,1787473186805889800		
08:19:47	1787473187807612200,1787473187809328000,1787473187810189600		
08:19:50	1787473190058386000,1787473190063308800,1787473190064348700		
08:19:51	1787473191270473000,1787473191271380000	SIG#280 [1,0,0,1,0,0,1,0,0,1,0,0,1,0,0,1,0,0,1,0,0,1,0,0,1,0,0,1,0,0,1,0,0,1,0,0,1,0,1,1,0,0,1,0,1,1,0,0,1,0,1,1,0,0,1,0,1,1,0,0,1,0,1,1] pk=1	
08:19:52	1787473192469935400,1787473192470637800		
08:19:53	1787473193667836400		
08:19:54			
08:19:56			[08:19:56] ↓ STATE  LOW → FLAT  0.0800 µSv/h | [08:19:56] 🔄 FLOOR RECURRENCE  dr=0.0800 µSv/h  prior=08:18:42  interval=73.5s  (1.22min)
08:19:57			[08:19:57] ↑ STATE  FLAT → LOW  0.1500 µSv/h | [08:19:57] ↓ STATE  LOW → FLAT  0.0800 µSv/h
08:19:58			[08:19:58] ⚡ CPS CLUSTER  8cts/10s  n=8  CV_IAT=1.150 |   RF est P=C·d²/K  @0.5m: 2.0-200.0W  (mid=10.0W)  CPS/s=0.8 | [08:19:58] ↑ STATE  FLAT → LOW  0.1400 µSv/h | [08:19:58] ↓ STATE  LOW → FLAT  0.0800 µSv/h
08:19:59			[08:19:59] ↑ STATE  FLAT → LOW  0.1300 µSv/h | [08:19:59] ↓ STATE  LOW → FLAT  0.0800 µSv/h
08:20:02			[08:20:02] ↑ STATE  FLAT → LOW  0.1100 µSv/h | [08:20:02] ↓ STATE  LOW → FLAT  0.0800 µSv/h
08:20:03	1787473203283058400		[08:20:03] ↑ STATE  FLAT → LOW  0.1000 µSv/h | [08:20:03] ↓ STATE  LOW → FLAT  0.0800 µSv/h
08:20:04	1787473204494627600		[Min 011  08:19:04]  CPM=00113  ✓ COMPLETE
08:20:05	1787473205676072400		
08:20:06	1787473206873762600		[08:20:06] ⚠⚠⚠ EMF FINGERPRINT  score=6/7  n=7pk/5fl |   χ²/μ=0.011  m=1.746  SWR=0.69  CV_R=0.358  PSCI=0.228  CV_Re=0.239
08:20:08	1787473208323023400		
08:20:09	1787473209309103000		
08:20:10	1787473210318194000		
08:20:11	1787473211822794800		
08:20:12	1787473212829916000		
08:20:14	1787473214329684500		[08:20:14] ⚡ STRUCTURED CLUSTER  14cts/10s  n=8  CV_IAT=0.166  non-Poisson |   RF est P=C·d²/K  @0.5m: 3.5-350.0W  (mid=17.5W)  CPS/s=1.4
08:20:15	1787473215332754400		
08:20:16	1787473216326866400		
08:20:17	1787473217822201000		
08:20:18	1787473218815067100		
08:20:21			
08:20:22	1787473222280013300		
08:20:23	1787473223495841000		[08:20:23] ⚡ OOK BURST PATTERN  CPS=1  burst=10.2s  gap=25.6s  duty=0.28  cycles=5 |   f=0.028Hz (ELF)  T=35.8s  CV_run=1.461  CV_gap=1.824  RF≈1.3W@0.5m |   ON/OFF KEYING SIGNATURE  identical CPS=1 repeated 5x  structured pulsed source confirmed
08:20:24	1787473224679631400		
08:20:25	1787473225881015000		
08:20:27	1787473227328083000		[08:20:27] 🔄 FLOOR RECURRENCE  dr=0.0600 µSv/h  prior=08:20:25  interval=1.4s  (0.02min)
08:20:28	1787473228322576600,1787473228327248600		
08:20:29	1787473229814777300,1787473229825230300		[08:20:29] ⚡ STRUCTURED CLUSTER  8cts/10s  n=8  CV_IAT=0.431  non-Poisson |   RF est P=C·d²/K  @0.5m: 2.0-200.0W  (mid=10.0W)  CPS/s=0.8
08:20:30	1787473230824145200,1787473230825141000		
08:20:33	1787473233088570400,1787473233089664800		
08:20:34	1787473234287161900,1787473234288467700		
08:20:35	1787473235499085000,1787473235500199700		
08:20:36	1787473236678535400,1787473236681718300	SIG#306 [1,0,1,0,0,0,1,0,1,0,0,0,1,0,1,0,0,0,1,0,1,0,0,0,1,0,1] pk=1	
08:20:37	1787473237883115500		
08:20:39	1787473239327562000		
08:20:40			
08:20:41			
08:20:42	1787473242839171600		
08:20:45	1787473245100178400		[08:20:45] ⚡ CPS CLUSTER  7cts/10s  n=7  CV_IAT=0.960 |   RF est P=C·d²/K  @0.5m: 1.8-175.0W  (mid=8.8W)  CPS/s=0.7
08:20:46	1787473246297205800,1787473246299704800		
08:20:47	1787473247493777400,1787473247495811000		
08:20:48	1787473248690815700,1787473248692477700,1787473248694491100		
08:20:49	1787473249891214300,1787473249892975900,1787473249894466000,1787473249895422700		
08:20:51	1787473251332830700,1787473251336018700,1787473251338253800,1787473251339307300		
08:20:52	1787473252353027300,1787473252355102000,1787473252357068300		[08:20:52] ↑ STATE  FLAT → LOW  0.1000 µSv/h | [08:20:52] ⚠⚠⚠ POWER LEVEL LOCK  dr=0.1000 µSv/h  hits=365  avg_interval=1.5s (0.02min)  CV=4.020 |   Source returns to identical power level 365x  Natural decay cannot reproduce fixed amplitude  Controlled RF source confirmed
08:20:53	1787473253825627100,1787473253830999000,1787473253832170800		[08:20:53] ↓ STATE  LOW → FLAT  0.0700 µSv/h | [08:20:53] ↑ STATE  FLAT → LOW  0.1000 µSv/h
08:20:54	1787473254838598100,1787473254839523300,1787473254846459600	SIG#311 [1,0,1,0,0,0,1,0,1,0,0,0,1,0,1,0,1,0,1,0,1,0,1,1,1,0,1,0,1,1,0,0,1,0,1,1,0,0,1,0,1,1] pk=1	[08:20:54] ↓ STATE  LOW → FLAT  0.0700 µSv/h | [08:20:54] ↑ STATE  FLAT → LOW  0.1000 µSv/h
08:20:57	1787473257097571600,1787473257098947000,1787473257101854500		[08:20:57] ↓ STATE  LOW → FLAT  0.0800 µSv/h | [08:20:57] ↑ STATE  FLAT → LOW  0.1000 µSv/h
08:20:58	1787473258296017200,1787473258299330000		[08:20:58] ↓ STATE  LOW → FLAT  0.0800 µSv/h | [08:20:58] 🔄 FLOOR RECURRENCE  dr=0.0800 µSv/h  prior=08:20:57  interval=1.2s  (0.02min) | [08:20:58] ⚠⚠ EMF FINGERPRINT  score=5/7  n=7pk/2fl |   χ²/μ=0.003  m=1.371  SWR=0.43  CV_R=0.189  PSCI=0.199  CV_Re=0.067 | [08:20:58] ↑ STATE  FLAT → LOW  0.1000 µSv/h
08:20:59	1787473259495496700	SIG#312 [1,1,0,0,0,3,1,1,0,0,0,3,0,1,0,0,0,3] pk=3	[08:20:59] ↓ STATE  LOW → FLAT  0.0900 µSv/h | [08:20:59] ↑ STATE  FLAT → LOW  0.1000 µSv/h
08:21:00	1787473260697281800		[08:21:00] ⚡ BEAT INTERFERENCE CONFIRMED |   y = A1·sin(2πf₁t) + A2·sin(2πf₂t) |   A1=0.2000µSv/h  A2=0.1300µSv/h  A2/A1=0.650  floor/peak=0.650 |   f_beat=|f₁-f₂|=0.19607Hz  T_beat=5.1s  band=SLF |   RF P≈C·d²/K: carrier1≈0.05W  carrier2≈0.02W  @d=0.5m (K=0.2) |   TWO-SOURCE INTERFERENCE  dominant=0.2000µSv/h  secondary=0.1300µSv/h  freq-sep≈0.19607Hz  CV_env=0.143 | [08:21:00] ⚡ CPS CLUSTER  27cts/10s  n=19  CV_IAT=1.508 |   RF est P=C·d²/K  @0.5m: 6.8-675.0W  (mid=33.8W)  CPS/s=2.7
08:21:01	1787473261891671000		
08:21:03	1787473263342706200		[08:21:03] ↑ STATE  LOW → ELEVATED  0.2000 µSv/h | [08:21:03] 🔄 PEAK RECURRENCE  dr=0.2000 µSv/h  seen 112x in log
08:21:04			[Min 012  08:20:04]  CPM=00089  ✓ COMPLETE | [08:21:04] ↑ STATE  ELEVATED → LOW  0.1400 µSv/h | [08:21:04] ↑ STATE  LOW → ELEVATED  0.2000 µSv/h
08:21:05			[08:21:05] ↑ STATE  ELEVATED → LOW  0.1500 µSv/h | [08:21:05] ↑ STATE  LOW → ELEVATED  0.2000 µSv/h
08:21:06			[08:21:06] ↑ STATE  ELEVATED → LOW  0.1600 µSv/h | [08:21:06] ↑ STATE  LOW → ELEVATED  0.2000 µSv/h | [08:21:06] ↑ STATE  ELEVATED → LOW  0.1900 µSv/h
08:21:08			[08:21:08] ↑ STATE  LOW → ELEVATED  0.2000 µSv/h | [08:21:08] ↑ STATE  ELEVATED → LOW  0.1900 µSv/h
08:21:09			[08:21:09] ⚡ OOK BURST PATTERN  CPS=1  burst=24.0s  gap=75.8s  duty=0.24  cycles=4 |   f=0.010Hz (ELF)  T=99.8s  CV_run=0.957  CV_gap=0.999  RF≈1.3W@0.5m |   ON/OFF KEYING SIGNATURE  identical CPS=1 repeated 4x  structured pulsed source confirmed | [08:21:09] ↑ STATE  LOW → ELEVATED  0.2000 µSv/h | [08:21:09] ↑ STATE  ELEVATED → LOW  0.1900 µSv/h
08:21:10			[08:21:10] ↑ STATE  LOW → ELEVATED  0.2000 µSv/h | [08:21:10] ↑ STATE  ELEVATED → LOW  0.1900 µSv/h
08:21:11	1787473271858818300		[08:21:11] ↑ STATE  LOW → ELEVATED  0.2000 µSv/h | [08:21:11] ↑ STATE  ELEVATED → LOW  0.1900 µSv/h
08:21:12	1787473272842031000,1787473272842966500		[08:21:12] ↑ STATE  LOW → ELEVATED  0.2000 µSv/h | [08:21:12] ↑ STATE  ELEVATED → LOW  0.1900 µSv/h
08:21:15	1787473275106322000,1787473275107169800		
08:21:16	1787473276340052700,1787473276344607200		[08:21:16] ⚡ CPS CLUSTER  5cts/10s  n=5  CV_IAT=1.144 |   RF est P=C·d²/K  @0.5m: 1.3-125.0W  (mid=6.3W)  CPS/s=0.5
08:21:17	1787473277518562000,1787473277519577900		
08:21:18	1787473278713721300,1787473278744945700		
08:21:19	1787473279897269000,1787473279901892000		
08:21:21	1787473281337702700		
08:21:22			
08:21:23			[08:21:23] ↓ STATE  LOW → FLAT  0.0800 µSv/h
08:21:24			[08:21:24] ↑ STATE  FLAT → LOW  0.1200 µSv/h | [08:21:24] ↓ STATE  LOW → FLAT  0.0800 µSv/h
08:21:27			[08:21:27] ↑ STATE  FLAT → LOW  0.1200 µSv/h | [08:21:27] ↓ STATE  LOW → FLAT  0.0800 µSv/h
08:21:28	1787473288311033900		[08:21:28] ↑ STATE  FLAT → LOW  0.1100 µSv/h | [08:21:28] ⚠⚠⚠ EMF FINGERPRINT  score=6/7  n=6pk/5fl |   χ²/μ=0.004  m=1.343  SWR=0.37  CV_R=0.178  PSCI=0.118  CV_Re=0.159 | [08:21:28] ↓ STATE  LOW → FLAT  0.0800 µSv/h | [08:21:28] 🔄 FLOOR RECURRENCE  dr=0.0800 µSv/h  prior=08:21:27  interval=1.2s  (0.02min)
08:21:29	1787473289528765200		[08:21:29] ↑ STATE  FLAT → LOW  0.1000 µSv/h | [08:21:29] ↓ STATE  LOW → FLAT  0.0800 µSv/h
08:21:30	1787473290715645400		[08:21:30] ↑ STATE  FLAT → LOW  0.1000 µSv/h | [08:21:30] ↓ STATE  LOW → FLAT  0.0800 µSv/h
08:21:31	1787473291904095000,1787473291905752300		[08:21:31] ⚡ CPS CLUSTER  5cts/10s  n=5  CV_IAT=0.576 |   RF est P=C·d²/K  @0.5m: 1.3-125.0W  (mid=6.3W)  CPS/s=0.5
08:21:33	1787473293351699500,1787473293353472800		
08:21:34	1787473294353156400,1787473294355864000		
08:21:35	1787473295846977500,1787473295853906700		
08:21:36	1787473296847602000,1787473296851232000	SIG#328 [1,0,0,1,0,0,1,0,0,1,0,0,1,0,0,1,0,0,1,0,0,1] pk=1	
08:21:39	1787473299110218200,1787473299119585000,1787473299123457300		
08:21:40	1787473300305118200,1787473300309196000,1787473300310086100		
08:21:41	1787473301513094100,1787473301522646000,1787473301529565400	SIG#329 [1,0,0,0,2,0,1,0,0,0,2,1,1,0,0,0,2,1] pk=2	
08:21:42	1787473302705119700,1787473302705881900,1787473302707322400		[08:21:42] ↑ STATE  FLAT → LOW  0.1000 µSv/h
08:21:43	1787473303901540400,1787473303902845400,1787473303905898200		[08:21:43] ↓ STATE  LOW → FLAT  0.0800 µSv/h | [08:21:43] ↑ STATE  FLAT → LOW  0.1000 µSv/h
08:21:45	1787473305350342700,1787473305351583000,1787473305353277400		[08:21:45] ↓ STATE  LOW → FLAT  0.0800 µSv/h | [08:21:45] ↑ STATE  FLAT → LOW  0.1000 µSv/h
08:21:46	1787473306350776300,1787473306352622300,1787473306355612200		[08:21:46] ↓ STATE  LOW → FLAT  0.0800 µSv/h | [08:21:46] ↑ STATE  FLAT → LOW  0.1000 µSv/h
08:21:47	1787473307845271600,1787473307855523000		[08:21:47] ⚡ CPS CLUSTER  27cts/10s  n=21  CV_IAT=1.526 |   RF est P=C·d²/K  @0.5m: 6.8-675.0W  (mid=33.8W)  CPS/s=2.7 | [08:21:47] ↓ STATE  LOW → FLAT  0.0900 µSv/h | [08:21:47] ↑ STATE  FLAT → LOW  0.1000 µSv/h
08:21:48	1787473308840942000,1787473308849903900,1787473308852318200		[08:21:48] ↓ STATE  LOW → FLAT  0.0900 µSv/h | [08:21:48] ↑ STATE  FLAT → LOW  0.1000 µSv/h
08:21:51	1787473311118427000,1787473311120348200		
08:21:52	1787473312307111700,1787473312308771600,1787473312310406700		
08:21:53	1787473313520962600,1787473313522834700,1787473313524596000		[08:21:53] ⚠⚠⚠ POWER LEVEL LOCK  dr=0.1400 µSv/h  hits=313  avg_interval=2.4s (0.04min)  CV=4.785 |   Source returns to identical power level 313x  Natural decay cannot reproduce fixed amplitude  Controlled RF source confirmed
08:21:54	1787473314704758300,1787473314709537800,1787473314716764000		[08:21:54] ⚡ OOK BURST PATTERN  CPS=1  burst=1.3s  gap=1.3s  duty=0.50  cycles=3 |   f=0.375Hz (SLF)  T=2.7s  CV_run=0.354  CV_gap=0.354  RF≈1.3W@0.5m |   ON/OFF KEYING SIGNATURE  identical CPS=1 repeated 3x  structured pulsed source confirmed
08:21:55	1787473315904201500,1787473315906660000		
08:21:57	1787473317351751000,1787473317354785500	SIG#330 [2,1,0,1,0,0,2,1,0,1,0,0,2,1,0,1,0,0,2,1,0,1,0,0,0,1,0,1,0,0,0,1,0,1,0,0,0,1,0,1,0,0,0,1,0,2,0,0,0,1,0,2,0,0,0,1,0,2,0,1,0,1,0,2,0,1,0,1,0,2,0,1,0,0,0,2,0,1,0,0,0,2,0,1] pk=2	[08:21:57] ↑ STATE  LOW → ELEVATED  0.2000 µSv/h | [08:21:57] 🔄 PEAK RECURRENCE  dr=0.2000 µSv/h  seen 127x in log
08:21:58	1787473318365231900		[08:21:58] ↑ STATE  ELEVATED → LOW  0.1800 µSv/h | [08:21:58] ⚠⚠⚠ EMF FINGERPRINT  score=6/7  n=5pk/5fl |   χ²/μ=0.007  m=1.375  SWR=0.36  CV_R=0.208  PSCI=0.105  CV_Re=0.218 | [08:21:58] ↑ STATE  LOW → ELEVATED  0.2000 µSv/h
08:21:59	1787473319847216400		[08:21:59] ↑ STATE  ELEVATED → LOW  0.1800 µSv/h | [08:21:59] ↑ STATE  LOW → ELEVATED  0.2000 µSv/h | [08:21:59] ↑ STATE  ELEVATED → LOW  0.1900 µSv/h
08:22:00			[08:22:00] ↑ STATE  LOW → ELEVATED  0.2000 µSv/h | [08:22:00] ↑ STATE  ELEVATED → LOW  0.1900 µSv/h
08:22:02			[08:22:02] ↑ STATE  LOW → ELEVATED  0.2000 µSv/h | [08:22:02] ↑ STATE  ELEVATED → LOW  0.1900 µSv/h | [08:22:02] ⚡ BEAT INTERFERENCE CONFIRMED |   y = A1·sin(2πf₁t) + A2·sin(2πf₂t) |   A1=0.2000µSv/h  A2=0.1000µSv/h  A2/A1=0.500  floor/peak=0.500 |   f_beat=|f₁-f₂|=0.49310Hz  T_beat=2.0s  band=SLF |   RF P≈C·d²/K: carrier1≈0.05W  carrier2≈0.01W  @d=0.5m (K=0.2) |   TWO-SOURCE INTERFERENCE  dominant=0.2000µSv/h  secondary=0.1000µSv/h  freq-sep≈0.49310Hz  CV_env=0.250
08:22:03			[08:22:03] ⚡ CPS CLUSTER  16cts/10s  n=12  CV_IAT=1.108 |   RF est P=C·d²/K  @0.5m: 4.0-400.0W  (mid=20.0W)  CPS/s=1.6 | [08:22:03] ↑ STATE  LOW → ELEVATED  0.2000 µSv/h | [08:22:03] ↑ STATE  ELEVATED → LOW  0.1900 µSv/h
08:22:04	1787473324363811300		[Min 013  08:21:04]  CPM=00084  ✓ COMPLETE | [08:22:04] ↑ STATE  LOW → ELEVATED  0.2000 µSv/h | [08:22:04] ↑ STATE  ELEVATED → LOW  0.1900 µSv/h
08:22:05	1787473325866306300		[08:22:05] ↑ STATE  LOW → ELEVATED  0.2000 µSv/h | [08:22:05] ↑ STATE  ELEVATED → LOW  0.1900 µSv/h
08:22:06	1787473326864750800		
08:22:09	1787473329105176800,1787473329107377700		
08:22:10	1787473330318819800,1787473330322267400		
08:22:11	1787473331516456200,1787473331519537400		
08:22:12	1787473332712686800,1787473332718106400		
08:22:13	1787473333928892200	SIG#336 [1,0,0,2,0,0,1,0,0,2,0,0,1,0,0,2,0,0,1,0,0,2] pk=2	
08:22:15	1787473335356343000		
08:22:16	1787473336364730600,1787473336380617700		
08:22:17	1787473337868564200,1787473337870385200		
08:22:18	1787473338858374700,1787473338859263700		[08:22:18] ⚡ CPS CLUSTER  23cts/10s  n=14  CV_IAT=0.933 |   RF est P=C·d²/K  @0.5m: 5.8-575.0W  (mid=28.8W)  CPS/s=2.3
08:22:21	1787473341119139800,1787473341121125600		
08:22:22	1787473342320787200,1787473342321420300		
08:22:23	1787473343525006600,1787473343526896000,1787473343532080600		
08:22:24	1787473344720811300,1787473344723614200,1787473344728323300		
08:22:25	1787473345921898000,1787473345925266200,1787473345926975000		
08:22:27	1787473347360344000,1787473347361695700		
08:22:28	1787473348373313500,1787473348374566000		
08:22:29	1787473349854565600,1787473349857170200		[08:22:29] ⚠ EMF FINGERPRINT  score=4/7  n=6pk/2fl |   χ²/μ=0.001  m=1.147  SWR=0.19  CV_R=0.101  PSCI=0.096  CV_Re=0.040
08:22:30	1787473350862511900,1787473350865374700	SIG#345 [2,1,0,0,0,1,2,1,0,0,0,1,0,1,0,0,0,1,0,1,0,0,0,1,0,1,0,0,0,1,0,1,0,0,0,1,0,1,0,0,0,1,0,1] pk=2	
08:22:33	1787473353119403500,1787473353125518800		
08:22:34	1787473354315780600,1787473354321953300		[08:22:34] ⚡ CPS CLUSTER  19cts/10s  n=17  CV_IAT=1.212 |   RF est P=C·d²/K  @0.5m: 4.8-475.0W  (mid=23.8W)  CPS/s=1.9
08:22:35	1787473355531238400		
08:22:36	1787473356722925800		
08:22:37	1787473357922785500		
08:22:39	1787473359359067000		
08:22:40	1787473360365642800		[08:22:40] ⚡ OOK BURST PATTERN  CPS=1  burst=3.3s  gap=8.7s  duty=0.28  cycles=6 |   f=0.083Hz (ELF)  T=12.0s  CV_run=1.435  CV_gap=1.256  RF≈1.3W@0.5m |   ON/OFF KEYING SIGNATURE  identical CPS=1 repeated 6x  structured pulsed source confirmed
08:22:41	1787473361869897000		
08:22:42	1787473362866175200		
08:22:45	1787473365130762500,1787473365132491300		
08:22:46	1787473366327364000,1787473366330092300		
08:22:47	1787473367541305300,1787473367543984400		
08:22:48	1787473368723271200,1787473368725701000		
08:22:49	1787473369915332400,1787473369923625700	SIG#356 [1,0,2,0,0,0,1,0,2,0,0,0,1,0,2,0,0,0,1,0,2,0,0,0,1,0,2] pk=2	[08:22:49] ⚡ CPS CLUSTER  17cts/10s  n=12  CV_IAT=0.836 |   RF est P=C·d²/K  @0.5m: 4.3-425.0W  (mid=21.3W)  CPS/s=1.7
08:22:51	1787473371131669800		
08:22:52	1787473372319591000		
08:22:53			[08:22:53] ⚠⚠⚠ POWER LEVEL LOCK  dr=0.1500 µSv/h  hits=231  avg_interval=3.5s (0.06min)  CV=4.072 |   Source returns to identical power level 231x  Natural decay cannot reproduce fixed amplitude  Controlled RF source confirmed
08:22:54			
08:22:55			
08:22:57			
08:22:58			
08:22:59			[08:22:59] ⚠⚠⚠ EMF FINGERPRINT  score=6/7  n=4pk/4fl |   χ²/μ=0.002  m=1.348  SWR=0.26  CV_R=0.120  PSCI=0.072  CV_Re=0.097 | [08:22:59] ↓ STATE  LOW → FLAT  0.0900 µSv/h | [08:22:59] 🔄 FLOOR RECURRENCE  dr=0.0900 µSv/h  prior=08:21:48  interval=71.0s  (1.18min)
08:23:00	1787473380875294500		[08:23:00] ↑ STATE  FLAT → LOW  0.1200 µSv/h | [08:23:00] ↓ STATE  LOW → FLAT  0.0900 µSv/h
08:23:03	1787473383135619000		[08:23:03] ↑ STATE  FLAT → LOW  0.1100 µSv/h | [08:23:03] ⚡ BEAT INTERFERENCE CONFIRMED |   y = A1·sin(2πf₁t) + A2·sin(2πf₂t) |   A1=0.1800µSv/h  A2=0.1100µSv/h  A2/A1=0.611  floor/peak=0.611 |   f_beat=|f₁-f₂|=0.53107Hz  T_beat=1.9s  band=SLF |   RF P≈C·d²/K: carrier1≈0.04W  carrier2≈0.02W  @d=0.5m (K=0.2) |   TWO-SOURCE INTERFERENCE  dominant=0.1800µSv/h  secondary=0.1100µSv/h  freq-sep≈0.53107Hz  CV_env=0.127 | [08:23:03] ↓ STATE  LOW → FLAT  0.0900 µSv/h
08:23:04	1787473384333125000		[Min 014  08:22:04]  CPM=00093  ✓ COMPLETE | [08:23:04] ↑ STATE  FLAT → LOW  0.1100 µSv/h | [08:23:04] ↓ STATE  LOW → FLAT  0.0900 µSv/h
08:23:05	1787473385531576300		[08:23:05] ↑ STATE  FLAT → LOW  0.1000 µSv/h | [08:23:05] ↓ STATE  LOW → FLAT  0.0900 µSv/h
08:23:06	1787473386730349600		[08:23:06] ↑ STATE  FLAT → LOW  0.1000 µSv/h | [08:23:06] ↓ STATE  LOW → FLAT  0.0900 µSv/h | [08:23:06] ⚡ STRUCTURED CLUSTER  5cts/10s  n=5  CV_IAT=0.314  non-Poisson |   RF est P=C·d²/K  @0.5m: 1.3-125.0W  (mid=6.3W)  CPS/s=0.5
08:23:07	1787473387930423800,1787473387934125000		
08:23:09	1787473389365861600,1787473389374855200,1787473389376215000		
08:23:10	1787473390395429600,1787473390396448300		
08:23:11	1787473391870529800,1787473391871812600,1787473391873368600		
08:23:12	1787473392873805300,1787473392874570200,1787473392875847400		
08:23:15	1787473395134686000,1787473395137430300,1787473395139676200		
08:23:16	1787473396333237200,1787473396334141200,1787473396335518700		[08:23:16] ↑ STATE  FLAT → LOW  0.1000 µSv/h
08:23:17	1787473397545022500,1787473397549143000	SIG#368 [1,1,0,1,0,0,1,1,0,1,0,0,1,1,0,1,0,0,1,1,0,1,0,0,0,1,0,1] pk=1	[08:23:17] ↓ STATE  LOW → FLAT  0.0700 µSv/h | [08:23:17] ↑ STATE  FLAT → LOW  0.1000 µSv/h
08:23:18	1787473398726003700		[08:23:18] ↓ STATE  LOW → FLAT  0.0700 µSv/h | [08:23:18] ↑ STATE  FLAT → LOW  0.1000 µSv/h
08:23:19	1787473399937595100,1787473399945015300		[08:23:19] ↓ STATE  LOW → FLAT  0.0700 µSv/h | [08:23:19] ↑ STATE  FLAT → LOW  0.1000 µSv/h
08:23:21	1787473401376633300		[08:23:21] ↓ STATE  LOW → FLAT  0.0800 µSv/h | [08:23:21] ↑ STATE  FLAT → LOW  0.1000 µSv/h
08:23:22	1787473402373341200,1787473402374805000		[08:23:22] ⚡ CPS CLUSTER  15cts/10s  n=15  CV_IAT=1.223 |   RF est P=C·d²/K  @0.5m: 3.8-375.0W  (mid=18.8W)  CPS/s=1.5 | [08:23:22] ↓ STATE  LOW → FLAT  0.0900 µSv/h | [08:23:22] ↑ STATE  FLAT → LOW  0.1000 µSv/h
08:23:23	1787473403395978200,1787473403400757200,1787473403402278100		[08:23:23] ⚠ BURST PAIR  pairs=9  interval=99.2s  CV=1.290  spacings=[216.9,301.0,2.3,1.2,1.2,1.2,1.2,268.6]  span=793.5s |   f=0.010Hz  T=99.2s  pair_width=2s  CPS≥2  structured burst-pair source
08:23:24	1787473404873033200,1787473404874542800,1787473404875234800		
08:23:25	1787473405866848800,1787473405868727300,1787473405869578000		[08:23:25] ⚡ OOK BURST PATTERN  CPS=1  burst=11.0s  gap=27.7s  duty=0.28  cycles=3 |   f=0.026Hz (ELF)  T=38.7s  CV_run=1.286  CV_gap=1.363  RF≈1.3W@0.5m |   ON/OFF KEYING SIGNATURE  identical CPS=1 repeated 3x  structured pulsed source confirmed
08:23:28	1787473408133272800,1787473408134998800,1787473408135850800,1787473408142197800		
08:23:29	1787473409334226400,1787473409334954200,1787473409342584800		
08:23:30	1787473410543556400,1787473410544338400,1787473410548715500		[08:23:30] ⚠⚠⚠ EMF FINGERPRINT  score=6/7  n=6pk/6fl |   χ²/μ=0.004  m=1.561  SWR=0.46  CV_R=0.176  PSCI=0.143  CV_Re=0.180
08:23:31	1787473411740812000,1787473411743148500		
08:23:32	1787473412940644400	SIG#373 [1,0,3,0,0,0,1,0,3,2,0,0,1,0,3,2,0,0,1,0,3,2,0,0,1,0,3,2,0,0,1,0,3,2,0,0,1,0,3,2,0,0,1,0,0,2,0,0,1] pk=3	
08:23:34	1787473414371864300		
08:23:35	1787473415382674200,1787473415389908000		
08:23:36	1787473416886263000		
08:23:37	1787473417884265700		[08:23:37] ⚡ CPS CLUSTER  27cts/10s  n=17  CV_IAT=1.141 |   RF est P=C·d²/K  @0.5m: 6.8-675.0W  (mid=33.8W)  CPS/s=2.7
08:23:40	1787473420146135800		
08:23:41	1787473421343588900		
08:23:42	1787473422539096800		
08:23:43	1787473423736665300		
08:23:44	1787473424940155000		
08:23:46	1787473426155922400		
08:23:47	1787473427347589000		
08:23:48	1787473428555791000		[08:23:48] ↓ STATE  LOW → FLAT  0.0900 µSv/h | [08:23:48] 🔄 FLOOR RECURRENCE  dr=0.0900 µSv/h  prior=08:23:22  interval=26.2s  (0.44min)
08:23:49	1787473429742303200		[08:23:49] ↑ STATE  FLAT → LOW  0.1400 µSv/h | [08:23:49] ↓ STATE  LOW → FLAT  0.0900 µSv/h
08:23:50	1787473430942816000		[08:23:50] ↑ STATE  FLAT → LOW  0.1400 µSv/h | [08:23:50] ↓ STATE  LOW → FLAT  0.0900 µSv/h
08:23:52	1787473432384559400,1787473432396516600		[08:23:52] ↑ STATE  FLAT → LOW  0.1300 µSv/h | [08:23:52] ↓ STATE  LOW → FLAT  0.0900 µSv/h
08:23:53	1787473433405801000		[08:23:53] ⚡ STRUCTURED CLUSTER  9cts/10s  n=9  CV_IAT=0.381  non-Poisson |   RF est P=C·d²/K  @0.5m: 2.3-225.0W  (mid=11.3W)  CPS/s=0.9 | [08:23:53] ↑ STATE  FLAT → LOW  0.1100 µSv/h | [08:23:53] ↓ STATE  LOW → FLAT  0.0900 µSv/h
08:23:54	1787473434894866400		[08:23:54] ↑ STATE  FLAT → LOW  0.1000 µSv/h | [08:23:54] ⚠⚠⚠ POWER LEVEL LOCK  dr=0.1000 µSv/h  hits=427  avg_interval=1.7s (0.03min)  CV=3.839 |   Source returns to identical power level 427x  Natural decay cannot reproduce fixed amplitude  Controlled RF source confirmed | [08:23:54] ↓ STATE  LOW → FLAT  0.0900 µSv/h
08:23:55	1787473435890894800		
08:23:57	1787473437387291400		
08:23:58	1787473438404331300,1787473438419241200		
08:23:59	1787473439464623600,1787473439468452900		
08:24:00	1787473440895195100		[08:24:00] ⚠⚠⚠ EMF FINGERPRINT  score=6/7  n=8pk/3fl |   χ²/μ=0.005  m=1.464  SWR=0.51  CV_R=0.239  PSCI=0.206  CV_Re=0.117
08:24:01	1787473441888969500		
08:24:04	1787473444148456000		[Min 015  08:23:04]  CPM=00100  ✓ COMPLETE
08:24:05	1787473445352610300		
08:24:06	1787473446546072000		
08:24:07	1787473447755614000		
08:24:08	1787473448945022000		[08:24:08] ⚡ CPS CLUSTER  8cts/10s  n=8  CV_IAT=0.519 |   RF est P=C·d²/K  @0.5m: 2.0-200.0W  (mid=10.0W)  CPS/s=0.8
08:24:10	1787473450384416300		
08:24:11	1787473451403155500		[08:24:11] ⚡ OOK BURST PATTERN  CPS=1  burst=1.0s  gap=1.3s  duty=0.43  cycles=3 |   f=0.429Hz (SLF)  T=2.3s  CV_run=0.000  CV_gap=0.354  RF≈1.3W@0.5m |   ON/OFF KEYING SIGNATURE  identical CPS=1 repeated 3x  structured pulsed source confirmed
08:24:12	1787473452880191200		
08:24:13	1787473453880084000,1787473453893284900		
08:24:16	1787473456142703900,1787473456154271700		
08:24:17	1787473457356755000		
08:24:18	1787473458556568000,1787473458564109600		[08:24:18] 🔄 FLOOR RECURRENCE  dr=0.0700 µSv/h  prior=08:24:18  interval=0.0s  (0.00min)
08:24:19	1787473459746857500,1787473459751481900		
08:24:20	1787473460944286000,1787473460948612600		
08:24:22	1787473462387870000,1787473462395842300		
08:24:23	1787473463399060700	SIG#413 [1,0,0,1,0,0,1,0,0,1,0,0,1,0,0,1,0,0,1,0,0,1] pk=1	
08:24:24	1787473464889849600		[08:24:24] ⚡ CPS CLUSTER  12cts/10s  n=12  CV_IAT=0.914 |   RF est P=C·d²/K  @0.5m: 3.0-300.0W  (mid=15.0W)  CPS/s=1.2
08:24:25	1787473465894487800,1787473465904322600		
08:24:28	1787473468158510300		
08:24:29	1787473469354681600,1787473469356523000		[08:24:29] ↑ STATE  FLAT → LOW  0.1000 µSv/h
08:24:30	1787473470364148000,1787473470367004700		[08:24:30] ↓ STATE  LOW → FLAT  0.0700 µSv/h | [08:24:30] ↑ STATE  FLAT → LOW  0.1000 µSv/h
08:24:31	1787473471555342600,1787473471561873200		[08:24:31] ↓ STATE  LOW → FLAT  0.0700 µSv/h | [08:24:31] ⚠⚠ EMF FINGERPRINT  score=5/7  n=5pk/2fl |   χ²/μ=0.002  m=1.533  SWR=0.34  CV_R=0.148  PSCI=0.127  CV_Re=0.000 | [08:24:31] ↑ STATE  FLAT → LOW  0.1000 µSv/h
08:24:32	1787473472759315700,1787473472762297000		[08:24:32] ↓ STATE  LOW → FLAT  0.0800 µSv/h | [08:24:32] ↑ STATE  FLAT → LOW  0.1000 µSv/h
08:24:33	1787473473952529000,1787473473958821400	SIG#419 [1,0,1,0,0,0,1,0,1,0,0,0,1,0,1,0,0,0,1,0,1,0,0,0,1,0,1] pk=1	[08:24:33] ⚡ BEAT INTERFERENCE CONFIRMED |   y = A1·sin(2πf₁t) + A2·sin(2πf₂t) |   A1=0.1900µSv/h  A2=0.1200µSv/h  A2/A1=0.632  floor/peak=0.632 |   f_beat=|f₁-f₂|=0.28867Hz  T_beat=3.5s  band=SLF |   RF P≈C·d²/K: carrier1≈0.05W  carrier2≈0.02W  @d=0.5m (K=0.2) |   TWO-SOURCE INTERFERENCE  dominant=0.1900µSv/h  secondary=0.1200µSv/h  freq-sep≈0.28867Hz  CV_env=0.136 | [08:24:33] ↓ STATE  LOW → FLAT  0.0800 µSv/h | [08:24:33] ↑ STATE  FLAT → LOW  0.1000 µSv/h
08:24:35	1787473475404757800		[08:24:35] ↓ STATE  LOW → FLAT  0.0900 µSv/h | [08:24:35] ↑ STATE  FLAT → LOW  0.1000 µSv/h
08:24:36	1787473476397454000,1787473476428973000		
08:24:37	1787473477893864700		
08:24:38	1787473478893161500		
08:24:40	1787473480389070300,1787473480390961700		[08:24:40] ⚡ CPS CLUSTER  14cts/10s  n=11  CV_IAT=0.828 |   RF est P=C·d²/K  @0.5m: 3.5-350.0W  (mid=17.5W)  CPS/s=1.4
08:24:41	1787473481412729000,1787473481418664700		
08:24:42	1787473482398280700,1787473482400322600,1787473482401916700		
08:24:43	1787473483892905500,1787473483895390500,1787473483897756000,1787473483898831400		
08:24:44	1787473484893990100,1787473484896358000,1787473484897654000,1787473484898226200		
08:24:47	1787473487155356000,1787473487158493700,1787473487159204900,1787473487159652900,1787473487161438500		
08:24:48	1787473488363111200,1787473488368978700,1787473488371250200,1787473488371850000,1787473488372721400		[08:24:48] 🔒 CPS LOCK  CPS=1 x4+ consecutive  P(Poisson)<<0.001  RF≈1.3W@0.5m | [08:24:48] 小刀 PAINTBRUSH BURST  5 consecutive ticks  total=5cts  avg=1.0CPS  RF~1.3W@0.5m  bars merge = dense burst | [08:24:48] 🔒 CPS LOCK END  was CPS=1 x4  now CPS=0 | [08:24:48] ⚠⚠⚠ CONFIRMED ATTACK  CONSECUTIVE CPS CLUSTER  run=5s  total_counts=5  avg=1.00CPS/s  dr=0.1400  span=1.2s |   Poisson P(run≥5)<<0.001  NON-NATURAL SOURCE CONFIRMED  start=08:24:47 | [08:24:48] ⚠⚠⚠ CPS UNIFORMITY LOCK  CPS=1 on 18/30s (60.0%)  zeros=11  highs=1  Poisson P<<0.001  CONTROLLED SOURCE CONFIRMED |   Natural Poisson: expected CPS=1 on ~9-13s  observed=18s  locked synthetic output indicated
08:24:49	1787473489553118000,1787473489554082000,1787473489554588400,1787473489556061400,1787473489557908200		
08:24:50	1787473490747484000,1787473490751659300,1787473490752319200,1787473490753391000,1787473490755200000		
08:24:51	1787473491948871400,1787473491951295200,1787473491953143000,1787473491954694400		
08:24:53	1787473493399502300,1787473493400320300,1787473493401564700		
08:24:54	1787473494399405600,1787473494400723200	SIG#425 [2,0,0,1,0,0,2,0,0,1,0,0,2,0,0,1,0,1,2,0,0,1,0,1,1,0,0,1,0,1,1,1,0,1,0,1,1,1,1,1,0,1,1,1,1,0,0,1,1,1,1,0,2,1,1,1,1,0,2,0,1,1,1,0,2,0,0,1,1,0,2,0,0,0,1,0,2] pk=2	
08:24:55	1787473495400279600		[08:24:55] ⚡ CPS CLUSTER  34cts/10s  n=29  CV_IAT=1.916 |   RF est P=C·d²/K  @0.5m: 8.5-850.0W  (mid=42.5W)  CPS/s=3.4 | [08:24:55] ⚠⚠⚠ POWER LEVEL LOCK  dr=0.1600 µSv/h  hits=203  avg_interval=4.5s (0.07min)  CV=3.911 |   Source returns to identical power level 203x  Natural decay cannot reproduce fixed amplitude  Controlled RF source confirmed
08:24:56	1787473496900797000		[08:24:56] ⚡ OOK BURST PATTERN  CPS=1  burst=2.0s  gap=1.0s  duty=0.67  cycles=3 |   f=0.333Hz (SLF)  T=3.0s  CV_run=0.408  CV_gap=0.000  RF≈1.3W@0.5m |   ON/OFF KEYING SIGNATURE  identical CPS=1 repeated 3x  structured pulsed source confirmed
08:24:57	1787473497904141000		
08:25:00	1787473500159823400		
08:25:01	1787473501370270200		
08:25:02	1787473502565123000,1787473502567294700		
08:25:03	1787473503763441700,1787473503765750800		
08:25:04	1787473504960367400,1787473504962926300		[Min 016  08:24:04]  CPM=00108  ✓ COMPLETE
08:25:06	1787473506406827500,1787473506410087000		
08:25:07	1787473507407191800,1787473507411890200	SIG#431 [1,0,0,1,0,0,1,0,0,1,0,0,1,0,0,1,0,0,1,0,0,1] pk=1	
08:25:08	1787473508897844000,1787473508906044200,1787473508907094500		
08:25:09	1787473509904854800,1787473509908018400,1787473509908707600,1787473509909698800		[08:25:09] ⚠ EMF FINGERPRINT  score=4/7  n=2pk/5fl |   χ²/μ=0.001  m=1.217  SWR=0.17  CV_R=0.077  PSCI=0.027  CV_Re=0.105
08:25:12	1787473512167858200,1787473512168676900,1787473512169857500		[08:25:12] ⚡ CPS CLUSTER  18cts/10s  n=17  CV_IAT=1.308 |   RF est P=C·d²/K  @0.5m: 4.5-450.0W  (mid=22.5W)  CPS/s=1.8
08:25:13	1787473513382572500,1787473513385826000,1787473513387044900,1787473513389131500		
08:25:14	1787473514559208700,1787473514561708000,1787473514563396900,1787473514565438700,1787473514566644700		
08:25:15	1787473515756161800,1787473515760469800,1787473515761757700,1787473515763960800,1787473515764981200		[08:25:15] 小刀 PAINTBRUSH BURST  5 consecutive ticks  total=6cts  avg=1.2CPS  RF~1.5W@0.5m  bars merge = dense burst | [08:25:15] ⚠⚠⚠ CONFIRMED ATTACK  CONSECUTIVE CPS CLUSTER  run=5s  total_counts=6  avg=1.20CPS/s  dr=0.1200  span=1.2s |   Poisson P(run≥5)<<0.001  NON-NATURAL SOURCE CONFIRMED  start=08:25:14
08:25:16	1787473516957858000,1787473516959582000,1787473516961472300,1787473516962543400		
08:25:18	1787473518404838000,1787473518408349000,1787473518409226200		
08:25:19	1787473519424150000,1787473519425632300,1787473519429942800	SIG#432 [1,0,0,0,1,0,1,0,0,0,1,1,1,0,0,0,1,1,2,0,0,0,1,1,2,0,0,0,1,1,2,0,1,0,1,1,2,0,1,1,1,1,2,0,1,1,0,1,2,0,1,1,0,0,2,0,1,1] pk=2	
08:25:20	1787473520409725400,1787473520410459100,1787473520420113700,1787473520422384600		
08:25:21	1787473521903414300,1787473521906434600,1787473521907116000		
08:25:22	1787473522906137600,1787473522906903000,1787473522908320300	SIG#433 [1,1,0,0,0,1,1,1,0,0,0,1,1,1,0,0,0,1,1] pk=1	
08:25:25	1787473525165311000,1787473525166887200,1787473525169234200		
08:25:26	1787473526376048400,1787473526378656800,1787473526382521300		
08:25:27	1787473527570019800,1787473527573963300,1787473527575849500		[08:25:27] ⚡ CPS CLUSTER  24cts/10s  n=23  CV_IAT=1.563 |   RF est P=C·d²/K  @0.5m: 6.0-600.0W  (mid=30.0W)  CPS/s=2.4
08:25:28	1787473528765367000,1787473528766935000	SIG#434 [1,1,0,1,0,0,1,1,0,1,0,0,1,1,0,1,0,0,1,1,0,1,0,0,0,1,0,1] pk=1	
08:25:29	1787473529966372400,1787473529976440000		
08:25:31	1787473531161928200,1787473531173012700,1787473531173823700		
08:25:32	1787473532390187300,1787473532391265000		
08:25:33	1787473533575982600,1787473533578364700		
08:25:34	1787473534769866500,1787473534770614300		[08:25:34] ⚡ BEAT INTERFERENCE CONFIRMED |   y = A1·sin(2πf₁t) + A2·sin(2πf₂t) |   A1=0.1900µSv/h  A2=0.1200µSv/h  A2/A1=0.632  floor/peak=0.632 |   f_beat=|f₁-f₂|=0.31240Hz  T_beat=3.2s  band=SLF |   RF P≈C·d²/K: carrier1≈0.05W  carrier2≈0.02W  @d=0.5m (K=0.2) |   TWO-SOURCE INTERFERENCE  dominant=0.1900µSv/h  secondary=0.1200µSv/h  freq-sep≈0.31240Hz  CV_env=0.136
08:25:35	1787473535967672600,1787473535968413400		
08:25:37	1787473537415722800,1787473537416942600		
08:25:38	1787473538413368600		
08:25:39	1787473539424854500		
08:25:40	1787473540927028000,1787473540929549300		[08:25:40] ⚠⚠ EMF FINGERPRINT  score=5/7  n=7pk/3fl |   χ²/μ=0.001  m=1.214  SWR=0.13  CV_R=0.058  PSCI=0.000  CV_Re=0.058
08:25:41	1787473541910782500,1787473541911537700		[08:25:41] ⚡ OOK BURST PATTERN  CPS=1  burst=15.7s  gap=28.0s  duty=0.36  cycles=3 |   f=0.023Hz (ELF)  T=43.7s  CV_run=1.189  CV_gap=1.339  RF≈1.3W@0.5m |   ON/OFF KEYING SIGNATURE  identical CPS=1 repeated 3x  structured pulsed source confirmed
08:25:44	1787473544170229200,1787473544170933200		[08:25:44] ⚡ CPS CLUSTER  15cts/10s  n=12  CV_IAT=0.943 |   RF est P=C·d²/K  @0.5m: 3.8-375.0W  (mid=18.8W)  CPS/s=1.5
08:25:45	1787473545390973400,1787473545400349700		
08:25:46	1787473546578714400,1787473546582297600		
08:25:47	1787473547773249500,1787473547776774700		
08:25:48	1787473548976237600,1787473548984780000		
08:25:50	1787473550428176400,1787473550429282000		
08:25:51	1787473551426535200,1787473551427302700,1787473551428023600		
08:25:52	1787473552929162000,1787473552931250700,1787473552932700700		
08:25:53	1787473553934103600,1787473553937229600,1787473553938113500		
08:25:56	1787473556182590500,1787473556184554200,1787473556185230000		[08:25:56] ⚠⚠⚠ POWER LEVEL LOCK  dr=0.1400 µSv/h  hits=485  avg_interval=2.1s (0.03min)  CV=4.725 |   Source returns to identical power level 485x  Natural decay cannot reproduce fixed amplitude  Controlled RF source confirmed
08:25:57	1787473557389719600,1787473557393628000,1787473557394186200	SIG#454 [1,1,1,0,0,0,1,1,1,0,0,0,1,1,1,0,0,0,1,1,1,0,0,0,1,1,1] pk=1	
08:25:58	1787473558576630000,1787473558579158300,1787473558584541700		
08:25:59	1787473559774168600,1787473559782022100		[08:25:59] ⚡ CPS CLUSTER  21cts/10s  n=21  CV_IAT=1.450 |   RF est P=C·d²/K  @0.5m: 5.3-525.0W  (mid=26.3W)  CPS/s=2.1
08:26:00	1787473560994119400		
08:26:02	1787473562428824800		
08:26:03	1787473563430423300		
08:26:04	1787473564926859800		[Min 017  08:25:04]  CPM=00131  ✓ COMPLETE
08:26:05	1787473565921332200,1787473565929628700		
08:26:08	1787473568187126300		
08:26:09	1787473569398094000		
08:26:10	1787473570592385500,1787473570596388600		
08:26:11	1787473571794655200,1787473571797126000,1787473571797987800		
08:26:12	1787473572994290200,1787473572996564700,1787473572997113900		
08:26:14	1787473574425676000,1787473574428359400,1787473574428943000		
08:26:15	1787473575440207000,1787473575440886300	SIG#466 [1,0,0,2,0,0,1,0,0,2,1,0,1,0,0,2,1,0,1,0,0,2,1] pk=2	[08:26:15] ⚡ CPS CLUSTER  19cts/10s  n=15  CV_IAT=1.223 |   RF est P=C·d²/K  @0.5m: 4.8-475.0W  (mid=23.8W)  CPS/s=1.9
08:26:16	1787473576931103700,1787473576931615000		
08:26:17	1787473577923334700,1787473577924240000		
08:26:20	1787473580196211200		
08:26:21	1787473581397737500		
08:26:22	1787473582598154200		
08:26:23	1787473583793549000		
08:26:24	1787473584990702300		
08:26:26	1787473586436356900		
08:26:27	1787473587433544700		[08:26:27] ⚡ OOK BURST PATTERN  CPS=1  burst=1.3s  gap=3.3s  duty=0.29  cycles=6 |   f=0.214Hz (SLF)  T=4.7s  CV_run=0.354  CV_gap=0.224  RF≈1.3W@0.5m |   ON/OFF KEYING SIGNATURE  identical CPS=1 repeated 6x  structured pulsed source confirmed
08:26:28	1787473588940286500		
08:26:29			[08:26:29] ⚠ EMF FINGERPRINT  score=4/7  n=2pk/4fl |   χ²/μ=0.001  m=1.222  SWR=0.16  CV_R=0.078  PSCI=0.030  CV_Re=0.083
08:26:32			[08:26:32] ⚡ STRUCTURED CLUSTER  6cts/10s  n=6  CV_IAT=0.146  non-Poisson |   RF est P=C·d²/K  @0.5m: 1.5-150.0W  (mid=7.5W)  CPS/s=0.6 | [08:26:32] ↓ STATE  LOW → FLAT  0.0900 µSv/h | [08:26:32] 🔄 FLOOR RECURRENCE  dr=0.0900 µSv/h  prior=08:24:35  interval=116.8s  (1.95min)
08:26:33			[08:26:33] ↑ STATE  FLAT → LOW  0.1400 µSv/h | [08:26:33] ↓ STATE  LOW → FLAT  0.0900 µSv/h
08:26:34			[08:26:34] ↑ STATE  FLAT → LOW  0.1300 µSv/h | [08:26:34] ↓ STATE  LOW → FLAT  0.0900 µSv/h
08:26:35			[08:26:35] ↑ STATE  FLAT → LOW  0.1300 µSv/h | [08:26:35] ⚡ BEAT INTERFERENCE CONFIRMED |   y = A1·sin(2πf₁t) + A2·sin(2πf₂t) |   A1=0.1800µSv/h  A2=0.1300µSv/h  A2/A1=0.722  floor/peak=0.722 |   f_beat=|f₁-f₂|=0.32548Hz  T_beat=3.1s  band=SLF |   RF P≈C·d²/K: carrier1≈0.04W  carrier2≈0.02W  @d=0.5m (K=0.2) |   TWO-SOURCE INTERFERENCE  dominant=0.1800µSv/h  secondary=0.1300µSv/h  freq-sep≈0.32548Hz  CV_env=0.092 | [08:26:35] ↓ STATE  LOW → FLAT  0.0900 µSv/h
08:26:36			[08:26:36] ↑ STATE  FLAT → LOW  0.1200 µSv/h
08:26:37	1787473597006600400		[08:26:37] ↓ STATE  LOW → FLAT  0.0900 µSv/h
08:26:38	1787473598458770200,1787473598459684600		[08:26:38] ↑ STATE  FLAT → LOW  0.1100 µSv/h | [08:26:38] ↓ STATE  LOW → FLAT  0.0900 µSv/h
08:26:39	1787473599456448000,1787473599457683200,1787473599459262700		
08:26:40	1787473600936626400,1787473600937653000,1787473600938345200		
08:26:41	1787473601950341400,1787473601951250400,1787473601952272100,1787473601953417500		
08:26:44	1787473604206089000,1787473604208069600,1787473604209303300,1787473604211184600		
08:26:45	1787473605403218400,1787473605405661000,1787473605407704600,1787473605410491000		
08:26:46	1787473606600754200,1787473606603202600,1787473606605759000		[08:26:46] ↑ STATE  FLAT → LOW  0.1000 µSv/h
08:26:47	1787473607804942000,1787473607806502700	SIG#480 [1,1,2,0,0,0,1,1,2,0,0,0,1,1,2,0,1,0,1,1,2,0,1,0,1,1,2,0,1,0,0,1,2,0,1,0,0,0,2,0,1] pk=2	[08:26:47] ⚡ CPS CLUSTER  31cts/10s  n=24  CV_IAT=1.602 |   RF est P=C·d²/K  @0.5m: 7.8-775.0W  (mid=38.8W)  CPS/s=3.1 | [08:26:47] ↓ STATE  LOW → FLAT  0.0400 µSv/h | [08:26:47] ↑ STATE  FLAT → LOW  0.1000 µSv/h
08:26:49	1787473609007702800		[08:26:49] ↓ STATE  LOW → FLAT  0.0500 µSv/h | [08:26:49] ↑ STATE  FLAT → LOW  0.1000 µSv/h
08:26:50	1787473610449126100,1787473610456517400		[08:26:50] ↓ STATE  LOW → FLAT  0.0500 µSv/h | [08:26:50] ↑ STATE  FLAT → LOW  0.1000 µSv/h
08:26:51	1787473611454097000,1787473611455213800		[08:26:51] ↓ STATE  LOW → FLAT  0.0800 µSv/h | [08:26:51] ↑ STATE  FLAT → LOW  0.1000 µSv/h
08:26:52	1787473612950782500,1787473612951609900		[08:26:52] ↓ STATE  LOW → FLAT  0.0900 µSv/h | [08:26:52] ↑ STATE  FLAT → LOW  0.1000 µSv/h
08:26:53	1787473613948417300,1787473613949875700		
08:26:56	1787473616208120300,1787473616208889000,1787473616211022800		[08:26:56] ⚠⚠⚠ POWER LEVEL LOCK  dr=0.1100 µSv/h  hits=285  avg_interval=3.0s (0.05min)  CV=3.649 |   Source returns to identical power level 285x  Natural decay cannot reproduce fixed amplitude  Controlled RF source confirmed
08:26:57	1787473617406982400,1787473617408035000,1787473617410206200		[08:26:57] ↑ STATE  LOW → ELEVATED  0.2000 µSv/h | [08:26:57] 🔄 PEAK RECURRENCE  dr=0.2000 µSv/h  seen 131x in log
08:26:58	1787473618607739000,1787473618608635600,1787473618610737400		[08:26:58] ↑ STATE  ELEVATED → LOW  0.1400 µSv/h | [08:26:58] ↑ STATE  LOW → ELEVATED  0.2000 µSv/h
08:26:59	1787473619804422100,1787473619806615800,1787473619809450500		[08:26:59] ↑ STATE  ELEVATED → LOW  0.1600 µSv/h | [08:26:59] ↑ STATE  LOW → ELEVATED  0.2000 µSv/h
08:27:01	1787473621001561600,1787473621003941400		[08:27:01] ↑ STATE  ELEVATED → LOW  0.1700 µSv/h | [08:27:01] ⚠⚠⚠ EMF FINGERPRINT  score=6/7  n=7pk/7fl |   χ²/μ=0.011  m=1.767  SWR=0.60  CV_R=0.276  PSCI=0.145  CV_Re=0.328 | [08:27:01] ↑ STATE  LOW → ELEVATED  0.2000 µSv/h
08:27:02	1787473622449462500,1787473622452426500		[08:27:02] ↑ STATE  ELEVATED → LOW  0.1700 µSv/h | [08:27:02] ↑ STATE  LOW → ELEVATED  0.2000 µSv/h
08:27:03	1787473623444767200,1787473623450592000,1787473623453318400		[08:27:03] ⚡ CPS CLUSTER  36cts/10s  n=19  CV_IAT=1.331 |   RF est P=C·d²/K  @0.5m: 9.0-900.0W  (mid=45.0W)  CPS/s=3.6 | [08:27:03] ↑ STATE  ELEVATED → LOW  0.1900 µSv/h | [08:27:03] ↑ STATE  LOW → ELEVATED  0.2000 µSv/h
08:27:04	1787473624942989600,1787473624948294000		[Min 018  08:26:04]  CPM=00116  ✓ COMPLETE
08:27:05	1787473625939608300,1787473625944271400		
08:27:08	1787473628203580200,1787473628207591400		
08:27:09	1787473629406426400	SIG#487 [1,1,0,0,3,0,1,1,0,0,3,0,1,1,0,0,3,0,0,1,0,0,3,0,0,2,0,0,3,0,0,2,0,0,3,0,0,2,0,0,3,0,0,2,0,0,1,0,0,2,0,0,1,0,0,2,0,0,1,0,0,2,0,0,1] pk=3	
08:27:10	1787473630606002400		[08:27:10] ↑ STATE  ELEVATED → LOW  0.1900 µSv/h
08:27:11	1787473631812168700		[08:27:11] ↑ STATE  LOW → ELEVATED  0.2300 µSv/h | [08:27:11] ↑ STATE  ELEVATED → LOW  0.1900 µSv/h
08:27:12			[08:27:12] ⚡ OOK BURST PATTERN  CPS=1  burst=1.0s  gap=2.0s  duty=0.33  cycles=3 |   f=0.333Hz (SLF)  T=3.0s  CV_run=0.000  CV_gap=0.000  RF≈1.3W@0.5m |   ON/OFF KEYING SIGNATURE  identical CPS=1 repeated 3x  structured pulsed source confirmed | [08:27:12] ↑ STATE  LOW → ELEVATED  0.2200 µSv/h
08:27:13	1787473633004343000		[08:27:13] ↑ STATE  ELEVATED → LOW  0.1900 µSv/h
08:27:14	1787473634464430300		[08:27:14] ↑ STATE  LOW → ELEVATED  0.2200 µSv/h | [08:27:14] ↑ STATE  ELEVATED → LOW  0.1900 µSv/h
08:27:15	1787473635513016600,1787473635518252500		[08:27:15] ↑ STATE  LOW → ELEVATED  0.2100 µSv/h | [08:27:15] ↑ STATE  ELEVATED → LOW  0.1900 µSv/h
08:27:16	1787473636959169000,1787473636961419300		[08:27:16] ↑ STATE  LOW → ELEVATED  0.2000 µSv/h | [08:27:16] ↑ STATE  ELEVATED → LOW  0.1900 µSv/h
08:27:17	1787473637975118600,1787473637979759000		
08:27:20	1787473640209265200,1787473640210854400		[08:27:20] ⚡ CPS CLUSTER  10cts/10s  n=10  CV_IAT=0.724 |   RF est P=C·d²/K  @0.5m: 2.5-250.0W  (mid=12.5W)  CPS/s=1.0
08:27:21	1787473641423005700,1787473641424606000	SIG#493 [1,0,1,0,0,0,1,0,1,0,0,0,1,0,1,0,0,0,1,0,1,0,0,0,1,0,1] pk=1	
08:27:22	1787473642619163400,1787473642623532500		
08:27:23	1787473643816568600,1787473643821816600		
08:27:25	1787473645028745000		
08:27:26	1787473646463504100		[08:27:26] ↓ STATE  LOW → FLAT  0.0800 µSv/h | [08:27:26] 🔄 FLOOR RECURRENCE  dr=0.0800 µSv/h  prior=08:26:51  interval=35.0s  (0.58min)
08:27:27	1787473647461878500		[08:27:27] ↑ STATE  FLAT → LOW  0.1300 µSv/h | [08:27:27] ↓ STATE  LOW → FLAT  0.0800 µSv/h
08:27:28	1787473648956626200		[08:27:28] ↑ STATE  FLAT → LOW  0.1200 µSv/h | [08:27:28] ↓ STATE  LOW → FLAT  0.0800 µSv/h
08:27:29	1787473649957791700,1787473649961862700		[08:27:29] ↑ STATE  FLAT → LOW  0.1100 µSv/h | [08:27:29] ↓ STATE  LOW → FLAT  0.0800 µSv/h
08:27:32	1787473652222281700,1787473652223578400		[08:27:32] ↑ STATE  FLAT → LOW  0.1100 µSv/h | [08:27:32] ⚠⚠⚠ EMF FINGERPRINT  score=6/7  n=7pk/5fl |   χ²/μ=0.006  m=1.389  SWR=0.42  CV_R=0.217  PSCI=0.133  CV_Re=0.159 | [08:27:32] ↓ STATE  LOW → FLAT  0.0800 µSv/h
08:27:33	1787473653431538200,1787473653433188900,1787473653434285600		[08:27:33] ↑ STATE  FLAT → LOW  0.1000 µSv/h | [08:27:33] ↓ STATE  LOW → FLAT  0.0800 µSv/h
08:27:34	1787473654616720100,1787473654619088400,1787473654620073700		
08:27:35	1787473655817665500,1787473655818871800,1787473655819906600		[08:27:35] ⚡ CPS CLUSTER  13cts/10s  n=13  CV_IAT=1.096 |   RF est P=C·d²/K  @0.5m: 3.3-325.0W  (mid=16.3W)  CPS/s=1.3
08:27:37	1787473657012415000,1787473657014660900,1787473657017633800		
08:27:38	1787473658457597400,1787473658458773800,1787473658460065300	SIG#504 [1,1,1,0,0,0,1,1,1,0,0,0,1,1,1,0,0,0,1,1,1,0,0,0,1,1,1] pk=1	
08:27:39	1787473659465051400,1787473659469927700		
08:27:40	1787473660959413200		
08:27:41			
08:27:44			
08:27:45			
08:27:46			
08:27:47			
08:27:49			
08:27:50			
08:27:51			
08:27:52			
08:27:53			[08:27:53] ⚡ BEAT INTERFERENCE CONFIRMED |   y = A1·sin(2πf₁t) + A2·sin(2πf₂t) |   A1=0.2300µSv/h  A2=0.0900µSv/h  A2/A1=0.391  floor/peak=0.391 |   f_beat=|f₁-f₂|=0.42610Hz  T_beat=2.3s  band=SLF |   RF P≈C·d²/K: carrier1≈0.07W  carrier2≈0.01W  @d=0.5m (K=0.2) |   TWO-SOURCE INTERFERENCE  dominant=0.2300µSv/h  secondary=0.0900µSv/h  freq-sep≈0.42610Hz  CV_env=0.275
08:27:56			
08:27:57			[08:27:57] 🔄 FLOOR RECURRENCE  dr=0.0800 µSv/h  prior=08:27:56  interval=1.2s  (0.02min)
08:27:58			[08:27:58] ⚡ OOK BURST PATTERN  CPS=1  burst=1.0s  gap=2.0s  duty=0.33  cycles=3 |   f=0.333Hz (SLF)  T=3.0s  CV_run=0.000  CV_gap=0.000  RF≈1.3W@0.5m |   ON/OFF KEYING SIGNATURE  identical CPS=1 repeated 3x  structured pulsed source confirmed
08:27:59	1787473679829272600		
08:28:01	1787473681029609500,1787473681030355700		
08:28:02	1787473682471975400,1787473682473241900		[08:28:02] ⚠⚠⚠ EMF FINGERPRINT  score=6/7  n=3pk/5fl |   χ²/μ=0.005  m=1.600  SWR=0.44  CV_R=0.267  PSCI=0.102  CV_Re=0.283 | [08:28:02] ⚡ CPS CLUSTER  5cts/10s  n=5  CV_IAT=1.007 |   RF est P=C·d²/K  @0.5m: 1.3-125.0W  (mid=6.3W)  CPS/s=0.5
08:28:03	1787473683491388200,1787473683493292800		
08:28:04	1787473684968558300,1787473684969322200,1787473684971412200		[Min 019  08:27:04]  CPM=00061  ✓ COMPLETE
08:28:05	1787473685965047800,1787473685965838300,1787473685968604200		
08:28:08	1787473688234206000,1787473688235157800,1787473688241133300		
08:28:09	1787473689442980400,1787473689446368000,1787473689461865500		
08:28:10	1787473690630740000,1787473690632970200		
08:28:11	1787473691836948200,1787473691840976400		
08:28:13	1787473693027666700,1787473693035173000		
08:28:14	1787473694484294700	SIG#511 [1,1,0,0,1,0,1,1,0,0,1,0,1,1,0,0,1,0,0,1,0,0,1,0,0,1,0,0,1,0,0,1,0,0,1,0,0,1,0,0,1,0,0,1] pk=1	
08:28:15	1787473695469769700		[08:28:15] ↑ STATE  FLAT → LOW  0.1000 µSv/h | [08:28:15] ⚠⚠⚠ POWER LEVEL LOCK  dr=0.1000 µSv/h  hits=449  avg_interval=2.2s (0.04min)  CV=4.192 |   Source returns to identical power level 449x  Natural decay cannot reproduce fixed amplitude  Controlled RF source confirmed
08:28:16	1787473696479529700		[08:28:16] ↓ STATE  LOW → FLAT  0.0600 µSv/h | [08:28:16] ↑ STATE  FLAT → LOW  0.1000 µSv/h
08:28:17			[08:28:17] ⚡ CPS CLUSTER  15cts/10s  n=15  CV_IAT=1.005 |   RF est P=C·d²/K  @0.5m: 3.8-375.0W  (mid=18.8W)  CPS/s=1.5 | [08:28:17] ↓ STATE  LOW → FLAT  0.0600 µSv/h | [08:28:17] ↑ STATE  FLAT → LOW  0.1000 µSv/h
08:28:18			[08:28:18] ↓ STATE  LOW → FLAT  0.0700 µSv/h | [08:28:18] ↑ STATE  FLAT → LOW  0.1000 µSv/h
08:28:20	1787473700492202500		[08:28:20] ↓ STATE  LOW → FLAT  0.0700 µSv/h | [08:28:20] ↑ STATE  FLAT → LOW  0.1000 µSv/h
08:28:21	1787473701506466600		[08:28:21] ↓ STATE  LOW → FLAT  0.0900 µSv/h | [08:28:21] ↑ STATE  FLAT → LOW  0.1000 µSv/h
08:28:22	1787473702481640200,1787473702491150000		
08:28:23	1787473703975002600,1787473703976514600		
08:28:24			
08:28:25	1787473705003503900,1787473705008297000,1787473705010085400		
08:28:27	1787473707235257300,1787473707236690700,1787473707238326000		
08:28:28	1787473708449213400,1787473708452208000,1787473708453510400		
08:28:29	1787473709634773000,1787473709635931400		
08:28:30	1787473710832721700,1787473710834160400,1787473710840261600		
08:28:32	1787473712040378400,1787473712043233000		
08:28:33	1787473713482030300,1787473713485672000,1787473713486672000		[08:28:33] ⚡ CPS CLUSTER  19cts/10s  n=19  CV_IAT=1.323 |   RF est P=C·d²/K  @0.5m: 4.8-475.0W  (mid=23.8W)  CPS/s=1.9
08:28:34	1787473714478545400,1787473714485046500,1787473714490128100		
08:28:35	1787473715985125000,1787473715986692400,1787473715989433300,1787473715990315000		
08:28:36	1787473716984905200,1787473716986206700,1787473716986947600,1787473716987830500		
08:28:39	1787473719249042400,1787473719251445000,1787473719252201500,1787473719252748000		
08:28:40	1787473720450129700,1787473720451033900,1787473720451663400		[08:28:40] ⚠⚠⚠ CPS UNIFORMITY LOCK  CPS=1 on 18/30s (60.0%)  zeros=12  highs=0  Poisson P<<0.001  CONTROLLED SOURCE CONFIRMED |   Natural Poisson: expected CPS=1 on ~9-13s  observed=18s  locked synthetic output indicated
08:28:41	1787473721641798400,1787473721643155500,1787473721643841300,1787473721649784300		
08:28:42	1787473722843576800,1787473722844498200,1787473722855734800		
08:28:44	1787473724040622300,1787473724043514600		[08:28:44] ⚡ OOK BURST PATTERN  CPS=1  burst=41.0s  gap=128.3s  duty=0.24  cycles=3 |   f=0.006Hz (ULF)  T=169.3s  CV_run=1.363  CV_gap=1.387  RF≈1.3W@0.5m |   ON/OFF KEYING SIGNATURE  identical CPS=1 repeated 3x  structured pulsed source confirmed | [08:28:44] ⚠ EMF FINGERPRINT  score=4/7  n=3pk/2fl |   χ²/μ=0.001  m=1.400  SWR=0.23  CV_R=0.091  PSCI=0.058  CV_Re=0.000
08:28:45	1787473725490937300,1787473725494626800	SIG#517 [1,0,1,0,0,0,1,0,1,0,0,0,1,0,1,0,1,0,1,0,1,0,1,0,1,0,1,0,1,0,0,0,1,0,1,0,0,0,1,0,1,0,0,0,1,0,1,0,0,0,1,0,1,0,0,0,1,0,1,0,0,0,1,0,1,1,0,0,1,0,1,1,1,0,1,0,1,1,1,0,1,0,1,1,1,0,0,0,1,1,1,0,0,0,1,1,1,0,0,0,2,1,1,0,0,0,2,0,1,0,0,0,2] pk=2	[08:28:45] ⚠ EQUAL BURST SPACING  n=4  CPS≥2  interval=1.3s  CV=0.092  spacings=[1.2,1.2,1.4]  span=3.8s |   ⚠⚠ HIGHLY PERIODIC  f=0.781Hz  T=1.3s  total_counts=4
08:28:46	1787473726501137200,1787473726505015800		
08:28:47	1787473727491528400,1787473727499324700		
08:28:48	1787473728985004800,1787473728994572500		[08:28:48] ⚡ CPS CLUSTER  33cts/10s  n=23  CV_IAT=1.333 |   RF est P=C·d²/K  @0.5m: 8.3-825.0W  (mid=41.3W)  CPS/s=3.3 | [08:28:48] ↑ STATE  LOW → ELEVATED  0.2000 µSv/h | [08:28:48] 🔄 PEAK RECURRENCE  dr=0.2000 µSv/h  seen 138x in log
08:28:49	1787473729992989400	SIG#518 [2,0,0,2,0,0,2,0,0,2,0,0,2,0,0,2,0,0,2,0,0,2] pk=2	[08:28:49] ↑ STATE  ELEVATED → LOW  0.1500 µSv/h | [08:28:49] ↑ STATE  LOW → ELEVATED  0.2000 µSv/h
08:28:51	1787473731486709800		[08:28:51] ↑ STATE  ELEVATED → LOW  0.1600 µSv/h | [08:28:51] ↑ STATE  LOW → ELEVATED  0.2000 µSv/h
08:28:52	1787473732498047200		[08:28:52] ↑ STATE  ELEVATED → LOW  0.1700 µSv/h | [08:28:52] ↑ STATE  LOW → ELEVATED  0.2000 µSv/h
08:28:53			[08:28:53] ↑ STATE  ELEVATED → LOW  0.1900 µSv/h | [08:28:53] ↑ STATE  LOW → ELEVATED  0.2000 µSv/h
08:28:54	1787473734996832500		[08:28:54] ↑ STATE  ELEVATED → LOW  0.1900 µSv/h | [08:28:54] ↑ STATE  LOW → ELEVATED  0.2000 µSv/h | [08:28:54] ↑ STATE  ELEVATED → LOW  0.1900 µSv/h
08:28:55	1787473735998292000		[08:28:55] ↑ STATE  LOW → ELEVATED  0.2000 µSv/h | [08:28:55] ↑ STATE  ELEVATED → LOW  0.1900 µSv/h
08:28:56			
08:28:58	1787473738257806300		[08:28:58] ↑ STATE  LOW → ELEVATED  0.2000 µSv/h | [08:28:58] ↑ STATE  ELEVATED → LOW  0.1900 µSv/h | [08:28:58] ⚡ BEAT INTERFERENCE CONFIRMED |   y = A1·sin(2πf₁t) + A2·sin(2πf₂t) |   A1=0.2000µSv/h  A2=0.0600µSv/h  A2/A1=0.300  floor/peak=0.300 |   f_beat=|f₁-f₂|=0.40925Hz  T_beat=2.4s  band=SLF |   RF P≈C·d²/K: carrier1≈0.05W  carrier2≈0.00W  @d=0.5m (K=0.2) |   TWO-SOURCE INTERFERENCE  dominant=0.2000µSv/h  secondary=0.0600µSv/h  freq-sep≈0.40925Hz  CV_env=0.346
08:28:59	1787473739466234600		[08:28:59] ↑ STATE  LOW → ELEVATED  0.2000 µSv/h | [08:28:59] ↑ STATE  ELEVATED → LOW  0.1900 µSv/h
08:29:00	1787473740651334100,1787473740655380500		[08:29:00] ↑ STATE  LOW → ELEVATED  0.2000 µSv/h | [08:29:00] ↑ STATE  ELEVATED → LOW  0.1900 µSv/h
08:29:01	1787473741849421800,1787473741853271600		[08:29:01] ↑ STATE  LOW → ELEVATED  0.2000 µSv/h | [08:29:01] ↑ STATE  ELEVATED → LOW  0.1900 µSv/h
08:29:03	1787473743046920000,1787473743060775000		
08:29:04	1787473744499065300	SIG#526 [1,0,0,0,2,0,1,0,0,0,2,0,1,0,0,0,2] pk=2	[Min 020  08:28:04]  CPM=00111  ✓ COMPLETE | [08:29:04] ⚡ CPS CLUSTER  13cts/10s  n=10  CV_IAT=0.798 |   RF est P=C·d²/K  @0.5m: 3.3-325.0W  (mid=16.3W)  CPS/s=1.3
08:29:05	1787473745496760300		
08:29:06	1787473746494761700		
08:29:07	1787473747990314000		
08:29:08			
08:29:09			
08:29:10	1787473750508818700		
08:29:11	1787473751503892500,1787473751504572700		
08:29:12	1787473752499160600,1787473752499886000		
08:29:14	1787473754010440400,1787473754012137500		[08:29:14] ⚠⚠ EMF FINGERPRINT  score=5/7  n=4pk/3fl |   χ²/μ=0.002  m=1.192  SWR=0.18  CV_R=0.114  PSCI=0.072  CV_Re=0.063
08:29:15	1787473755014589000,1787473755028582400		
08:29:17	1787473757260872700,1787473757261641700		[08:29:17] ⚠⚠⚠ POWER LEVEL LOCK  dr=0.1200 µSv/h  hits=343  avg_interval=3.4s (0.06min)  CV=4.163 |   Source returns to identical power level 343x  Natural decay cannot reproduce fixed amplitude  Controlled RF source confirmed
08:29:18	1787473758458122800,1787473758458936000,1787473758464687400		
08:29:19	1787473759651691000,1787473759657038000,1787473759658054000		[08:29:19] ⚡ CPS CLUSTER  22cts/10s  n=15  CV_IAT=1.092 |   RF est P=C·d²/K  @0.5m: 5.5-550.0W  (mid=27.5W)  CPS/s=2.2
08:29:20	1787473760858972000,1787473760863412000		
08:29:22	1787473762064029400,1787473762065411600		
08:29:23	1787473763503143200,1787473763505519400,1787473763510531300		
08:29:24	1787473764498561000,1787473764499292000,1787473764501426700		
08:29:26	1787473766007992600,1787473766009182000,1787473766011382300		
08:29:27	1787473767002469600,1787473767006534700		
08:29:29	1787473769268372000	SIG#542 [1,2,0,0,1,0,1,2,0,0,1,0,1,2,0,0,1,0,0,2,0,0,1] pk=2	[08:29:29] ⚡ OOK BURST PATTERN  CPS=1  burst=1.7s  gap=1.3s  duty=0.56  cycles=3 |   f=0.333Hz (SLF)  T=3.0s  CV_run=0.283  CV_gap=0.354  RF≈1.3W@0.5m |   ON/OFF KEYING SIGNATURE  identical CPS=1 repeated 3x  structured pulsed source confirmed
08:29:30	1787473770475431400,1787473770489160000		
08:29:31	1787473771656813600,1787473771665378800		
08:29:32	1787473772864860400		
08:29:34	1787473774070141700,1787473774076568000		
08:29:35	1787473775518424000,1787473775523998500		[08:29:35] ⚡ CPS CLUSTER  15cts/10s  n=13  CV_IAT=1.085 |   RF est P=C·d²/K  @0.5m: 3.8-375.0W  (mid=18.8W)  CPS/s=1.5
08:29:36	1787473776516363300,1787473776526645500,1787473776531019800		
08:29:38	1787473778003087000,1787473778007713800,1787473778010035500		
08:29:39	1787473779024074200,1787473779028297000		
08:29:41	1787473781271817500,1787473781273314000		
08:29:42	1787473782479547600,1787473782484596200	SIG#548 [1,0,0,1,0,0,1,0,0,1,0,0,1,0,0,1,0,1,1,0,0,1,0,1,0,0,0,1,0,1,0,0,0,1,0,1,0,0,0,1,0,1] pk=1	
08:29:43	1787473783675943200		
08:29:44	1787473784869405000		
08:29:46	1787473786080724700		
08:29:47	1787473787523968000		
08:29:48	1787473788511609300		
08:29:50	1787473790024677400		
08:29:51	1787473791039712300,1787473791044229000		[08:29:51] ⚡ CPS CLUSTER  10cts/10s  n=10  CV_IAT=0.553 |   RF est P=C·d²/K  @0.5m: 2.5-250.0W  (mid=12.5W)  CPS/s=1.0
08:29:53	1787473793269894400,1787473793273053200		[08:29:53] ⚠ EMF FINGERPRINT  score=4/7  n=2pk/4fl |   χ²/μ=0.001  m=1.222  SWR=0.16  CV_R=0.075  PSCI=0.030  CV_Re=0.083
08:29:54	1787473794480033300,1787473794495482600		
08:29:55	1787473795694411300	SIG#555 [1,0,0,0,1,0,1,0,0,0,1,0,1,0,0,0,1] pk=1	
08:29:56	1787473796883011600		
08:29:58	1787473798075073500		
08:29:59	1787473799518081300,1787473799528178200		
08:30:00	1787473800531594800		[08:30:00] ⚡ BEAT INTERFERENCE CONFIRMED |   y = A1·sin(2πf₁t) + A2·sin(2πf₂t) |   A1=0.1700µSv/h  A2=0.1200µSv/h  A2/A1=0.706  floor/peak=0.706 |   f_beat=|f₁-f₂|=0.38751Hz  T_beat=2.6s  band=SLF |   RF P≈C·d²/K: carrier1≈0.04W  carrier2≈0.02W  @d=0.5m (K=0.2) |   TWO-SOURCE INTERFERENCE  dominant=0.1700µSv/h  secondary=0.1200µSv/h  freq-sep≈0.38751Hz  CV_env=0.101 | [08:30:00] ↓ STATE  LOW → FLAT  0.0900 µSv/h | [08:30:00] 🔄 FLOOR RECURRENCE  dr=0.0900 µSv/h  prior=08:28:21  interval=99.1s  (1.65min)
08:30:02	1787473802023269600,1787473802025176800		[08:30:02] ↑ STATE  FLAT → LOW  0.1200 µSv/h | [08:30:02] ↓ STATE  LOW → FLAT  0.0900 µSv/h
08:30:03	1787473803030057700,1787473803033560000,1787473803034360800		[08:30:03] ↑ STATE  FLAT → LOW  0.1200 µSv/h | [08:30:03] ↓ STATE  LOW → FLAT  0.0900 µSv/h
08:30:05	1787473805278530600,1787473805282662700,1787473805284760300		[Min 021  08:29:04]  CPM=00099  ✓ COMPLETE | [08:30:05] ↑ STATE  FLAT → LOW  0.1100 µSv/h | [08:30:05] ↓ STATE  LOW → FLAT  0.0900 µSv/h
08:30:06	1787473806481913900,1787473806484269800,1787473806485300500		[08:30:06] ⚡ CPS CLUSTER  13cts/10s  n=13  CV_IAT=1.083 |   RF est P=C·d²/K  @0.5m: 3.3-325.0W  (mid=16.3W)  CPS/s=1.3 | [08:30:06] ↑ STATE  FLAT → LOW  0.1100 µSv/h | [08:30:06] ↓ STATE  LOW → FLAT  0.0900 µSv/h
08:30:07	1787473807677878800,1787473807680380200,1787473807682101500		[08:30:07] ↑ STATE  FLAT → LOW  0.1000 µSv/h | [08:30:07] ↓ STATE  LOW → FLAT  0.0900 µSv/h
08:30:08	1787473808874548000,1787473808876441900	SIG#562 [1,0,1,0,0,0,1,0,1,1,0,0,1,0,1,1,0,0,1,0,1,1,0,0,1,0,1,1] pk=1	[08:30:08] ↑ STATE  FLAT → LOW  0.1000 µSv/h
08:30:10	1787473810080857000,1787473810088513500		[08:30:10] ↓ STATE  LOW → FLAT  0.0900 µSv/h | [08:30:10] ↑ STATE  FLAT → LOW  0.1000 µSv/h
08:30:11	1787473811528027600		[08:30:11] ↓ STATE  LOW → FLAT  0.0900 µSv/h | [08:30:11] ↑ STATE  FLAT → LOW  0.1000 µSv/h
08:30:12			[08:30:12] ↓ STATE  LOW → FLAT  0.0900 µSv/h | [08:30:12] ↑ STATE  FLAT → LOW  0.1000 µSv/h | [08:30:12] ↓ STATE  LOW → FLAT  0.0900 µSv/h
08:30:14			[08:30:14] ↑ STATE  FLAT → LOW  0.1000 µSv/h | [08:30:14] ↓ STATE  LOW → FLAT  0.0900 µSv/h
08:30:15	1787473815032920600		[08:30:15] ⚡ OOK BURST PATTERN  CPS=1  burst=1.7s  gap=1.3s  duty=0.56  cycles=3 |   f=0.333Hz (SLF)  T=3.0s  CV_run=0.283  CV_gap=0.354  RF≈1.3W@0.5m |   ON/OFF KEYING SIGNATURE  identical CPS=1 repeated 3x  structured pulsed source confirmed | [08:30:15] ↑ STATE  FLAT → LOW  0.1000 µSv/h | [08:30:15] ↓ STATE  LOW → FLAT  0.0900 µSv/h
08:30:17	1787473817284057000		[08:30:17] ↑ STATE  FLAT → LOW  0.1000 µSv/h | [08:30:17] ⚠⚠⚠ POWER LEVEL LOCK  dr=0.1000 µSv/h  hits=499  avg_interval=2.2s (0.04min)  CV=4.219 |   Source returns to identical power level 499x  Natural decay cannot reproduce fixed amplitude  Controlled RF source confirmed | [08:30:17] ↓ STATE  LOW → FLAT  0.0900 µSv/h
08:30:18	1787473818497526500,1787473818498913500		[08:30:18] ↑ STATE  FLAT → LOW  0.1000 µSv/h | [08:30:18] ↓ STATE  LOW → FLAT  0.0900 µSv/h
08:30:19	1787473819694216400,1787473819696112000		[08:30:19] ↑ STATE  FLAT → LOW  0.1000 µSv/h | [08:30:19] ↓ STATE  LOW → FLAT  0.0900 µSv/h
08:30:20	1787473820892978200,1787473820895279400		
08:30:22	1787473822089335800,1787473822090852000		[08:30:22] ⚡ CPS CLUSTER  8cts/10s  n=8  CV_IAT=0.957 |   RF est P=C·d²/K  @0.5m: 2.0-200.0W  (mid=10.0W)  CPS/s=0.8
08:30:23	1787473823523436500,1787473823524749800	SIG#568 [1,0,1,0,0,0,1,0,1,0,0,0,1,0,1,0,0,0,1,0,1,0,0,0,1,0,1] pk=1	
08:30:24	1787473824521973500		
08:30:26	1787473826029810400		
08:30:27			
08:30:29			
08:30:30	1787473830496862000		
08:30:31	1787473831693585400		[08:30:31] 🔄 FLOOR RECURRENCE  dr=0.0800 µSv/h  prior=08:30:30  interval=1.2s  (0.02min)
08:30:32	1787473832893414400		
08:30:34	1787473834090042600		
08:30:35	1787473835536311300		
08:30:36	1787473836531956200		
08:30:38	1787473838021308200		[08:30:38] ⚡ STRUCTURED CLUSTER  7cts/10s  n=7  CV_IAT=0.134  non-Poisson |   RF est P=C·d²/K  @0.5m: 1.8-175.0W  (mid=8.8W)  CPS/s=0.7 | [08:30:38] ⚠ EMF FINGERPRINT  score=4/7  n=2pk/2fl |   χ²/μ=0.001  m=1.231  SWR=0.14  CV_R=0.112  PSCI=0.000  CV_Re=0.077
08:30:39			
08:30:41	1787473841294596400		
08:30:42	1787473842499032600		
08:30:43	1787473843695623000,1787473843700297000		
08:30:44	1787473844891690200,1787473844893624600,1787473844898814500		
08:30:46	1787473846098517500,1787473846101803800,1787473846103018200		
08:30:47	1787473847533628200,1787473847535075300,1787473847535819000		[08:30:47] ↑ STATE  FLAT → LOW  0.1100 µSv/h
08:30:48	1787473848529917400,1787473848531906800,1787473848532599600,1787473848534936000		[08:30:48] ↓ STATE  LOW → FLAT  0.0800 µSv/h | [08:30:48] ⚠ EQUAL BURST SPACING  n=4  CPS≥2  interval=1.2s  CV=0.147  spacings=[1.2,1.4,1.0]  span=3.6s |   ⚠ PERIODIC  f=0.826Hz  T=1.2s  total_counts=4 | [08:30:48] ↑ STATE  FLAT → LOW  0.1100 µSv/h
08:30:49	1787473849529443800,1787473849530539300,1787473849533146000,1787473849533892400		[08:30:49] ↓ STATE  LOW → FLAT  0.0800 µSv/h | [08:30:49] ↑ STATE  FLAT → LOW  0.1100 µSv/h
08:30:51	1787473851025710800,1787473851027341000,1787473851030589400,1787473851031395000		[08:30:51] ↓ STATE  LOW → FLAT  0.0800 µSv/h | [08:30:51] 小刀 PAINTBRUSH BURST  4 consecutive ticks  total=6cts  avg=1.5CPS  RF~1.9W@0.5m  bars merge = dense burst | [08:30:51] ↑ STATE  FLAT → LOW  0.1100 µSv/h
08:30:52	1787473852037540600,1787473852042449200,1787473852044197600		[08:30:52] ↓ STATE  LOW → FLAT  0.0900 µSv/h | [08:30:52] ↑ STATE  FLAT → LOW  0.1100 µSv/h
08:30:54	1787473854298062600,1787473854302149400	SIG#580 [1,0,1,0,0,0,1,0,1,2,0,0,1,0,1,2,0,0,1,0,1,2,0,0,1,0,1,2,0,0,2,0,1,2,0,0,2,1,1,2,0,0,2,1,0,2,0,0,2,1] pk=2	[08:30:54] ⚡ CPS CLUSTER  35cts/10s  n=24  CV_IAT=1.706 |   RF est P=C·d²/K  @0.5m: 8.8-875.0W  (mid=43.8W)  CPS/s=3.5 | [08:30:54] ↓ STATE  LOW → FLAT  0.0900 µSv/h | [08:30:54] ↑ STATE  FLAT → LOW  0.1100 µSv/h
08:30:55	1787473855499194400,1787473855500824800,1787473855505992000		[08:30:55] ↑ STATE  LOW → ELEVATED  0.2100 µSv/h | [08:30:55] 🔄 PEAK RECURRENCE  dr=0.2100 µSv/h  seen 14x in log
08:30:56	1787473856699710000,1787473856701007400,1787473856704972300		[08:30:56] ⚠ BURST PAIR  pairs=15  interval=89.1s  CV=1.638  spacings=[216.9,301.0,2.3,1.2,1.2,1.2,1.2,268.6,1.5,1.0,2.3,1.2,1.2,446.2]  span=1246.8s |   f=0.011Hz  T=89.1s  pair_width=2s  CPS≥2  structured burst-pair source | [08:30:56] ↑ STATE  ELEVATED → LOW  0.1200 µSv/h | [08:30:56] ↑ STATE  LOW → ELEVATED  0.2100 µSv/h
08:30:57	1787473857897204700,1787473857901681400		[08:30:57] ↑ STATE  ELEVATED → LOW  0.1400 µSv/h | [08:30:57] ↑ STATE  LOW → ELEVATED  0.2100 µSv/h
08:30:59	1787473859102241500	SIG#582 [2,1,0,0,0,2,2,1,0,0,0,2,0,1,0,0,0,2] pk=2	[08:30:59] ↑ STATE  ELEVATED → LOW  0.1600 µSv/h | [08:30:59] ↑ STATE  LOW → ELEVATED  0.2100 µSv/h
08:31:00	1787473860533862100		[08:31:00] ⚡ OOK BURST PATTERN  CPS=1  burst=1.0s  gap=3.4s  duty=0.23  cycles=5 |   f=0.227Hz (SLF)  T=4.4s  CV_run=0.000  CV_gap=0.144  RF≈1.3W@0.5m |   ON/OFF KEYING SIGNATURE  identical CPS=1 repeated 5x  structured pulsed source confirmed | [08:31:00] ↑ STATE  ELEVATED → LOW  0.1800 µSv/h | [08:31:00] ↑ STATE  LOW → ELEVATED  0.2100 µSv/h
08:31:01	1787473861539804400,1787473861545705200		[08:31:01] ⚡ BEAT INTERFERENCE CONFIRMED |   y = A1·sin(2πf₁t) + A2·sin(2πf₂t) |   A1=0.2300µSv/h  A2=0.0800µSv/h  A2/A1=0.348  floor/peak=0.348 |   f_beat=|f₁-f₂|=0.42937Hz  T_beat=2.3s  band=SLF |   RF P≈C·d²/K: carrier1≈0.07W  carrier2≈0.01W  @d=0.5m (K=0.2) |   TWO-SOURCE INTERFERENCE  dominant=0.2300µSv/h  secondary=0.0800µSv/h  freq-sep≈0.42937Hz  CV_env=0.411 | [08:31:01] ↑ STATE  ELEVATED → LOW  0.1900 µSv/h | [08:31:01] ↑ STATE  LOW → ELEVATED  0.2100 µSv/h
08:31:03	1787473863043538000,1787473863053483800,1787473863054578200		
08:31:04	1787473864043419100,1787473864044371500,1787473864044946700		
08:31:06	1787473866306323700,1787473866307473200,1787473866308020200,1787473866308759800		[Min 022  08:30:04]  CPM=00107  ✓ COMPLETE
08:31:07	1787473867505794600,1787473867506606800,1787473867507423200,1787473867508399400		
08:31:08	1787473868702179800,1787473868703007000,1787473868703510800,1787473868704243500		[08:31:08] ⚠⚠⚠ EMF FINGERPRINT  score=6/7  n=3pk/6fl |   χ²/μ=0.002  m=1.255  SWR=0.23  CV_R=0.104  PSCI=0.035  CV_Re=0.150
08:31:09	1787473869903243300,1787473869903980500,1787473869904470500,1787473869905237200,1787473869911809000		[08:31:09] ⚡ CPS CLUSTER  32cts/10s  n=22  CV_IAT=1.505 |   RF est P=C·d²/K  @0.5m: 8.0-800.0W  (mid=40.0W)  CPS/s=3.2
08:31:11	1787473871103508200,1787473871111058200,1787473871113302800,1787473871119405300		[08:31:11] 小刀 PAINTBRUSH BURST  4 consecutive ticks  total=6cts  avg=1.5CPS  RF~1.9W@0.5m  bars merge = dense burst
08:31:12	1787473872539708200,1787473872541759200,1787473872545160000		
08:31:13	1787473873539809800,1787473873542749000,1787473873545643800		
08:31:15	1787473875059210200,1787473875064517400		
08:31:16	1787473876044494600,1787473876055310000		
08:31:17	1787473877539331300,1787473877541554200		[08:31:17] ⚠⚠⚠ POWER LEVEL LOCK  dr=0.2300 µSv/h  hits=112  avg_interval=11.0s (0.18min)  CV=7.321 |   Source returns to identical power level 112x  Natural decay cannot reproduce fixed amplitude  Controlled RF source confirmed
08:31:18	1787473878537932000	SIG#588 [2,1,1,0,0,0,2,1,1,1,0,0,2,1,1,1,0,0,2,1,1,1,0,0,2,1,1,1,0,0,3,1,1,1,0,0,3,0,1,1,0,0,3,0,0,1,0,0,3,0,0,3,0,0,3,0,0,3,0,0,3,0,0,3,0,0,3,0,0,3] pk=3	
08:31:19	1787473879552089300,1787473879556874000		
08:31:21	1787473881042569500,1787473881052232000		[08:31:21] ⚠ BURST PAIR  pairs=17  interval=79.4s  CV=1.747  spacings=[216.9,301.0,2.3,1.2,1.2,1.2,1.2,268.6,1.5,1.0,2.3,1.2,1.2,446.2,6.3,18.0]  span=1271.2s |   f=0.013Hz  T=79.4s  pair_width=2s  CPS≥2  structured burst-pair source
08:31:22	1787473882047678500		
08:31:24	1787473884299650600		
08:31:25	1787473885518105900		[08:31:25] ⚡ CPS CLUSTER  29cts/10s  n=11  CV_IAT=0.913 |   RF est P=C·d²/K  @0.5m: 7.3-725.0W  (mid=36.3W)  CPS/s=2.9 | [08:31:25] 🔄 PEAK RECURRENCE  dr=0.2100 µSv/h  seen 31x in log
08:31:26	1787473886710571300,1787473886724783400		
08:31:27	1787473887908473300,1787473887916406000		
08:31:29	1787473889105872400,1787473889107318500		
08:31:30	1787473890554214700,1787473890555600600		
08:31:31	1787473891562333200,1787473891565092400		
08:31:33	1787473893051642600,1787473893061631000		
08:31:34	1787473894045197600,1787473894049069000	SIG#599 [2,0,1,0,0,0,2,0,1,0,0,0,2,0,1,0,0,0,2,0,1,0,0,0,2,0,1] pk=2	
08:31:35	1787473895555736800		
08:31:36	1787473896550324700		[08:31:36] ↑ STATE  ELEVATED → LOW  0.1900 µSv/h
08:31:37			[08:31:37] ↑ STATE  LOW → ELEVATED  0.2200 µSv/h | [08:31:37] ↑ STATE  ELEVATED → LOW  0.1900 µSv/h
08:31:39			[08:31:39] ↑ STATE  LOW → ELEVATED  0.2200 µSv/h | [08:31:39] ↑ STATE  ELEVATED → LOW  0.1900 µSv/h | [08:31:39] ⚠ EMF FINGERPRINT  score=4/7  n=7pk/3fl |   χ²/μ=0.001  m=1.143  SWR=0.14  CV_R=0.057  PSCI=0.015  CV_Re=0.041
08:31:40			[08:31:40] ↑ STATE  LOW → ELEVATED  0.2100 µSv/h | [08:31:40] ↑ STATE  ELEVATED → LOW  0.1900 µSv/h
08:31:41			[08:31:41] ⚡ CPS CLUSTER  11cts/10s  n=8  CV_IAT=0.901 |   RF est P=C·d²/K  @0.5m: 2.8-275.0W  (mid=13.8W)  CPS/s=1.1 | [08:31:41] ↑ STATE  LOW → ELEVATED  0.2100 µSv/h | [08:31:41] ↑ STATE  ELEVATED → LOW  0.1900 µSv/h
08:31:42	1787473902597593900		[08:31:42] ↑ STATE  LOW → ELEVATED  0.2000 µSv/h | [08:31:42] ↑ STATE  ELEVATED → LOW  0.1900 µSv/h
08:31:43	1787473903564164600		
08:31:44	1787473904561193000		
08:31:46	1787473906059287000		[08:31:46] ⚡ OOK BURST PATTERN  CPS=1  burst=1.0s  gap=3.0s  duty=0.25  cycles=3 |   f=0.250Hz (SLF)  T=4.0s  CV_run=0.000  CV_gap=0.000  RF≈1.3W@0.5m |   ON/OFF KEYING SIGNATURE  identical CPS=1 repeated 3x  structured pulsed source confirmed
08:31:47	1787473907058491000,1787473907062657500		
08:31:48	1787473908557170400,1787473908561623800		
08:31:49	1787473909566187300,1787473909572392000		
08:31:50	1787473910568838400	SIG#606 [1,0,0,0,2,0,1,0,0,0,2,0,1,0,0,0,2] pk=2	
08:31:52	1787473912057268500		
08:31:53	1787473913065014000		[08:31:53] ↓ STATE  LOW → FLAT  0.0900 µSv/h | [08:31:53] 🔄 FLOOR RECURRENCE  dr=0.0900 µSv/h  prior=08:30:54  interval=58.8s  (0.98min)
08:31:55	1787473915332288300		[08:31:55] ↑ STATE  FLAT → LOW  0.1300 µSv/h | [08:31:55] ↓ STATE  LOW → FLAT  0.0900 µSv/h
08:31:56	1787473916530989800		[08:31:56] ↑ STATE  FLAT → LOW  0.1200 µSv/h | [08:31:56] ↓ STATE  LOW → FLAT  0.0900 µSv/h
08:31:57	1787473917730424600,1787473917731268400		[08:31:57] ⚡ CPS CLUSTER  16cts/10s  n=9  CV_IAT=0.697 |   RF est P=C·d²/K  @0.5m: 4.0-400.0W  (mid=20.0W)  CPS/s=1.6 | [08:31:57] ↑ STATE  FLAT → LOW  0.1100 µSv/h | [08:31:57] ↓ STATE  LOW → FLAT  0.0900 µSv/h | [08:31:57] ↑ STATE  FLAT → LOW  0.1000 µSv/h
08:31:58	1787473918933612000,1787473918935288000,1787473918937689000		[08:31:58] ↓ STATE  LOW → FLAT  0.0900 µSv/h | [08:31:58] ↑ STATE  FLAT → LOW  0.1000 µSv/h
08:32:00	1787473920130893600,1787473920132808000,1787473920133857800		[08:32:00] ↓ STATE  LOW → FLAT  0.0900 µSv/h | [08:32:00] ↑ STATE  FLAT → LOW  0.1000 µSv/h
08:32:01	1787473921568941000,1787473921569843500,1787473921570608000		[08:32:01] ⚡ BEAT INTERFERENCE CONFIRMED |   y = A1·sin(2πf₁t) + A2·sin(2πf₂t) |   A1=0.2300µSv/h  A2=0.1100µSv/h  A2/A1=0.478  floor/peak=0.478 |   f_beat=|f₁-f₂|=0.73058Hz  T_beat=1.4s  band=SLF |   RF P≈C·d²/K: carrier1≈0.07W  carrier2≈0.02W  @d=0.5m (K=0.2) |   TWO-SOURCE INTERFERENCE  dominant=0.2300µSv/h  secondary=0.1100µSv/h  freq-sep≈0.73058Hz  CV_env=0.228 | [08:32:01] ↓ STATE  LOW → FLAT  0.0900 µSv/h | [08:32:01] ↑ STATE  FLAT → LOW  0.1000 µSv/h
08:32:02	1787473922572111400,1787473922572819700,1787473922573665300		[08:32:02] ↓ STATE  LOW → FLAT  0.0900 µSv/h | [08:32:02] ↑ STATE  FLAT → LOW  0.1000 µSv/h
08:32:04	1787473924060647200,1787473924062558200,1787473924063924500	SIG#613 [2,1,1,0,0,0,2,1,1,0,0,0,2,1,1,0,0,0,2,1,1,0,0,0,2,1,1] pk=2	[08:32:04] ↓ STATE  LOW → FLAT  0.0900 µSv/h | [08:32:04] ↑ STATE  FLAT → LOW  0.1000 µSv/h
08:32:05	1787473925063652000,1787473925064429600		[Min 023  08:31:04]  CPM=00150  ✓ COMPLETE
08:32:07	1787473927337091000		
08:32:08			
08:32:09			[08:32:09] ⚠⚠⚠ EMF FINGERPRINT  score=6/7  n=4pk/3fl |   χ²/μ=0.005  m=1.400  SWR=0.30  CV_R=0.214  PSCI=0.134  CV_Re=0.082
08:32:10	1787473930940192500		
08:32:12	1787473932138513700		
08:32:13	1787473933336485400		[08:32:13] ⚡ CPS CLUSTER  9cts/10s  n=8  CV_IAT=1.099 |   RF est P=C·d²/K  @0.5m: 2.3-225.0W  (mid=11.3W)  CPS/s=0.9
08:32:14	1787473934532571400		
08:32:15	1787473935732627500		
08:32:16	1787473936931688200		
08:32:18	1787473938122224600		[08:32:18] ⚠⚠⚠ POWER LEVEL LOCK  dr=0.1600 µSv/h  hits=425  avg_interval=3.2s (0.05min)  CV=4.252 |   Source returns to identical power level 425x  Natural decay cannot reproduce fixed amplitude  Controlled RF source confirmed
08:32:19			
08:32:20			
08:32:22			
08:32:23	1787473943079271000		[08:32:23] ↓ STATE  LOW → FLAT  0.0900 µSv/h | [08:32:23] 🔄 FLOOR RECURRENCE  dr=0.0900 µSv/h  prior=08:32:04  interval=19.0s  (0.32min)
08:32:25	1787473945351148000		[08:32:25] ↑ STATE  FLAT → LOW  0.1400 µSv/h | [08:32:25] ↓ STATE  LOW → FLAT  0.0900 µSv/h
08:32:26	1787473946545609000		[08:32:26] ↑ STATE  FLAT → LOW  0.1300 µSv/h | [08:32:26] ↓ STATE  LOW → FLAT  0.0900 µSv/h
08:32:27	1787473947729342700		[08:32:27] ↑ STATE  FLAT → LOW  0.1100 µSv/h | [08:32:27] ↓ STATE  LOW → FLAT  0.0900 µSv/h
08:32:28	1787473948938417200,1787473948941895700		[08:32:28] ⚡ STRUCTURED CLUSTER  8cts/10s  n=4  CV_IAT=0.329  non-Poisson |   RF est P=C·d²/K  @0.5m: 2.0-200.0W  (mid=10.0W)  CPS/s=0.8 | [08:32:28] ↑ STATE  FLAT → LOW  0.1100 µSv/h | [08:32:28] ↓ STATE  LOW → FLAT  0.0900 µSv/h
08:32:30	1787473950130494200,1787473950138764300		[08:32:30] ↑ STATE  FLAT → LOW  0.1000 µSv/h | [08:32:30] ↓ STATE  LOW → FLAT  0.0900 µSv/h
08:32:32	1787473952344448300,1787473952358458600,1787473952359694600		[08:32:32] ⚡ OOK BURST PATTERN  CPS=1  burst=4.0s  gap=25.8s  duty=0.13  cycles=4 |   f=0.034Hz (ELF)  T=29.8s  CV_run=1.159  CV_gap=1.620  RF≈1.3W@0.5m |   ON/OFF KEYING SIGNATURE  identical CPS=1 repeated 4x  structured pulsed source confirmed
08:32:33	1787473953542502100,1787473953550024700,1787473953552224000		[08:32:33] ↑ STATE  FLAT → LOW  0.1000 µSv/h
08:32:34	1787473954738583000,1787473954739991300,1787473954740784600		[08:32:34] ↓ STATE  LOW → FLAT  0.0800 µSv/h | [08:32:34] ↑ STATE  FLAT → LOW  0.1000 µSv/h
08:32:35	1787473955937205800,1787473955938625500,1787473955939296500,1787473955944774000		[08:32:35] ↓ STATE  LOW → FLAT  0.0800 µSv/h | [08:32:35] ↑ STATE  FLAT → LOW  0.1000 µSv/h
08:32:37	1787473957133722400,1787473957135405300,1787473957136180200,1787473957139139000		[08:32:37] ↓ STATE  LOW → FLAT  0.0800 µSv/h | [08:32:37] ↑ STATE  FLAT → LOW  0.1000 µSv/h
08:32:38	1787473958593366000,1787473958594637300,1787473958596632800,1787473958598343200		[08:32:38] ↓ STATE  LOW → FLAT  0.0800 µSv/h | [08:32:38] ↑ STATE  FLAT → LOW  0.1000 µSv/h
08:32:39	1787473959586496500,1787473959593116400,1787473959595817700,1787473959598176300		[08:32:39] ↓ STATE  LOW → FLAT  0.0900 µSv/h | [08:32:39] ↑ STATE  FLAT → LOW  0.1000 µSv/h
08:32:41	1787473961072620000,1787473961074638000,1787473961076077000,1787473961078148400		[08:32:41] ⚠⚠ EMF FINGERPRINT  score=5/7  n=9pk/2fl |   χ²/μ=0.004  m=1.373  SWR=0.42  CV_R=0.211  PSCI=0.206  CV_Re=0.059
08:32:42	1787473962100116000,1787473962106336800,1787473962113133800,1787473962125072100		
08:32:44	1787473964342689800,1787473964348463900,1787473964354960600,1787473964355946000		[08:32:44] ⚡ CPS CLUSTER  33cts/10s  n=28  CV_IAT=1.766 |   RF est P=C·d²/K  @0.5m: 8.3-825.0W  (mid=41.3W)  CPS/s=3.3
08:32:45	1787473965547313700,1787473965553242400,1787473965555343000		
08:32:46	1787473966737676300,1787473966739082200,1787473966743706600,1787473966746202600		
08:32:47	1787473967935192000,1787473967935954200,1787473967940705800		
08:32:49	1787473969135752000,1787473969139896600,1787473969142387000		
08:32:50	1787473970589000700,1787473970592867000		
08:32:51	1787473971594432000	SIG#627 [2,0,0,0,1,0,2,0,0,0,1,0,2,0,0,0,1,0,2,0,0,0,1,0,2,1,0,0,1,0,2,1,0,0,1,0,2,1,0,1,1,0,2,1,0,1,0,0,2,1,0,1,0,1,2,1,0,1,0,1,0,1,0,1,0,1,0,1,0,1,0,1,0,1,1,1,0,1,0,1,1,0,0,1,0,1,1,0,0,1,0,1,1,0,0,1,0,1,1,0,0,1,0,1,1,0,0,1,0,0,1,0,0,1] pk=2	
08:32:53	1787473973090917600		
08:32:54	1787473974083025700		
08:32:56			
08:32:57			
08:32:58			
08:32:59			[08:32:59] ⚡ CPS CLUSTER  5cts/10s  n=5  CV_IAT=0.620 |   RF est P=C·d²/K  @0.5m: 1.3-125.0W  (mid=6.3W)  CPS/s=0.5
08:33:01			
08:33:02			[08:33:02] ⚡ BEAT INTERFERENCE CONFIRMED |   y = A1·sin(2πf₁t) + A2·sin(2πf₂t) |   A1=0.1800µSv/h  A2=0.1200µSv/h  A2/A1=0.667  floor/peak=0.667 |   f_beat=|f₁-f₂|=0.35121Hz  T_beat=2.8s  band=SLF |   RF P≈C·d²/K: carrier1≈0.04W  carrier2≈0.02W  @d=0.5m (K=0.2) |   TWO-SOURCE INTERFERENCE  dominant=0.1800µSv/h  secondary=0.1200µSv/h  freq-sep≈0.35121Hz  CV_env=0.111
08:33:03			
08:33:04	1787473984625397000		[Min 024  08:32:04]  CPM=00086  ✓ COMPLETE
08:33:06	1787473986105949200,1787473986107603000		
08:33:07	1787473987106435800,1787473987107575300		
08:33:09	1787473989385336300,1787473989386428200		
08:33:10	1787473990561872600,1787473990565652200		[08:33:10] ↓ STATE  LOW → FLAT  0.0900 µSv/h | [08:33:10] 🔄 FLOOR RECURRENCE  dr=0.0900 µSv/h  prior=08:32:39  interval=31.0s  (0.52min)
08:33:11	1787473991748543700,1787473991750354000		[08:33:11] ↑ STATE  FLAT → LOW  0.1200 µSv/h | [08:33:11] ⚠⚠⚠ EMF FINGERPRINT  score=6/7  n=4pk/5fl |   χ²/μ=0.004  m=1.384  SWR=0.30  CV_R=0.164  PSCI=0.072  CV_Re=0.154 | [08:33:11] ↓ STATE  LOW → FLAT  0.0900 µSv/h
08:33:12	1787473992949811500,1787473992958310100		[08:33:12] ↑ STATE  FLAT → LOW  0.1100 µSv/h | [08:33:12] ↓ STATE  LOW → FLAT  0.0900 µSv/h
08:33:14	1787473994141684700		[08:33:14] ↑ STATE  FLAT → LOW  0.1100 µSv/h | [08:33:14] ↓ STATE  LOW → FLAT  0.0900 µSv/h
08:33:15	1787473995371061800		[08:33:15] ⚡ CPS CLUSTER  13cts/10s  n=13  CV_IAT=1.093 |   RF est P=C·d²/K  @0.5m: 3.3-325.0W  (mid=16.3W)  CPS/s=1.3 | [08:33:15] ↑ STATE  FLAT → LOW  0.1000 µSv/h | [08:33:15] ↓ STATE  LOW → FLAT  0.0900 µSv/h