08:37:45	1787474265421949200,1787474265425581300,1787474265426683100		[08:37:45] ↑ STATE  FLAT → LOW  0.1400 µSv/h
08:37:46	1787474266622355500,1787474266623123500		[08:37:46] ⚠⚠⚠ POWER LEVEL LOCK  dr=0.1400 µSv/h  hits=3  avg_interval=0.6s (0.01min)  CV=0.998 |   Source returns to identical power level 3x  Natural decay cannot reproduce fixed amplitude  Controlled RF source confirmed | [08:37:46] ⚡ CPS CLUSTER  6cts/10s  n=4  CV_IAT=1.406 |   RF est P=C·d²/K  @0.5m: 1.5-150.0W  (mid=7.5W)  CPS/s=0.6
08:37:47	1787474267820386300,1787474267821101800		[08:37:47] ⚡ OOK BURST PATTERN  CPS=1  burst=1.0s  gap=3.7s  duty=0.21  cycles=3 |   f=0.214Hz (SLF)  T=4.7s  CV_run=0.000  CV_gap=0.129  RF≈1.3W@0.5m |   ON/OFF KEYING SIGNATURE  identical CPS=1 repeated 3x  structured pulsed source confirmed
08:37:49	1787474269018207200,1787474269020032000,1787474269030205400		[08:37:49] ⚠ EQUAL BURST SPACING  n=4  CPS≥2  interval=1.2s  CV=0.000  spacings=[1.2,1.2,1.2]  span=3.6s |   ⚠⚠ HIGHLY PERIODIC  f=0.835Hz  T=1.2s  total_counts=4
08:37:50	1787474270226602500,1787474270228138800,1787474270231100000		
08:37:51	1787474271657787400,1787474271662837000		
08:37:52	1787474272673727700	SIG#4 [2,1,0,0,0,1,2,1,0,0,0,1,0,1,0,0,0,1] pk=2	
08:37:53	1787474273672067300		
08:37:55	1787474275159355000,1787474275167994600		
08:37:56	1787474276167358500,1787474276187719000,1787474276189595000		
08:37:58	1787474278431046700,1787474278433448000,1787474278434581000		
08:37:59	1787474279628930600,1787474279630887400,1787474279631902700		
08:38:00	1787474280827610600,1787474280829248500,1787474280830247200		
08:38:02	1787474282025106200,1787474282027005000,1787474282028297500		[08:38:02] ⚡ CPS CLUSTER  16cts/10s  n=16  CV_IAT=1.314 |   RF est P=C·d²/K  @0.5m: 4.0-400.0W  (mid=20.0W)  CPS/s=1.6
08:38:03	1787474283228257000,1787474283229260000,1787474283230018300	SIG#10 [1,1,1,0,0,0,1,1,1,0,0,0,1,1,1,0,0,0,1,1,1,0,0,0,1,1,1] pk=1	
08:38:04	1787474284676312600,1787474284677993200		[08:38:04] ⚡ BEAT INTERFERENCE CONFIRMED |   y = A1·sin(2πf₁t) + A2·sin(2πf₂t) |   A1=0.1800µSv/h  A2=0.1700µSv/h  A2/A1=0.944  floor/peak=0.944 |   f_beat=|f₁-f₂|=0.16603Hz  T_beat=6.0s  band=SLF |   RF P≈C·d²/K: carrier1≈0.04W  carrier2≈0.04W  @d=0.5m (K=0.2) |   TWO-SOURCE INTERFERENCE  dominant=0.1800µSv/h  secondary=0.1700µSv/h  freq-sep≈0.16603Hz  CV_env=0.029
08:38:05	1787474285670975200		
08:38:07			
08:38:08			
08:38:10			[08:38:10] ⚠ EMF FINGERPRINT  score=4/7  n=2pk/4fl |   χ²/μ=0.001  m=1.207  SWR=0.16  CV_R=0.073  PSCI=0.029  CV_Re=0.077
08:38:11			
08:38:12			
08:38:14			
08:38:15	1787474295197010700		
08:38:17	1787474297440397800		
08:38:18	1787474298634965800		
08:38:19	1787474299836032000,1787474299839122700		[08:38:19] ⚡ CPS CLUSTER  5cts/10s  n=5  CV_IAT=0.683 |   RF est P=C·d²/K  @0.5m: 1.3-125.0W  (mid=6.3W)  CPS/s=0.5 | [08:38:19] ↓ STATE  LOW → FLAT  0.0900 µSv/h
08:38:21	1787474301032590800,1787474301035728400		[08:38:21] ↑ STATE  FLAT → LOW  0.1200 µSv/h | [08:38:21] ↓ STATE  LOW → FLAT  0.0900 µSv/h | [08:38:21] 🔄 FLOOR RECURRENCE  dr=0.0900 µSv/h  prior=08:38:21  interval=0.0s  (0.00min) |   FLOOR PATTERN  n=3  avg_interval=1.2s  (0.02min)  CV=0.000  PERIODIC ⚠
08:38:22	1787474302227591400,1787474302232233500		[08:38:22] ↑ STATE  FLAT → LOW  0.1200 µSv/h | [08:38:22] ↓ STATE  LOW → FLAT  0.0900 µSv/h
08:38:24	1787474304445376000,1787474304454788900		[08:38:24] ↑ STATE  FLAT → LOW  0.1100 µSv/h | [08:38:24] ↓ STATE  LOW → FLAT  0.0900 µSv/h
08:38:25	1787474305630507800	SIG#16 [1,0,0,1,0,0,1,0,0,1,0,0,1,0,0,1,0,0,1,0,0,1] pk=1	[08:38:25] ↑ STATE  FLAT → LOW  0.1000 µSv/h | [08:38:25] ↓ STATE  LOW → FLAT  0.0900 µSv/h
08:38:26	1787474306827898400		[08:38:26] ↑ STATE  FLAT → LOW  0.1000 µSv/h | [08:38:26] ↓ STATE  LOW → FLAT  0.0900 µSv/h
08:38:28	1787474308024614000		
08:38:29			
08:38:30	1787474310688074200		
08:38:31	1787474311670807600,1787474311671671300		
08:38:33	1787474313182359600,1787474313201595600		[08:38:33] ⚡ OOK BURST PATTERN  CPS=1  burst=1.2s  gap=3.6s  duty=0.25  cycles=5 |   f=0.208Hz (SLF)  T=4.8s  CV_run=0.333  CV_gap=0.136  RF≈1.3W@0.5m |   ON/OFF KEYING SIGNATURE  identical CPS=1 repeated 5x  structured pulsed source confirmed
08:38:34	1787474314177564400,1787474314180401000		
08:38:36	1787474316456690700,1787474316457702400		[08:38:36] ⚡ CPS CLUSTER  9cts/10s  n=9  CV_IAT=0.940 |   RF est P=C·d²/K  @0.5m: 2.3-225.0W  (mid=11.3W)  CPS/s=0.9
08:38:37	1787474317644287000,1787474317645379000,1787474317659039700		
08:38:38	1787474318831805700,1787474318833817600,1787474318839633200		
08:38:40	1787474320042111700,1787474320054262500		
08:38:41	1787474321244333800	SIG#25 [1,1,0,0,0,1,1,1,0,0,0,1,0,1,0,0,0,1] pk=1	
08:38:42	1787474322685930800,1787474322694273300		
08:38:43	1787474323694553300,1787474323698999000		
08:38:45	1787474325186167600,1787474325195498800,1787474325198144500		[08:38:45] ⚠ EMF FINGERPRINT  score=4/7  n=4pk/2fl |   χ²/μ=0.001  m=1.192  SWR=0.22  CV_R=0.134  PSCI=0.107  CV_Re=0.077 | [08:38:45] ↑ STATE  FLAT → LOW  0.1000 µSv/h
08:38:46	1787474326191489300,1787474326193522200		[Min 001  08:37:45]  CPM=00084  ✓ COMPLETE | [08:38:46] ↓ STATE  LOW → FLAT  0.0800 µSv/h | [08:38:46] ↑ STATE  FLAT → LOW  0.1000 µSv/h
08:38:48	1787474328456774100,1787474328458847700		[08:38:48] ↓ STATE  LOW → FLAT  0.0800 µSv/h | [08:38:48] ↑ STATE  FLAT → LOW  0.1000 µSv/h | [08:38:48] ⚠⚠⚠ POWER LEVEL LOCK  dr=0.1000 µSv/h  hits=18  avg_interval=1.8s (0.03min)  CV=2.304 |   Source returns to identical power level 18x  Natural decay cannot reproduce fixed amplitude  Controlled RF source confirmed
08:38:49	1787474329641892000,1787474329643394600		[08:38:49] ↓ STATE  LOW → FLAT  0.0800 µSv/h | [08:38:49] ↑ STATE  FLAT → LOW  0.1000 µSv/h
08:38:50	1787474330841987000,1787474330847923700	SIG#27 [1,0,0,0,1,0,1,0,0,0,1,0,1,0,0,0,1,0,1,0,0,0,1,0,1,0,0,0,1,0,1,0,0,0,1,0,1,0,0,0,1,0,1] pk=1	[08:38:50] ↓ STATE  LOW → FLAT  0.0900 µSv/h | [08:38:50] ↑ STATE  FLAT → LOW  0.1000 µSv/h
08:38:52	1787474332039668500,1787474332051222500		[08:38:52] ⚡ CPS CLUSTER  15cts/10s  n=15  CV_IAT=1.247 |   RF est P=C·d²/K  @0.5m: 3.8-375.0W  (mid=18.8W)  CPS/s=1.5 | [08:38:52] ↓ STATE  LOW → FLAT  0.0900 µSv/h | [08:38:52] 🔄 FLOOR RECURRENCE  dr=0.0900 µSv/h  prior=08:38:50  interval=1.2s  (0.02min) | [08:38:52] ↑ STATE  FLAT → LOW  0.1000 µSv/h
08:38:53	1787474333245806000,1787474333253463300		
08:38:54	1787474334698512400		
08:38:55	1787474335731145700		
08:38:56	1787474336698352000		
08:38:58	1787474338193237500		
08:38:59	1787474339197312300		
08:39:00			
08:39:01			[08:39:01] ↓ STATE  LOW → FLAT  0.0900 µSv/h
08:39:02			[08:39:02] ↑ STATE  FLAT → LOW  0.1200 µSv/h | [08:39:02] ↓ STATE  LOW → FLAT  0.0900 µSv/h
08:39:04			[08:39:04] ↑ STATE  FLAT → LOW  0.1200 µSv/h | [08:39:04] ↓ STATE  LOW → FLAT  0.0900 µSv/h
08:39:05			[08:39:05] ↑ STATE  FLAT → LOW  0.1100 µSv/h | [08:39:05] ⚡ BEAT INTERFERENCE CONFIRMED |   y = A1·sin(2πf₁t) + A2·sin(2πf₂t) |   A1=0.1200µSv/h  A2=0.0800µSv/h  A2/A1=0.667  floor/peak=0.667 |   f_beat=|f₁-f₂|=0.43022Hz  T_beat=2.3s  band=SLF |   RF P≈C·d²/K: carrier1≈0.02W  carrier2≈0.01W  @d=0.5m (K=0.2) |   TWO-SOURCE INTERFERENCE  dominant=0.1200µSv/h  secondary=0.0800µSv/h  freq-sep≈0.43022Hz  CV_env=0.151 | [08:39:05] ↓ STATE  LOW → FLAT  0.0900 µSv/h
08:39:07	1787474347463207700		[08:39:07] ↑ STATE  FLAT → LOW  0.1000 µSv/h | [08:39:07] ↓ STATE  LOW → FLAT  0.0900 µSv/h
08:39:08	1787474348664780500		[08:39:08] ↑ STATE  FLAT → LOW  0.1000 µSv/h | [08:39:08] ↓ STATE  LOW → FLAT  0.0900 µSv/h
08:39:09	1787474349860618500		
08:39:11	1787474351059879000		
08:39:12	1787474352267425500,1787474352271047400		[08:39:12] ⚡ STRUCTURED CLUSTER  5cts/10s  n=5  CV_IAT=0.004  non-Poisson |   RF est P=C·d²/K  @0.5m: 1.3-125.0W  (mid=6.3W)  CPS/s=0.5
08:39:13	1787474353713155800,1787474353720638700		
08:39:14	1787474354715227000,1787474354735943400		
08:39:16	1787474356212098800	SIG#40 [1,0,0,0,1,0,1,0,0,0,1,0,1,0,0,0,1] pk=1	[08:39:16] ⚠⚠⚠ EMF FINGERPRINT  score=6/7  n=5pk/3fl |   χ²/μ=0.006  m=1.688  SWR=0.54  CV_R=0.307  PSCI=0.157  CV_Re=0.234
08:39:17	1787474357211330300		
08:39:19	1787474359477468700,1787474359487014100		[08:39:19] ⚡ OOK BURST PATTERN  CPS=1  burst=1.2s  gap=3.6s  duty=0.25  cycles=5 |   f=0.208Hz (SLF)  T=4.8s  CV_run=0.333  CV_gap=0.136  RF≈1.3W@0.5m |   ON/OFF KEYING SIGNATURE  identical CPS=1 repeated 5x  structured pulsed source confirmed
08:39:20	1787474360708277000,1787474360712193800,1787474360722291700		
08:39:21	1787474361726493000,1787474361732637700		
08:39:23	1787474363209352000,1787474363214760700		[08:39:23] 🔄 FLOOR RECURRENCE  dr=0.0400 µSv/h  prior=08:39:21  interval=1.5s  (0.02min)
08:39:24	1787474364203434200,1787474364204319700		
08:39:26	1787474366477872400,1787474366479816200		
08:39:27	1787474367671728000,1787474367674237200		[08:39:27] ⚡ CPS CLUSTER  21cts/10s  n=14  CV_IAT=1.171 |   RF est P=C·d²/K  @0.5m: 5.3-525.0W  (mid=26.3W)  CPS/s=2.1 | [08:39:27] ↑ STATE  FLAT → LOW  0.1100 µSv/h
08:39:28	1787474368870158800		[08:39:28] ↓ STATE  LOW → FLAT  0.0600 µSv/h | [08:39:28] ↑ STATE  FLAT → LOW  0.1100 µSv/h
08:39:30			[08:39:30] ↓ STATE  LOW → FLAT  0.0700 µSv/h | [08:39:30] ↑ STATE  FLAT → LOW  0.1100 µSv/h
08:39:31			[08:39:31] ↓ STATE  LOW → FLAT  0.0800 µSv/h | [08:39:31] ↑ STATE  FLAT → LOW  0.1100 µSv/h
08:39:32			[08:39:32] ↓ STATE  LOW → FLAT  0.0900 µSv/h | [08:39:32] ↑ STATE  FLAT → LOW  0.1100 µSv/h
08:39:33			[08:39:33] ↓ STATE  LOW → FLAT  0.0900 µSv/h | [08:39:33] ↑ STATE  FLAT → LOW  0.1100 µSv/h | [08:39:33] ↓ STATE  LOW → FLAT  0.0900 µSv/h
08:39:35			[08:39:35] ↑ STATE  FLAT → LOW  0.1100 µSv/h | [08:39:35] ↓ STATE  LOW → FLAT  0.0900 µSv/h
08:39:36			[08:39:36] ↑ STATE  FLAT → LOW  0.1100 µSv/h | [08:39:36] ↓ STATE  LOW → FLAT  0.0900 µSv/h
08:39:38			[08:39:38] ↑ STATE  FLAT → LOW  0.1100 µSv/h | [08:39:38] ↓ STATE  LOW → FLAT  0.0900 µSv/h
08:39:39			[08:39:39] ↑ STATE  FLAT → LOW  0.1100 µSv/h | [08:39:39] ↓ STATE  LOW → FLAT  0.0900 µSv/h
08:39:40			[08:39:40] ↑ STATE  FLAT → LOW  0.1000 µSv/h | [08:39:40] ↓ STATE  LOW → FLAT  0.0900 µSv/h
08:39:42			
08:39:43	1787474383284490800		
08:39:44	1787474384725250300,1787474384727949600		[08:39:44] ⚡ CPS CLUSTER  5cts/10s  n=3  CV_IAT=0.996 |   RF est P=C·d²/K  @0.5m: 1.3-125.0W  (mid=6.3W)  CPS/s=0.5
08:39:45	1787474385736084000,1787474385737138400,1787474385737912300		[Min 002  08:38:45]  CPM=00057  ✓ COMPLETE
08:39:47	1787474387217651700,1787474387219041300,1787474387220277200		[08:39:47] ⚠⚠⚠ EMF FINGERPRINT  score=6/7  n=4pk/4fl |   χ²/μ=0.004  m=1.462  SWR=0.37  CV_R=0.209  PSCI=0.118  CV_Re=0.172
08:39:48	1787474388230187500,1787474388230921000,1787474388232457000		
08:39:49	1787474389725844200,1787474389727566000,1787474389729023000		
08:39:50	1787474390730532400,1787474390731144400,1787474390738747000,1787474390743892700		
08:39:51	1787474391728685800,1787474391729586000,1787474391732460300,1787474391737405000		
08:39:53	1787474393219291000,1787474393225155600,1787474393226720800,1787474393227344000		[08:39:53] 🔄 FLOOR RECURRENCE  dr=0.0500 µSv/h  prior=08:39:51  interval=1.5s  (0.02min) | [08:39:53] ↑ STATE  FLAT → LOW  0.1000 µSv/h | [08:39:53] ⚠⚠⚠ POWER LEVEL LOCK  dr=0.1000 µSv/h  hits=50  avg_interval=2.0s (0.03min)  CV=2.260 |   Source returns to identical power level 50x  Natural decay cannot reproduce fixed amplitude  Controlled RF source confirmed
08:39:54	1787474394257932800,1787474394272096300,1787474394272701200		[08:39:54] ↓ STATE  LOW → FLAT  0.0500 µSv/h | [08:39:54] ↑ STATE  FLAT → LOW  0.1000 µSv/h
08:39:56	1787474396488487000,1787474396489609200,1787474396490401000,1787474396499377400		[08:39:56] ↓ STATE  LOW → FLAT  0.0500 µSv/h | [08:39:56] ↑ STATE  FLAT → LOW  0.1000 µSv/h
08:39:57	1787474397685809000,1787474397686984400,1787474397687631400,1787474397692697900,1787474397694721500		[08:39:57] ↓ STATE  LOW → FLAT  0.0500 µSv/h | [08:39:57] ↑ STATE  FLAT → LOW  0.1000 µSv/h
08:39:58	1787474398877770200,1787474398881013000,1787474398881780200,1787474398885001000,1787474398885972500,1787474398887103000		[08:39:58] ↓ STATE  LOW → FLAT  0.0800 µSv/h | [08:39:58] ↑ STATE  FLAT → LOW  0.1000 µSv/h | [08:39:58] 小刀 PAINTBRUSH BURST  5 consecutive ticks  total=6cts  avg=1.2CPS  RF~1.5W@0.5m  bars merge = dense burst | [08:39:58] ⚠⚠⚠ CONFIRMED ATTACK  CONSECUTIVE CPS CLUSTER  run=5s  total_counts=6  avg=1.20CPS/s  dr=0.1100  span=1.2s |   Poisson P(run≥5)<<0.001  NON-NATURAL SOURCE CONFIRMED  start=08:39:57 | [08:39:58] ⚠⚠⚠ CPS UNIFORMITY LOCK  CPS=1 on 18/30s (60.0%)  zeros=11  highs=1  Poisson P<<0.001  CONTROLLED SOURCE CONFIRMED |   Natural Poisson: expected CPS=1 on ~9-13s  observed=18s  locked synthetic output indicated
08:40:00	1787474400091584500,1787474400093101300,1787474400095643000,1787474400097408800,1787474400098207500		[08:40:00] ⚡ CPS CLUSTER  35cts/10s  n=31  CV_IAT=1.894 |   RF est P=C·d²/K  @0.5m: 8.8-875.0W  (mid=43.8W)  CPS/s=3.5 | [08:40:00] ↓ STATE  LOW → FLAT  0.0800 µSv/h | [08:40:00] ↑ STATE  FLAT → LOW  0.1000 µSv/h
08:40:01	1787474401294806300,1787474401296947200,1787474401297803000,1787474401298649300		[08:40:01] ⚠⚠ STRUCTURED BURST PAIR  pairs=3  interval=1.2s  CV=0.004  spacings=[1.2,1.2]  span=2.4s |   f=0.829Hz  T=1.2s  pair_width=2s  CPS≥2  structured burst-pair source
08:40:02	1787474402723893200,1787474402725291000,1787474402726782700		[08:40:02] ↑ STATE  LOW → ELEVATED  0.2100 µSv/h
08:40:03	1787474403735554000,1787474403739516000,1787474403740487000	SIG#54 [2,1,1,0,0,0,2,1,1,0,0,0,2,1,1,0,0,0,2,1,1,0,0,0,2,1,1,0,0,0,1,1,1,0,0,0,1,1,1,0,0,0,1,1,1,0,0,0,1,1,1,0,0,0,1,1,1,0,1,0,1,1,1,0,1,2,1,1,1,0,1,2,2,1,1,0,1,2,2,0,1,0,1,2,2,0,0,0,1,2,2,0,0,0,1,2,2] pk=2	[08:40:03] ↑ STATE  ELEVATED → LOW  0.1300 µSv/h | [08:40:03] ↑ STATE  LOW → ELEVATED  0.2100 µSv/h | [08:40:03] 🔄 PEAK RECURRENCE  dr=0.2100 µSv/h  seen 1x in log
08:40:05	1787474405228412200,1787474405233071900		[08:40:05] ⚡ BEAT INTERFERENCE CONFIRMED |   y = A1·sin(2πf₁t) + A2·sin(2πf₂t) |   A1=0.2100µSv/h  A2=0.0700µSv/h  A2/A1=0.333  floor/peak=0.333 |   f_beat=|f₁-f₂|=0.71062Hz  T_beat=1.4s  band=SLF |   RF P≈C·d²/K: carrier1≈0.06W  carrier2≈0.01W  @d=0.5m (K=0.2) |   TWO-SOURCE INTERFERENCE  dominant=0.2100µSv/h  secondary=0.0700µSv/h  freq-sep≈0.71062Hz  CV_env=0.371 | [08:40:05] ⚡ OOK BURST PATTERN  CPS=1  burst=3.0s  gap=1.0s  duty=0.75  cycles=3 |   f=0.250Hz (SLF)  T=4.0s  CV_run=0.272  CV_gap=0.000  RF≈1.3W@0.5m |   ON/OFF KEYING SIGNATURE  identical CPS=1 repeated 3x  structured pulsed source confirmed | [08:40:05] ↑ STATE  ELEVATED → LOW  0.1400 µSv/h | [08:40:05] ↑ STATE  LOW → ELEVATED  0.2100 µSv/h | [08:40:05] 🔔 PEAK SHIFT ↑  0.2100 → 0.2300 µSv/h  Δ=+0.0200
08:40:06	1787474406222991400		[08:40:06] ↑ STATE  ELEVATED → LOW  0.1600 µSv/h | [08:40:06] ↑ STATE  LOW → ELEVATED  0.2100 µSv/h
08:40:07			[08:40:07] ↑ STATE  ELEVATED → LOW  0.1700 µSv/h | [08:40:07] ↑ STATE  LOW → ELEVATED  0.2100 µSv/h
08:40:08			[08:40:08] ↑ STATE  ELEVATED → LOW  0.1900 µSv/h | [08:40:08] ↑ STATE  LOW → ELEVATED  0.2100 µSv/h
08:40:09	1787474409746712000		
08:40:11	1787474411242049000		
08:40:12	1787474412233186800		[08:40:12] ↑ STATE  ELEVATED → LOW  0.1900 µSv/h
08:40:14	1787474414501195000		[08:40:14] ↑ STATE  LOW → ELEVATED  0.2300 µSv/h | [08:40:14] ↑ STATE  ELEVATED → LOW  0.1900 µSv/h
08:40:15	1787474415697869000		[08:40:15] ⚡ STRUCTURED CLUSTER  6cts/10s  n=5  CV_IAT=0.461  non-Poisson |   RF est P=C·d²/K  @0.5m: 1.5-150.0W  (mid=7.5W)  CPS/s=0.6 | [08:40:15] ↑ STATE  LOW → ELEVATED  0.2300 µSv/h | [08:40:15] ↑ STATE  ELEVATED → LOW  0.1900 µSv/h
08:40:16	1787474416896490000		[08:40:16] ↑ STATE  LOW → ELEVATED  0.2200 µSv/h | [08:40:16] ↑ STATE  ELEVATED → LOW  0.1900 µSv/h
08:40:18	1787474418093983200,1787474418103782400		[08:40:18] ↑ STATE  LOW → ELEVATED  0.2100 µSv/h | [08:40:18] ⚠ EMF FINGERPRINT  score=4/7  n=2pk/6fl |   χ²/μ=0.002  m=1.227  SWR=0.14  CV_R=0.085  PSCI=0.022  CV_Re=0.060 | [08:40:18] ↑ STATE  ELEVATED → LOW  0.1900 µSv/h
08:40:19	1787474419319168000,1787474419321352200		[08:40:19] ↑ STATE  LOW → ELEVATED  0.2000 µSv/h | [08:40:19] ↑ STATE  ELEVATED → LOW  0.1900 µSv/h
08:40:20	1787474420735721700,1787474420740417000		
08:40:21	1787474421757828900,1787474421759978200		
08:40:23	1787474423245520000,1787474423247487000		
08:40:24	1787474424242930400,1787474424243741400		
08:40:25	1787474425743151000,1787474425744242000		
08:40:26	1787474426738567000		
08:40:27			
08:40:29			
08:40:30			
08:40:32			[08:40:32] ⚡ CPS CLUSTER  7cts/10s  n=7  CV_IAT=1.039 |   RF est P=C·d²/K  @0.5m: 1.8-175.0W  (mid=8.8W)  CPS/s=0.7
08:40:33			
08:40:34			
08:40:36	1787474436108008200		
08:40:37	1787474437326286800		[08:40:37] ↓ STATE  LOW → FLAT  0.0900 µSv/h | [08:40:37] 🔄 FLOOR RECURRENCE  dr=0.0900 µSv/h  prior=08:39:44  interval=52.6s  (0.88min)
08:40:38	1787474438754444800		[08:40:38] ↑ STATE  FLAT → LOW  0.1100 µSv/h | [08:40:38] ↓ STATE  LOW → FLAT  0.0900 µSv/h
08:40:39	1787474439754411800		[08:40:39] ↑ STATE  FLAT → LOW  0.1100 µSv/h | [08:40:39] ↓ STATE  LOW → FLAT  0.0900 µSv/h
08:40:41	1787474441245070300		[08:40:41] ↑ STATE  FLAT → LOW  0.1000 µSv/h | [08:40:41] ↓ STATE  LOW → FLAT  0.0900 µSv/h
08:40:42	1787474442250969000		[08:40:42] ↑ STATE  FLAT → LOW  0.1000 µSv/h | [08:40:42] ↓ STATE  LOW → FLAT  0.0900 µSv/h
08:40:44	1787474444508919300,1787474444525349400		[08:40:44] ↑ STATE  FLAT → LOW  0.1000 µSv/h | [08:40:44] ↓ STATE  LOW → FLAT  0.0900 µSv/h
08:40:45	1787474445711583500		[Min 003  08:39:45]  CPM=00108  ✓ COMPLETE
08:40:46	1787474446921454000		
08:40:48	1787474448108968000		[08:40:48] ⚡ CPS CLUSTER  8cts/10s  n=8  CV_IAT=0.530 |   RF est P=C·d²/K  @0.5m: 2.0-200.0W  (mid=10.0W)  CPS/s=0.8 | [08:40:48] ⚠⚠⚠ EMF FINGERPRINT  score=6/7  n=3pk/4fl |   χ²/μ=0.004  m=1.481  SWR=0.36  CV_R=0.232  PSCI=0.082  CV_Re=0.219
08:40:49	1787474449323165700		
08:40:50	1787474450750107600		[08:40:50] ⚡ OOK BURST PATTERN  CPS=2  burst=2.8s  gap=10.5s  duty=0.21  cycles=4 |   f=0.075Hz (ELF)  T=13.3s  CV_run=0.472  CV_gap=1.349  RF≈2.5W@0.5m |   ON/OFF KEYING SIGNATURE  identical CPS=2 repeated 4x  structured pulsed source confirmed
08:40:51	1787474451758600200,1787474451767649800		
08:40:52	1787474452764782800,1787474452765480700		
08:40:54	1787474454264375800,1787474454265079800		
08:40:55	1787474455257244700,1787474455257899800		
08:40:56	1787474456758711000,1787474456759431400,1787474456761761500		
08:40:57	1787474457754496000,1787474457755348200,1787474457757868300,1787474457758955300		
08:40:58	1787474458770980900,1787474458771937000,1787474458774095600,1787474458774687500,1787474458775679500		[08:40:58] 小刀 PAINTBRUSH BURST  4 consecutive ticks  total=5cts  avg=1.3CPS  RF~1.6W@0.5m  bars merge = dense burst | [08:40:58] ⚠ BURST PAIR  pairs=7  interval=10.0s  CV=1.952  spacings=[1.2,1.2,1.4,1.0,1.5,53.5]  span=59.9s |   f=0.100Hz  T=10.0s  pair_width=2s  CPS≥2  structured burst-pair source
08:41:00	1787474460261570300,1787474460267445800,1787474460267948800,1787474460273174800,1787474460273799400		
08:41:01	1787474461257756700,1787474461258224400,1787474461263037400,1787474461263676400		[08:41:01] ↑ STATE  FLAT → LOW  0.1100 µSv/h | [08:41:01] ⚠⚠⚠ POWER LEVEL LOCK  dr=0.1100 µSv/h  hits=106  avg_interval=1.6s (0.03min)  CV=2.836 |   Source returns to identical power level 106x  Natural decay cannot reproduce fixed amplitude  Controlled RF source confirmed
08:41:03	1787474463526548200,1787474463527256300,1787474463528785000,1787474463529556700,1787474463531785000		[08:41:03] ⚡ CPS CLUSTER  32cts/10s  n=25  CV_IAT=1.768 |   RF est P=C·d²/K  @0.5m: 8.0-800.0W  (mid=40.0W)  CPS/s=3.2 | [08:41:03] ↓ STATE  LOW → FLAT  0.0600 µSv/h | [08:41:03] ↑ STATE  FLAT → LOW  0.1100 µSv/h
08:41:04	1787474464766059800,1787474464767228000,1787474464768052700,1787474464768503000,1787474464777439200		[08:41:04] ↓ STATE  LOW → FLAT  0.0600 µSv/h | [08:41:04] ⚠⚠⚠ CONFIRMED ATTACK  CONSECUTIVE CPS CLUSTER  run=5s  total_counts=7  avg=1.40CPS/s  dr=0.1100  span=1.2s |   Poisson P(run≥5)<<0.001  NON-NATURAL SOURCE CONFIRMED  start=08:41:03 | [08:41:04] ↑ STATE  FLAT → LOW  0.1100 µSv/h
08:41:05	1787474465761885200,1787474465762811000,1787474465763440000,1787474465765204200,1787474465769219600		[08:41:05] ⚡ BEAT INTERFERENCE CONFIRMED |   y = A1·sin(2πf₁t) + A2·sin(2πf₂t) |   A1=0.1700µSv/h  A2=0.0700µSv/h  A2/A1=0.412  floor/peak=0.412 |   f_beat=|f₁-f₂|=0.47480Hz  T_beat=2.1s  band=SLF |   RF P≈C·d²/K: carrier1≈0.04W  carrier2≈0.01W  @d=0.5m (K=0.2) |   TWO-SOURCE INTERFERENCE  dominant=0.1700µSv/h  secondary=0.0700µSv/h  freq-sep≈0.47480Hz  CV_env=0.268 | [08:41:05] ↓ STATE  LOW → FLAT  0.0700 µSv/h | [08:41:05] ↑ STATE  FLAT → LOW  0.1100 µSv/h
08:41:07	1787474467253715700,1787474467256750000,1787474467258898000,1787474467261225700		[08:41:07] ↓ STATE  LOW → FLAT  0.0700 µSv/h | [08:41:07] ↑ STATE  FLAT → LOW  0.1100 µSv/h
08:41:08	1787474468264958500,1787474468271118600,1787474468273311200		[08:41:08] ↓ STATE  LOW → FLAT  0.0900 µSv/h | [08:41:08] 🔄 FLOOR RECURRENCE  dr=0.0900 µSv/h  prior=08:41:07  interval=1.0s  (0.02min) | [08:41:08] ↑ STATE  FLAT → LOW  0.1100 µSv/h
08:41:10	1787474470523455000,1787474470527148800		[08:41:10] ↑ STATE  LOW → ELEVATED  0.2000 µSv/h | [08:41:10] 🔄 PEAK RECURRENCE  dr=0.2000 µSv/h  seen 7x in log
08:41:11	1787474471712849000,1787474471721569500	SIG#90 [1,1,0,0,1,0,1,1,0,0,1,2,1,1,0,0,1,2,2,1,0,0,1,2,2,1,0,0,1,2,2,1,0,0,1,2,2,1,0,1,1,2,2,1,0,1,0,2,2,1,0,1,0,1,2,1,0,1,0,1,0,1,0,1,0,1,0,0,0,1,0,1,0,0,0,1,0,1] pk=2	[08:41:11] ↑ STATE  ELEVATED → LOW  0.1300 µSv/h | [08:41:11] ↑ STATE  LOW → ELEVATED  0.2000 µSv/h
08:41:12	1787474472918410000		[08:41:12] ↑ STATE  ELEVATED → LOW  0.1400 µSv/h | [08:41:12] ↑ STATE  LOW → ELEVATED  0.2000 µSv/h
08:41:14	1787474474126779400,1787474474133649200		[08:41:14] ↑ STATE  ELEVATED → LOW  0.1700 µSv/h | [08:41:14] ↑ STATE  LOW → ELEVATED  0.2000 µSv/h
08:41:15	1787474475329387500,1787474475330163500		[08:41:15] ↑ STATE  ELEVATED → LOW  0.1800 µSv/h | [08:41:15] ↑ STATE  LOW → ELEVATED  0.2000 µSv/h
08:41:16	1787474476762772500,1787474476763534600,1787474476764391400		[08:41:16] ↑ STATE  ELEVATED → LOW  0.1900 µSv/h | [08:41:16] ↑ STATE  LOW → ELEVATED  0.2000 µSv/h
08:41:17	1787474477773745000,1787474477774354200,1787474477776372000,1787474477778028000		
08:41:19	1787474479261605000,1787474479262401800,1787474479269426000,1787474479271022600,1787474479272108300		[08:41:19] 小刀 PAINTBRUSH BURST  4 consecutive ticks  total=5cts  avg=1.3CPS  RF~1.6W@0.5m  bars merge = dense burst | [08:41:19] ⚡ CPS CLUSTER  20cts/10s  n=16  CV_IAT=1.228 |   RF est P=C·d²/K  @0.5m: 5.0-500.0W  (mid=25.0W)  CPS/s=2.0 | [08:41:19] ⚠⚠⚠ EMF FINGERPRINT  score=6/7  n=5pk/7fl |   χ²/μ=0.005  m=1.386  SWR=0.36  CV_R=0.161  PSCI=0.071  CV_Re=0.240
08:41:20	1787474480260441600,1787474480261000200,1787474480268187000,1787474480269903600,1787474480270652000		[08:41:20] ⚠⚠⚠ CONFIRMED ATTACK  CONSECUTIVE CPS CLUSTER  run=5s  total_counts=6  avg=1.20CPS/s  dr=0.2000  span=1.0s |   Poisson P(run≥5)<<0.001  NON-NATURAL SOURCE CONFIRMED  start=08:41:19
08:41:21	1787474481757167400,1787474481758082600,1787474481758916400,1787474481763258000,1787474481763851000,1787474481767651000		[08:41:21] ⚠⚠⚠ CPS UNIFORMITY LOCK  CPS=1 on 18/30s (60.0%)  zeros=8  highs=4  Poisson P<<0.001  CONTROLLED SOURCE CONFIRMED |   Natural Poisson: expected CPS=1 on ~9-13s  observed=18s  locked synthetic output indicated
08:41:22	1787474482766420700,1787474482767683000,1787474482768505000,1787474482769205500,1787474482770912300,1787474482771689700		[08:41:22] 🔒 CPS LOCK  CPS=1 x4+ consecutive  P(Poisson)<<0.001  RF≈1.3W@0.5m | [08:41:22] 🔒 CPS LOCK END  was CPS=1 x4  now CPS=0
08:41:23	1787474483773534500,1787474483778202000,1787474483778871300,1787474483784768800,1787474483786364000		[08:41:23] 🔒 CPS LOCK END  was CPS=1 x4  now CPS=0
08:41:25	1787474485271179000,1787474485275672300,1787474485280914200,1787474485282947600		
08:41:26	1787474486267096300,1787474486270967800,1787474486273788400		
08:41:28	1787474488530679800,1787474488531449600,1787474488540715300	SIG#95 [2,1,1,0,0,0,2,1,1,1,0,0,2,1,1,1,1,0,2,1,1,1,1,0,2,1,1,1,1,0,1,1,1,1,1,0,1,1,1,1,1,0,1,1,0,1,1,0,1,1,0,0,1,0,1,1] pk=2	
08:41:29	1787474489724459000,1787474489727357200,1787474489736667100		
08:41:30	1787474490924370700,1787474490930797300		
08:41:32	1787474492137789200	SIG#96 [1,1,0,0,0,1,1,1,0,0,0,1,0,1,0,0,0,1] pk=1	
08:41:33	1787474493339638500		
08:41:34	1787474494771389700		[08:41:34] ⚡ CPS CLUSTER  17cts/10s  n=17  CV_IAT=1.376 |   RF est P=C·d²/K  @0.5m: 4.3-425.0W  (mid=21.3W)  CPS/s=1.7 | [08:41:34] ↑ STATE  ELEVATED → LOW  0.1900 µSv/h
08:41:35	1787474495784462000,1787474495795510800		[08:41:35] ⚡ OOK BURST PATTERN  CPS=1  burst=2.8s  gap=2.2s  duty=0.56  cycles=5 |   f=0.200Hz (SLF)  T=5.0s  CV_run=0.416  CV_gap=0.530  RF≈1.3W@0.5m |   ON/OFF KEYING SIGNATURE  identical CPS=1 repeated 5x  structured pulsed source confirmed | [08:41:35] ↑ STATE  LOW → ELEVATED  0.2000 µSv/h | [08:41:35] ↑ STATE  ELEVATED → LOW  0.1900 µSv/h
08:41:37	1787474497280290800		[08:41:37] ↑ STATE  LOW → ELEVATED  0.2000 µSv/h | [08:41:37] ↑ STATE  ELEVATED → LOW  0.1900 µSv/h
08:41:38	1787474498275788300		[08:41:38] ↑ STATE  LOW → ELEVATED  0.2100 µSv/h | [08:41:38] ↑ STATE  ELEVATED → LOW  0.1900 µSv/h
08:41:40	1787474500533563600		[08:41:40] ↑ STATE  LOW → ELEVATED  0.2100 µSv/h | [08:41:40] ↑ STATE  ELEVATED → LOW  0.1900 µSv/h
08:41:41	1787474501734973700,1787474501739464200		[08:41:41] ↑ STATE  LOW → ELEVATED  0.2100 µSv/h | [08:41:41] 🔄 PEAK RECURRENCE  dr=0.2100 µSv/h  seen 55x in log | [08:41:41] ↑ STATE  ELEVATED → LOW  0.1900 µSv/h
08:41:42	1787474502931363300,1787474502936437200		
08:41:44	1787474504138057500,1787474504144390400		
08:41:45	1787474505352557300,1787474505355627800	SIG#105 [1,0,0,0,1,0,1,0,0,0,1,0,1,0,0,0,1] pk=1	
08:41:46	1787474506785770800,1787474506794687700,1787474506795933000		[Min 004  08:40:45]  CPM=00151  ✓ COMPLETE | [08:41:46] ↓ STATE  LOW → FLAT  0.0900 µSv/h | [08:41:46] 🔄 FLOOR RECURRENCE  dr=0.0900 µSv/h  prior=08:41:08  interval=38.5s  (0.64min)
08:41:47	1787474507781397800,1787474507784513000,1787474507794243600,1787474507797267500		[08:41:47] ↑ STATE  FLAT → LOW  0.1400 µSv/h | [08:41:47] ↓ STATE  LOW → FLAT  0.0900 µSv/h
08:41:49	1787474509272914400,1787474509277173800,1787474509278323700,1787474509280231000		[08:41:49] ↑ STATE  FLAT → LOW  0.1300 µSv/h | [08:41:49] ⚠⚠⚠ EMF FINGERPRINT  score=6/7  n=5pk/7fl |   χ²/μ=0.008  m=1.449  SWR=0.39  CV_R=0.228  PSCI=0.130  CV_Re=0.203 | [08:41:49] 小刀 PAINTBRUSH BURST  4 consecutive ticks  total=4cts  avg=1.0CPS  RF~1.3W@0.5m  bars merge = dense burst | [08:41:49] ↓ STATE  LOW → FLAT  0.0900 µSv/h
08:41:50	1787474510296924200,1787474510309519000,1787474510311363300,1787474510322988300		[08:41:50] ⚡ CPS CLUSTER  20cts/10s  n=20  CV_IAT=1.312 |   RF est P=C·d²/K  @0.5m: 5.0-500.0W  (mid=25.0W)  CPS/s=2.0 | [08:41:50] ↑ STATE  FLAT → LOW  0.1200 µSv/h | [08:41:50] ↓ STATE  LOW → FLAT  0.0900 µSv/h
08:41:52	1787474512540599000,1787474512541555000,1787474512542420000,1787474512543844000		[08:41:52] ↑ STATE  FLAT → LOW  0.1100 µSv/h | [08:41:52] ↓ STATE  LOW → FLAT  0.0900 µSv/h | [08:41:52] ↑ STATE  FLAT → LOW  0.1000 µSv/h
08:41:53	1787474513738198800,1787474513738936000,1787474513739952400,1787474513741634800		[08:41:53] ↓ STATE  LOW → FLAT  0.0900 µSv/h | [08:41:53] ↑ STATE  FLAT → LOW  0.1000 µSv/h
08:41:54	1787474514937032400,1787474514937959400,1787474514939445000		[08:41:54] ↓ STATE  LOW → FLAT  0.0900 µSv/h | [08:41:54] ↑ STATE  FLAT → LOW  0.1000 µSv/h
08:41:56	1787474516132829400,1787474516134432000	SIG#106 [1,0,0,1,0,0,1,0,0,1,1,0,1,0,0,1,1,1,1,0,0,1,1,1,0,0,0,1,1,1,0,2,0,1,1,1,0,2,0,1,1,1,0,2,0,0,1,1,0,2,0,0,0,1,0,2] pk=2	[08:41:56] ↓ STATE  LOW → FLAT  0.0900 µSv/h | [08:41:56] ↑ STATE  FLAT → LOW  0.1000 µSv/h
08:41:57	1787474517349212400		[08:41:57] ↓ STATE  LOW → FLAT  0.0900 µSv/h | [08:41:57] ↑ STATE  FLAT → LOW  0.1000 µSv/h
08:41:58	1787474518778330400		[08:41:58] ↓ STATE  LOW → FLAT  0.0900 µSv/h | [08:41:58] ↑ STATE  FLAT → LOW  0.1000 µSv/h
08:41:59	1787474519799723000		
08:42:01	1787474521294598000		[08:42:01] ⚠⚠⚠ POWER LEVEL LOCK  dr=0.1100 µSv/h  hits=131  avg_interval=1.7s (0.03min)  CV=2.832 |   Source returns to identical power level 131x  Natural decay cannot reproduce fixed amplitude  Controlled RF source confirmed
08:42:02	1787474522293542000		
08:42:04	1787474524540766000		
08:42:05	1787474525753686300,1787474525762891500		[08:42:05] ⚡ CPS CLUSTER  15cts/10s  n=8  CV_IAT=0.521 |   RF est P=C·d²/K  @0.5m: 3.8-375.0W  (mid=18.8W)  CPS/s=1.5
08:42:06	1787474526944671500,1787474526952324600		
08:42:08	1787474528141330400,1787474528151209200		
08:42:09	1787474529364245800,1787474529367441400	SIG#113 [2,0,0,0,3,0,2,0,0,0,3,0,2,0,0,0,3] pk=3	
08:42:10	1787474530795695900,1787474530798688300		
08:42:11	1787474531789457200,1787474531792438000		[08:42:11] ⚡ BEAT INTERFERENCE CONFIRMED |   y = A1·sin(2πf₁t) + A2·sin(2πf₂t) |   A1=0.2300µSv/h  A2=0.1600µSv/h  A2/A1=0.696  floor/peak=0.696 |   f_beat=|f₁-f₂|=0.33653Hz  T_beat=3.0s  band=SLF |   RF P≈C·d²/K: carrier1≈0.07W  carrier2≈0.03W  @d=0.5m (K=0.2) |   TWO-SOURCE INTERFERENCE  dominant=0.2300µSv/h  secondary=0.1600µSv/h  freq-sep≈0.33653Hz  CV_env=0.109
08:42:13	1787474533290316800,1787474533294680600		
08:42:14	1787474534288086800	SIG#114 [3,0,0,2,0,0,3,0,0,2,0,0,3,0,0,2,0,0,3,0,0,2] pk=3	
08:42:15	1787474535788721400,1787474535798307600		
08:42:16	1787474536794730000,1787474536815708700		
08:42:17	1787474537799198700		
08:42:19	1787474539295497500		[08:42:19] ⚠⚠⚠ EMF FINGERPRINT  score=6/7  n=5pk/3fl |   χ²/μ=0.002  m=1.214  SWR=0.19  CV_R=0.110  PSCI=0.083  CV_Re=0.058 | [08:42:19] ↑ STATE  LOW → ELEVATED  0.2000 µSv/h | [08:42:19] 🔄 PEAK RECURRENCE  dr=0.2000 µSv/h  seen 49x in log
08:42:20	1787474540293117000,1787474540298502400		[08:42:20] ↑ STATE  ELEVATED → LOW  0.1700 µSv/h | [08:42:20] ↑ STATE  LOW → ELEVATED  0.2000 µSv/h
08:42:21	1787474541791754500,1787474541796704500		[08:42:21] ⚡ OOK BURST PATTERN  CPS=2  burst=1.5s  gap=5.5s  duty=0.21  cycles=4 |   f=0.143Hz (SLF)  T=7.0s  CV_run=0.577  CV_gap=0.905  RF≈2.5W@0.5m |   ON/OFF KEYING SIGNATURE  identical CPS=2 repeated 4x  structured pulsed source confirmed | [08:42:21] ⚡ CPS CLUSTER  22cts/10s  n=13  CV_IAT=0.877 |   RF est P=C·d²/K  @0.5m: 5.5-550.0W  (mid=27.5W)  CPS/s=2.2 | [08:42:21] ↑ STATE  ELEVATED → LOW  0.1800 µSv/h | [08:42:21] ↑ STATE  LOW → ELEVATED  0.2000 µSv/h
08:42:22	1787474542795414800,1787474542819618300		[08:42:22] ↑ STATE  ELEVATED → LOW  0.1800 µSv/h | [08:42:22] ↑ STATE  LOW → ELEVATED  0.2000 µSv/h
08:42:23	1787474543808583700	SIG#121 [1,0,0,0,1,0,1,0,0,0,1,0,1,0,0,0,1] pk=1	[08:42:23] ↑ STATE  ELEVATED → LOW  0.1900 µSv/h | [08:42:23] ↑ STATE  LOW → ELEVATED  0.2000 µSv/h
08:42:25	1787474545301612500		[08:42:25] ↑ STATE  ELEVATED → LOW  0.1900 µSv/h | [08:42:25] ↑ STATE  LOW → ELEVATED  0.2000 µSv/h
08:42:26	1787474546290919400		
08:42:28	1787474548560484900,1787474548569010000		
08:42:29	1787474549766293800		[08:42:29] ↑ STATE  ELEVATED → LOW  0.1900 µSv/h
08:42:30	1787474550961536500		[08:42:30] ↑ STATE  LOW → ELEVATED  0.2200 µSv/h | [08:42:30] ↑ STATE  ELEVATED → LOW  0.1900 µSv/h
08:42:32	1787474552158097400		[08:42:32] ↑ STATE  LOW → ELEVATED  0.2200 µSv/h | [08:42:32] ↑ STATE  ELEVATED → LOW  0.1900 µSv/h
08:42:33	1787474553373652000,1787474553379826700		[08:42:33] ↑ STATE  LOW → ELEVATED  0.2200 µSv/h | [08:42:33] ↑ STATE  ELEVATED → LOW  0.1900 µSv/h
08:42:34	1787474554802090200,1787474554807520500		[08:42:34] ↑ STATE  LOW → ELEVATED  0.2200 µSv/h | [08:42:34] ↑ STATE  ELEVATED → LOW  0.1900 µSv/h
08:42:35	1787474555797492500,1787474555805781000,1787474555808159700		[08:42:35] ↑ STATE  LOW → ELEVATED  0.2000 µSv/h | [08:42:35] ↑ STATE  ELEVATED → LOW  0.1900 µSv/h
08:42:37	1787474557304937200,1787474557307300600		[08:42:37] ⚡ CPS CLUSTER  14cts/10s  n=12  CV_IAT=0.915 |   RF est P=C·d²/K  @0.5m: 3.5-350.0W  (mid=17.5W)  CPS/s=1.4
08:42:38	1787474558304064000,1787474558316979500		
08:42:40	1787474560563760000,1787474560565493500,1787474560568185900		
08:42:41	1787474561764432600,1787474561766425600,1787474561771864800,1787474561773966000		
08:42:42	1787474562964494600,1787474562972140800,1787474562973371600		
08:42:44	1787474564158666000,1787474564161363700,1787474564162188800		
08:42:45	1787474565371132000,1787474565372544300	SIG#130 [1,0,0,0,1,0,1,0,0,0,1,0,1,0,0,0,1,0,3,0,0,0,1,0,3,0,0,0,1,0,3,0,0,0,1,0,3,0,0,1,1,0,3,0,0,1,1,0,3,0,0,1,1,0,3,0,0,1,1] pk=3	
08:42:46	1787474566818746000,1787474566821958400,1787474566832711000		[Min 005  08:41:45]  CPM=00144  ✓ COMPLETE
08:42:47	1787474567819175700,1787474567822674400,1787474567831696600		
08:42:49	1787474569303148300,1787474569313666800		[08:42:49] ⚠⚠⚠ EMF FINGERPRINT  score=6/7  n=8pk/8fl |   χ²/μ=0.002  m=1.295  SWR=0.20  CV_R=0.102  PSCI=0.072  CV_Re=0.025
08:42:50	1787474570314680300	SIG#132 [1,1,0,0,0,1,1,1,0,0,0,1,0,1,0,0,0,1] pk=1	
08:42:52	1787474572563672800,1787474572567538200		[08:42:52] ⚡ CPS CLUSTER  21cts/10s  n=17  CV_IAT=1.302 |   RF est P=C·d²/K  @0.5m: 5.3-525.0W  (mid=26.3W)  CPS/s=2.1 | [08:42:52] ↑ STATE  LOW → ELEVATED  0.2000 µSv/h | [08:42:52] 🔄 PEAK RECURRENCE  dr=0.2000 µSv/h  seen 61x in log
08:42:53	1787474573763434200,1787474573771052300		[08:42:53] ↑ STATE  ELEVATED → LOW  0.1700 µSv/h | [08:42:53] ↑ STATE  LOW → ELEVATED  0.2000 µSv/h
08:42:54	1787474574966557700,1787474574974626600,1787474574977321500		[08:42:54] ↑ STATE  ELEVATED → LOW  0.1800 µSv/h | [08:42:54] ↑ STATE  LOW → ELEVATED  0.2000 µSv/h
08:42:56	1787474576171397400,1787474576172812300,1787474576174636800		[08:42:56] ↑ STATE  ELEVATED → LOW  0.1900 µSv/h | [08:42:56] ↑ STATE  LOW → ELEVATED  0.2000 µSv/h
08:42:57	1787474577374272800,1787474577379787500,1787474577389285600		[08:42:57] ↑ STATE  ELEVATED → LOW  0.1900 µSv/h | [08:42:57] ↑ STATE  LOW → ELEVATED  0.2000 µSv/h
08:42:58	1787474578818079500,1787474578820414000,1787474578822211600		[08:42:58] ↑ STATE  ELEVATED → LOW  0.1900 µSv/h | [08:42:58] ↑ STATE  LOW → ELEVATED  0.2000 µSv/h | [08:42:58] ↑ STATE  ELEVATED → LOW  0.1900 µSv/h
08:42:59	1787474579822402300,1787474579824213500,1787474579827431000		[08:42:59] ↑ STATE  LOW → ELEVATED  0.2000 µSv/h | [08:42:59] ↑ STATE  ELEVATED → LOW  0.1900 µSv/h
08:43:01	1787474581319905800,1787474581321001500	SIG#134 [1,0,0,0,1,0,1,0,0,0,1,0,1,0,0,0,1,0,1,0,0,0,1,0,1,1,0,0,1,0,1,1,0,0,1,0,1,1,0,0,1,0,1,1] pk=1	[08:43:01] ↑ STATE  LOW → ELEVATED  0.2000 µSv/h | [08:43:01] ⚠⚠⚠ POWER LEVEL LOCK  dr=0.2000 µSv/h  hits=89  avg_interval=1.9s (0.03min)  CV=3.684 |   Source returns to identical power level 89x  Natural decay cannot reproduce fixed amplitude  Controlled RF source confirmed | [08:43:01] ↑ STATE  ELEVATED → LOW  0.1900 µSv/h
08:43:02	1787474582307349500,1787474582309825800		[08:43:02] ↑ STATE  LOW → ELEVATED  0.2000 µSv/h | [08:43:02] ↑ STATE  ELEVATED → LOW  0.1900 µSv/h
08:43:04	1787474584577202200		[08:43:04] ↑ STATE  LOW → ELEVATED  0.2000 µSv/h | [08:43:04] ↑ STATE  ELEVATED → LOW  0.1900 µSv/h
08:43:05	1787474585781500000		[08:43:05] ↑ STATE  LOW → ELEVATED  0.2000 µSv/h | [08:43:05] ↑ STATE  ELEVATED → LOW  0.1900 µSv/h
08:43:06	1787474586974784300		[08:43:06] ⚡ OOK BURST PATTERN  CPS=1  burst=2.0s  gap=1.0s  duty=0.67  cycles=3 |   f=0.333Hz (SLF)  T=3.0s  CV_run=0.000  CV_gap=0.000  RF≈1.3W@0.5m |   ON/OFF KEYING SIGNATURE  identical CPS=1 repeated 3x  structured pulsed source confirmed
08:43:08	1787474588190894600		[08:43:08] ⚡ CPS CLUSTER  13cts/10s  n=13  CV_IAT=1.097 |   RF est P=C·d²/K  @0.5m: 3.3-325.0W  (mid=16.3W)  CPS/s=1.3
08:43:09	1787474589391555000		
08:43:10	1787474590820949800		
08:43:11	1787474591811028700		[08:43:11] ⚡ BEAT INTERFERENCE CONFIRMED |   y = A1·sin(2πf₁t) + A2·sin(2πf₂t) |   A1=0.2000µSv/h  A2=0.1500µSv/h  A2/A1=0.750  floor/peak=0.750 |   f_beat=|f₁-f₂|=0.60797Hz  T_beat=1.6s  band=SLF |   RF P≈C·d²/K: carrier1≈0.05W  carrier2≈0.03W  @d=0.5m (K=0.2) |   TWO-SOURCE INTERFERENCE  dominant=0.2000µSv/h  secondary=0.1500µSv/h  freq-sep≈0.60797Hz  CV_env=0.091
08:43:13	1787474593320826600		[08:43:13] ↓ STATE  LOW → FLAT  0.0900 µSv/h | [08:43:13] 🔄 FLOOR RECURRENCE  dr=0.0900 µSv/h  prior=08:41:58  interval=74.6s  (1.24min)
08:43:14			[08:43:14] ↑ STATE  FLAT → LOW  0.1200 µSv/h | [08:43:14] ↓ STATE  LOW → FLAT  0.0900 µSv/h
08:43:16			[08:43:16] ↑ STATE  FLAT → LOW  0.1100 µSv/h | [08:43:16] ↓ STATE  LOW → FLAT  0.0900 µSv/h
08:43:17			[08:43:17] ↑ STATE  FLAT → LOW  0.1100 µSv/h | [08:43:17] ↓ STATE  LOW → FLAT  0.0900 µSv/h
08:43:18			[08:43:18] ↑ STATE  FLAT → LOW  0.1000 µSv/h | [08:43:18] ↓ STATE  LOW → FLAT  0.0900 µSv/h
08:43:20	1787474600189578000		[08:43:20] ↑ STATE  FLAT → LOW  0.1000 µSv/h | [08:43:20] ⚠⚠⚠ EMF FINGERPRINT  score=6/7  n=6pk/6fl |   χ²/μ=0.005  m=1.750  SWR=0.56  CV_R=0.222  PSCI=0.154  CV_Re=0.270 | [08:43:20] ↓ STATE  LOW → FLAT  0.0900 µSv/h
08:43:21	1787474601401300500,1787474601402908700		
08:43:22	1787474602826547000,1787474602827953200		
08:43:23	1787474603834101000,1787474603835035000,1787474603843191300		[08:43:23] ⚡ CPS CLUSTER  5cts/10s  n=5  CV_IAT=1.004 |   RF est P=C·d²/K  @0.5m: 1.3-125.0W  (mid=6.3W)  CPS/s=0.5
08:43:25	1787474605329920500,1787474605330761500,1787474605332292000		
08:43:26	1787474606326987800,1787474606328162300,1787474606330003000		
08:43:28	1787474608576709400,1787474608577784300,1787474608587956500,1787474608591696000		
08:43:29	1787474609785731000,1787474609789485600,1787474609791948000,1787474609792844000		[08:43:29] ⚠ BURST PAIR  pairs=13  interval=17.6s  CV=2.318  spacings=[1.2,1.2,1.4,1.0,1.5,53.5,1.5,1.0,2.3,1.2,1.0,144.0]  span=210.9s |   f=0.057Hz  T=17.6s  pair_width=2s  CPS≥2  structured burst-pair source
08:43:30	1787474610986282000,1787474610989596700,1787474610990397700		[08:43:30] ↑ STATE  FLAT → LOW  0.1000 µSv/h
08:43:32	1787474612182210600,1787474612189508000,1787474612197917700		[08:43:32] ↓ STATE  LOW → FLAT  0.0500 µSv/h | [08:43:32] ↑ STATE  FLAT → LOW  0.1000 µSv/h
08:43:33	1787474613386671600,1787474613387773700	SIG#148 [1,1,0,1,0,0,1,1,0,1,0,0,1,1,0,1,0,0,1,1,0,1,0,0,2,1,0,1,0,0,2,2,0,1,0,0,2,2,0,1,0,0,2,2] pk=2	[08:43:33] ↓ STATE  LOW → FLAT  0.0600 µSv/h | [08:43:33] ↑ STATE  FLAT → LOW  0.1000 µSv/h
08:43:34	1787474614825721900,1787474614828020200		[08:43:34] ↓ STATE  LOW → FLAT  0.0600 µSv/h | [08:43:34] ↑ STATE  FLAT → LOW  0.1000 µSv/h
08:43:35	1787474615836048400,1787474615840624000		[08:43:35] ↓ STATE  LOW → FLAT  0.0800 µSv/h | [08:43:35] ↑ STATE  FLAT → LOW  0.1000 µSv/h
08:43:37	1787474617319393800		[08:43:37] ↓ STATE  LOW → FLAT  0.0900 µSv/h | [08:43:37] ↑ STATE  FLAT → LOW  0.1000 µSv/h
08:43:38			
08:43:40			[08:43:40] ⚡ CPS CLUSTER  24cts/10s  n=13  CV_IAT=1.194 |   RF est P=C·d²/K  @0.5m: 6.0-600.0W  (mid=30.0W)  CPS/s=2.4
08:43:41			
08:43:42			
08:43:43			
08:43:44			
08:43:45			
08:43:46			[Min 006  08:42:45]  CPM=00089  ✓ COMPLETE
08:43:47	1787474627863373600		
08:43:49	1787474629339418400		
08:43:50	1787474630339597800		[08:43:50] ⚠⚠⚠ EMF FINGERPRINT  score=6/7  n=7pk/8fl |   χ²/μ=0.002  m=1.333  SWR=0.23  CV_R=0.118  PSCI=0.000  CV_Re=0.140 | [08:43:50] ↓ STATE  LOW → FLAT  0.0900 µSv/h | [08:43:50] 🔄 FLOOR RECURRENCE  dr=0.0900 µSv/h  prior=08:43:37  interval=13.0s  (0.22min)
08:43:52	1787474632606788900,1787474632615296000		[08:43:52] ⚡ OOK BURST PATTERN  CPS=1  burst=1.3s  gap=2.3s  duty=0.36  cycles=3 |   f=0.273Hz (SLF)  T=3.7s  CV_run=0.354  CV_gap=0.202  RF≈1.3W@0.5m |   ON/OFF KEYING SIGNATURE  identical CPS=1 repeated 3x  structured pulsed source confirmed | [08:43:52] ↑ STATE  FLAT → LOW  0.1500 µSv/h | [08:43:52] ↓ STATE  LOW → FLAT  0.0900 µSv/h
08:43:53	1787474633800992000,1787474633804097000		[08:43:53] ↑ STATE  FLAT → LOW  0.1400 µSv/h | [08:43:53] ↓ STATE  LOW → FLAT  0.0900 µSv/h
08:43:54	1787474634997668600		[08:43:54] ↑ STATE  FLAT → LOW  0.1300 µSv/h
08:43:55	1787474635000960000,1787474635002653200		[08:43:55] ↓ STATE  LOW → FLAT  0.0900 µSv/h
08:43:56	1787474636192096800,1787474636199427000,1787474636201252400		[08:43:56] ⚡ CPS CLUSTER  14cts/10s  n=11  CV_IAT=0.901 |   RF est P=C·d²/K  @0.5m: 3.5-350.0W  (mid=17.5W)  CPS/s=1.4 | [08:43:56] ↑ STATE  FLAT → LOW  0.1100 µSv/h | [08:43:56] ↓ STATE  LOW → FLAT  0.0900 µSv/h
08:43:57	1787474637410104600,1787474637411910700		[08:43:57] ↑ STATE  FLAT → LOW  0.1000 µSv/h | [08:43:57] ↓ STATE  LOW → FLAT  0.0900 µSv/h
08:43:58	1787474638846937600,1787474638851271000		
08:43:59	1787474639838000400,1787474639840325400	SIG#156 [1,0,0,2,0,0,1,0,0,2,0,0,1,0,0,2,0,1,1,0,0,2,0,1,0,0,0,2,0,1,0,0,0,2,0,1,0,0,0,2,0,1] pk=2	
08:44:01	1787474641355053300		[08:44:01] ↑ STATE  FLAT → LOW  0.1000 µSv/h | [08:44:01] ⚠⚠⚠ POWER LEVEL LOCK  dr=0.1000 µSv/h  hits=120  avg_interval=2.9s (0.05min)  CV=3.217 |   Source returns to identical power level 120x  Natural decay cannot reproduce fixed amplitude  Controlled RF source confirmed
08:44:02	1787474642344446200,1787474642387971600		[08:44:02] ↓ STATE  LOW → FLAT  0.0800 µSv/h | [08:44:02] ↑ STATE  FLAT → LOW  0.1000 µSv/h
08:44:03	1787474643856390400,1787474643857195500		[08:44:03] ↓ STATE  LOW → FLAT  0.0800 µSv/h | [08:44:03] ↑ STATE  FLAT → LOW  0.1000 µSv/h
08:44:04	1787474644849118200,1787474644851398400		[08:44:04] ↓ STATE  LOW → FLAT  0.0800 µSv/h | [08:44:04] ↑ STATE  FLAT → LOW  0.1000 µSv/h
08:44:05	1787474645854158300,1787474645861659100		[08:44:05] ↓ STATE  LOW → FLAT  0.0900 µSv/h | [08:44:05] ↑ STATE  FLAT → LOW  0.1000 µSv/h
08:44:07	1787474647364558000,1787474647368611600		[08:44:07] ↓ STATE  LOW → FLAT  0.0900 µSv/h | [08:44:07] ↑ STATE  FLAT → LOW  0.1000 µSv/h
08:44:08	1787474648348831200,1787474648350005500,1787474648361689600		
08:44:09	1787474649843067400,1787474649844002600,1787474649856253700		
08:44:10	1787474650844311300,1787474650854870800		
08:44:11	1787474651877906200	SIG#164 [1,1,0,0,0,1,1,1,0,0,0,1,0,1,0,0,0,1] pk=1	[08:44:11] ⚡ BEAT INTERFERENCE CONFIRMED |   y = A1·sin(2πf₁t) + A2·sin(2πf₂t) |   A1=0.1700µSv/h  A2=0.1200µSv/h  A2/A1=0.706  floor/peak=0.706 |   f_beat=|f₁-f₂|=0.55021Hz  T_beat=1.8s  band=SLF |   RF P≈C·d²/K: carrier1≈0.04W  carrier2≈0.02W  @d=0.5m (K=0.2) |   TWO-SOURCE INTERFERENCE  dominant=0.1700µSv/h  secondary=0.1200µSv/h  freq-sep≈0.55021Hz  CV_env=0.108 | [08:44:11] ⚡ CPS CLUSTER  18cts/10s  n=18  CV_IAT=1.214 |   RF est P=C·d²/K  @0.5m: 4.5-450.0W  (mid=22.5W)  CPS/s=1.8
08:44:13	1787474653353005800,1787474653360284400		
08:44:14	1787474654365493200,1787474654374076400		
08:44:16	1787474656608596000,1787474656617414400		
08:44:17	1787474657828198100,1787474657832292000	SIG#166 [1,0,0,0,1,0,1,0,0,0,1,0,1,0,0,0,1] pk=1	
08:44:19	1787474659009225500,1787474659013426700,1787474659015200000		
08:44:20	1787474660208906000,1787474660211094000,1787474660212432400		
08:44:21	1787474661420760300,1787474661425409800,1787474661426792200,1787474661429416000		
08:44:22	1787474662857078000,1787474662858761000,1787474662860507000		
08:44:23	1787474663867229200,1787474663868860000,1787474663871550700		
08:44:25	1787474665353666800,1787474665354891300,1787474665357790200,1787474665365082000		
08:44:26	1787474666361138700,1787474666367324700,1787474666370288000		
08:44:28	1787474668618209500,1787474668625502500		[08:44:28] ⚡ CPS CLUSTER  23cts/10s  n=23  CV_IAT=1.645 |   RF est P=C·d²/K  @0.5m: 5.8-575.0W  (mid=28.8W)  CPS/s=2.3
08:44:29	1787474669817173800,1787474669827663000		
08:44:31	1787474671029886700	SIG#167 [1,0,0,1,0,0,1,0,0,1,1,0,1,0,0,1,1,0,1,0,0,1,1,0,1,0,0,1,1,0,1,0,0,1,1,0,1,0,0,1,1,0,1,0,0,1,1,0,1,0,0,1,0,0,1,0,0,1,0,0,1,0,0,1] pk=1	
08:44:32	1787474672227421400		
08:44:33	1787474673423704600,1787474673432067600		
08:44:34	1787474674872011800,1787474674872967700		
08:44:35	1787474675874488800,1787474675877292800		
08:44:37	1787474677368494600,1787474677369565200		
08:44:38	1787474678367721500,1787474678369186300		[08:44:38] ⚡ OOK BURST PATTERN  CPS=1  burst=1.0s  gap=3.0s  duty=0.25  cycles=3 |   f=0.250Hz (SLF)  T=4.0s  CV_run=0.000  CV_gap=0.000  RF≈1.3W@0.5m |   ON/OFF KEYING SIGNATURE  identical CPS=1 repeated 3x  structured pulsed source confirmed
08:44:40	1787474680623907600,1787474680626595300		
08:44:41	1787474681827238000,1787474681828278500,1787474681831633700		
08:44:43	1787474683024120300,1787474683029745000		
08:44:44	1787474684228594700		[08:44:44] ⚡ CPS CLUSTER  15cts/10s  n=15  CV_IAT=1.249 |   RF est P=C·d²/K  @0.5m: 3.8-375.0W  (mid=18.8W)  CPS/s=1.5
08:44:45	1787474685439524000		[Min 007  08:43:45]  CPM=00101  ✓ COMPLETE
08:44:46	1787474686867304700		
08:44:47	1787474687883233000		
08:44:48	1787474688886953200		
08:44:50			
08:44:51			
08:44:53			
08:44:54			
08:44:56			
08:44:57			[08:44:57] ↓ STATE  LOW → FLAT  0.0900 µSv/h | [08:44:57] 🔄 FLOOR RECURRENCE  dr=0.0900 µSv/h  prior=08:44:07  interval=49.9s  (0.83min)
08:44:58			[08:44:58] ↑ STATE  FLAT → LOW  0.1000 µSv/h | [08:44:58] ↓ STATE  LOW → FLAT  0.0900 µSv/h
08:44:59			[08:44:59] ↑ STATE  FLAT → LOW  0.1000 µSv/h | [08:44:59] ↓ STATE  LOW → FLAT  0.0900 µSv/h
08:45:00			[08:45:00] ↑ STATE  FLAT → LOW  0.1000 µSv/h | [08:45:00] ↓ STATE  LOW → FLAT  0.0900 µSv/h
08:45:02			[08:45:02] ↑ STATE  FLAT → LOW  0.1000 µSv/h | [08:45:02] ⚠⚠⚠ POWER LEVEL LOCK  dr=0.1000 µSv/h  hits=194  avg_interval=2.1s (0.03min)  CV=3.724 |   Source returns to identical power level 194x  Natural decay cannot reproduce fixed amplitude  Controlled RF source confirmed | [08:45:02] ↓ STATE  LOW → FLAT  0.0900 µSv/h
08:45:03			[08:45:03] ↑ STATE  FLAT → LOW  0.1000 µSv/h | [08:45:03] ↓ STATE  LOW → FLAT  0.0900 µSv/h
08:45:04	1787474704455112200		
08:45:05	1787474705892968200,1787474705893550600		
08:45:06	1787474706914722000,1787474706915369000		[08:45:06] ⚡ CPS CLUSTER  5cts/10s  n=5  CV_IAT=1.027 |   RF est P=C·d²/K  @0.5m: 1.3-125.0W  (mid=6.3W)  CPS/s=0.5
08:45:08	1787474708390645000,1787474708391399000,1787474708392402700		
08:45:09	1787474709387612400,1787474709388240100,1787474709389262300,1787474709401939500		[08:45:09] ⚠ BURST PAIR  pairs=19  interval=17.3s  CV=2.247  spacings=[1.2,1.2,1.4,1.0,1.5,53.5,1.5,1.0,2.3,1.2,1.0,144.0,1.2,1.2,1.2,1.4,1.0,93.6]  span=310.5s |   f=0.058Hz  T=17.3s  pair_width=2s  CPS≥2  structured burst-pair source
08:45:11	1787474711642464000,1787474711643161600,1787474711644868900,1787474711648029000		[08:45:11] ↑ STATE  FLAT → LOW  0.1000 µSv/h
08:45:12	1787474712840650500,1787474712842342700,1787474712843691300,1787474712846433300		[08:45:12] ⚡ BEAT INTERFERENCE CONFIRMED |   y = A1·sin(2πf₁t) + A2·sin(2πf₂t) |   A1=0.1400µSv/h  A2=0.1000µSv/h  A2/A1=0.714  floor/peak=0.714 |   f_beat=|f₁-f₂|=0.29013Hz  T_beat=3.4s  band=SLF |   RF P≈C·d²/K: carrier1≈0.02W  carrier2≈0.01W  @d=0.5m (K=0.2) |   TWO-SOURCE INTERFERENCE  dominant=0.1400µSv/h  secondary=0.1000µSv/h  freq-sep≈0.29013Hz  CV_env=0.105 | [08:45:12] ↓ STATE  LOW → FLAT  0.0800 µSv/h | [08:45:12] ↑ STATE  FLAT → LOW  0.1000 µSv/h
08:45:14	1787474714037820000,1787474714040316000,1787474714041997000		[08:45:14] ↓ STATE  LOW → FLAT  0.0800 µSv/h | [08:45:14] ↑ STATE  FLAT → LOW  0.1000 µSv/h
08:45:15	1787474715256683800,1787474715257917700	SIG#188 [1,1,0,2,0,0,1,1,0,2,2,0,1,1,0,2,2,0,1,1,0,2,2,0,0,1,0,2,2] pk=2	[08:45:15] ↓ STATE  LOW → FLAT  0.0800 µSv/h | [08:45:15] ↑ STATE  FLAT → LOW  0.1000 µSv/h
08:45:16	1787474716458386200,1787474716459370800		[08:45:16] ↓ STATE  LOW → FLAT  0.0800 µSv/h | [08:45:16] ↑ STATE  FLAT → LOW  0.1000 µSv/h
08:45:17	1787474717888866300,1787474717897179600		[08:45:17] ↓ STATE  LOW → FLAT  0.0900 µSv/h | [08:45:17] ↑ STATE  FLAT → LOW  0.1000 µSv/h | [08:45:17] ⚠⚠ EMF FINGERPRINT  score=5/7  n=6pk/2fl |   χ²/μ=0.003  m=1.314  SWR=0.33  CV_R=0.189  PSCI=0.175  CV_Re=0.059
08:45:18	1787474718897694200,1787474718900584700		
08:45:20	1787474720401168000,1787474720402793200		
08:45:21	1787474721393717500,1787474721396860400		
08:45:22	1787474722893864700,1787474722894878500		[08:45:22] ⚡ CPS CLUSTER  22cts/10s  n=15  CV_IAT=1.173 |   RF est P=C·d²/K  @0.5m: 5.5-550.0W  (mid=27.5W)  CPS/s=2.2
08:45:23	1787474723900416800,1787474723907308000		[08:45:23] ⚡ OOK BURST PATTERN  CPS=1  burst=1.7s  gap=1.0s  duty=0.63  cycles=3 |   f=0.375Hz (SLF)  T=2.7s  CV_run=0.283  CV_gap=0.000  RF≈1.3W@0.5m |   ON/OFF KEYING SIGNATURE  identical CPS=1 repeated 3x  structured pulsed source confirmed
08:45:24	1787474724896683800,1787474724897814000		
08:45:26	1787474726396837600,1787474726409730000		[08:45:26] ↑ STATE  LOW → ELEVATED  0.2000 µSv/h | [08:45:26] 🔄 PEAK RECURRENCE  dr=0.2000 µSv/h  seen 70x in log
08:45:27	1787474727428510500		[08:45:27] ↑ STATE  ELEVATED → LOW  0.1700 µSv/h | [08:45:27] ↑ STATE  LOW → ELEVATED  0.2000 µSv/h
08:45:29	1787474729663318800		[08:45:29] ↑ STATE  ELEVATED → LOW  0.1700 µSv/h | [08:45:29] ↑ STATE  LOW → ELEVATED  0.2000 µSv/h | [08:45:29] ↑ STATE  ELEVATED → LOW  0.1800 µSv/h
08:45:30	1787474730864853200,1787474730868672000		[08:45:30] ↑ STATE  LOW → ELEVATED  0.2000 µSv/h | [08:45:30] ↑ STATE  ELEVATED → LOW  0.1800 µSv/h
08:45:32	1787474732065379600,1787474732067883300,1787474732068756500		[08:45:32] ↑ STATE  LOW → ELEVATED  0.2000 µSv/h | [08:45:32] ↑ STATE  ELEVATED → LOW  0.1800 µSv/h
08:45:33	1787474733260066800,1787474733263404300,1787474733264940800,1787474733266200300		[08:45:33] ↑ STATE  LOW → ELEVATED  0.2000 µSv/h | [08:45:33] ↑ STATE  ELEVATED → LOW  0.1800 µSv/h
08:45:34	1787474734463185200,1787474734466460700,1787474734467474200,1787474734471678000		[08:45:34] ↑ STATE  LOW → ELEVATED  0.2000 µSv/h | [08:45:34] 小刀 PAINTBRUSH BURST  4 consecutive ticks  total=4cts  avg=1.0CPS  RF~1.3W@0.5m  bars merge = dense burst | [08:45:34] ↑ STATE  ELEVATED → LOW  0.1800 µSv/h
08:45:35	1787474735911075300,1787474735911971800,1787474735913254100		[08:45:35] ↑ STATE  LOW → ELEVATED  0.2000 µSv/h | [08:45:35] ↑ STATE  ELEVATED → LOW  0.1800 µSv/h
08:45:36	1787474736906408700,1787474736908344300,1787474736909456400		
08:45:38	1787474738399415800,1787474738402161400,1787474738403785000	SIG#203 [1,0,0,1,0,0,1,0,0,1,1,0,1,0,0,1,1,1,1,0,0,1,1,1,0,0,0,1,1,1,0,0,0,1,1,1,0,0,0,1,1,1] pk=1	[08:45:38] ⚡ CPS CLUSTER  21cts/10s  n=21  CV_IAT=1.373 |   RF est P=C·d²/K  @0.5m: 5.3-525.0W  (mid=26.3W)  CPS/s=2.1
08:45:39	1787474739395493400,1787474739399832600		
08:45:41	1787474741664663300,1787474741670192000		
08:45:42	1787474742868552400		
08:45:44	1787474744064916200		
08:45:45	1787474745277461800		
08:45:46	1787474746462583800		[Min 008  08:44:45]  CPM=00096  ✓ COMPLETE
08:45:47	1787474747907921000		[08:45:47] ⚠ EMF FINGERPRINT  score=4/7  n=4pk/2fl |   χ²/μ=0.001  m=1.222  SWR=0.17  CV_R=0.077  PSCI=0.068  CV_Re=0.037
08:45:48	1787474748918910500		
08:45:50			
08:45:51			
08:45:53			[08:45:53] ⚡ STRUCTURED CLUSTER  10cts/10s  n=5  CV_IAT=0.127  non-Poisson |   RF est P=C·d²/K  @0.5m: 2.5-250.0W  (mid=12.5W)  CPS/s=1.0
08:45:54			
08:45:56			[08:45:56] ↓ STATE  LOW → FLAT  0.0900 µSv/h | [08:45:56] 🔄 FLOOR RECURRENCE  dr=0.0900 µSv/h  prior=08:45:17  interval=38.2s  (0.64min)
08:45:57	1787474757290071600		[08:45:57] ↑ STATE  FLAT → LOW  0.1200 µSv/h | [08:45:57] ↓ STATE  LOW → FLAT  0.0900 µSv/h
08:45:58	1787474758470314500		[08:45:58] ↑ STATE  FLAT → LOW  0.1200 µSv/h | [08:45:58] ↓ STATE  LOW → FLAT  0.0900 µSv/h
08:45:59	1787474759928276000		[08:45:59] ↑ STATE  FLAT → LOW  0.1200 µSv/h | [08:45:59] ↓ STATE  LOW → FLAT  0.0900 µSv/h
08:46:00	1787474760926315800		[08:46:00] ↑ STATE  FLAT → LOW  0.1000 µSv/h | [08:46:00] ↓ STATE  LOW → FLAT  0.0900 µSv/h
08:46:02	1787474762418598000		[08:46:02] ↑ STATE  FLAT → LOW  0.1000 µSv/h | [08:46:02] ⚠⚠⚠ POWER LEVEL LOCK  dr=0.1000 µSv/h  hits=217  avg_interval=2.2s (0.04min)  CV=3.592 |   Source returns to identical power level 217x  Natural decay cannot reproduce fixed amplitude  Controlled RF source confirmed | [08:46:02] ↓ STATE  LOW → FLAT  0.0900 µSv/h
08:46:03	1787474763419881200		
08:46:05	1787474765672981800		
08:46:06			
08:46:08			
08:46:09			[08:46:09] ⚡ OOK BURST PATTERN  CPS=1  burst=15.0s  gap=28.7s  duty=0.34  cycles=3 |   f=0.023Hz (ELF)  T=43.7s  CV_run=1.273  CV_gap=1.365  RF≈1.3W@0.5m |   ON/OFF KEYING SIGNATURE  identical CPS=1 repeated 3x  structured pulsed source confirmed | [08:46:09] ⚡ STRUCTURED CLUSTER  5cts/10s  n=5  CV_IAT=0.357  non-Poisson |   RF est P=C·d²/K  @0.5m: 1.3-125.0W  (mid=6.3W)  CPS/s=0.5
08:46:10			
08:46:11	1787474771925216500		
08:46:12	1787474772932777200,1787474772934214000		
08:46:14	1787474774420113700,1787474774421204000,1787474774421837600		
08:46:15	1787474775443437800,1787474775446123000,1787474775448887600		
08:46:17	1787474777688353800,1787474777690138400,1787474777691012600,1787474777693881600		[08:46:17] ↑ STATE  FLAT → LOW  0.1000 µSv/h
08:46:18	1787474778887410700,1787474778888496600,1787474778889143300,1787474778891874800		[08:46:18] ↓ STATE  LOW → FLAT  0.0500 µSv/h | [08:46:18] ↑ STATE  FLAT → LOW  0.1000 µSv/h
08:46:20	1787474780085505800,1787474780089721600,1787474780090342700,1787474780093169400		[08:46:20] ↓ STATE  LOW → FLAT  0.0600 µSv/h | [08:46:20] ⚠⚠⚠ CPS UNIFORMITY LOCK  CPS=1 on 18/30s (60.0%)  zeros=12  highs=0  Poisson P<<0.001  CONTROLLED SOURCE CONFIRMED |   Natural Poisson: expected CPS=1 on ~9-13s  observed=18s  locked synthetic output indicated | [08:46:20] ↑ STATE  FLAT → LOW  0.1000 µSv/h
08:46:21	1787474781283950600,1787474781290696200,1787474781292573000,1787474781302453500		[08:46:21] ↓ STATE  LOW → FLAT  0.0600 µSv/h | [08:46:21] ⚠⚠ EMF FINGERPRINT  score=5/7  n=5pk/2fl |   χ²/μ=0.005  m=1.491  SWR=0.48  CV_R=0.268  PSCI=0.249  CV_Re=0.091 | [08:46:21] ↑ STATE  FLAT → LOW  0.1000 µSv/h
08:46:22	1787474782478615800,1787474782484415200,1787474782490319600		[08:46:22] ↓ STATE  LOW → FLAT  0.0800 µSv/h | [08:46:22] ↑ STATE  FLAT → LOW  0.1000 µSv/h
08:46:23	1787474783923291100,1787474783930982000		[08:46:23] ↓ STATE  LOW → FLAT  0.0800 µSv/h | [08:46:23] ↑ STATE  FLAT → LOW  0.1000 µSv/h
08:46:24	1787474784928165600,1787474784932899300		[08:46:24] ⚡ CPS CLUSTER  25cts/10s  n=25  CV_IAT=1.631 |   RF est P=C·d²/K  @0.5m: 6.3-625.0W  (mid=31.3W)  CPS/s=2.5
08:46:26	1787474786427317800	SIG#222 [1,1,1,0,0,0,1,1,1,0,0,0,1,1,1,0,1,0,1,1,1,0,1,0,1,1,1,0,1,0,0,1,1,0,1,0,0,1,1,0,1,0,0,1,0,0,1,0,0,1,0,0,1,0,0,1] pk=1	
08:46:27	1787474787418709200		
08:46:29	1787474789688521200		
08:46:30			
08:46:32			
08:46:33			
08:46:34			
08:46:35	1787474795701961700		
08:46:36	1787474796894728700		
08:46:38	1787474798096157000		
08:46:39	1787474799295106800		[08:46:39] ⚠ EQUAL BURST SPACING  n=4  CPS≥2  interval=1.2s  CV=0.003  spacings=[1.2,1.2,1.2]  span=3.6s |   ⚠⚠ HIGHLY PERIODIC  f=0.835Hz  T=1.2s  total_counts=4
08:46:40	1787474800490208000		[08:46:40] ⚡ STRUCTURED CLUSTER  8cts/10s  n=4  CV_IAT=0.003  non-Poisson |   RF est P=C·d²/K  @0.5m: 2.0-200.0W  (mid=10.0W)  CPS/s=0.8
08:46:41	1787474801935898600		
08:46:42	1787474802927046700		
08:46:43			[08:46:43] ↓ STATE  LOW → FLAT  0.0900 µSv/h | [08:46:43] 🔄 FLOOR RECURRENCE  dr=0.0900 µSv/h  prior=08:46:03  interval=40.5s  (0.68min)
08:46:45			[Min 009  08:45:45]  CPM=00062  ✓ COMPLETE | [08:46:45] ↑ STATE  FLAT → LOW  0.1200 µSv/h | [08:46:45] ↓ STATE  LOW → FLAT  0.0900 µSv/h
08:46:46	1787474806435817500		[08:46:46] ↑ STATE  FLAT → LOW  0.1200 µSv/h | [08:46:46] ↓ STATE  LOW → FLAT  0.0900 µSv/h
08:46:47	1787474807930974700		[08:46:47] ↑ STATE  FLAT → LOW  0.1100 µSv/h | [08:46:47] ↓ STATE  LOW → FLAT  0.0900 µSv/h
08:46:48	1787474808948163800		[08:46:48] ↑ STATE  FLAT → LOW  0.1000 µSv/h | [08:46:48] ↓ STATE  LOW → FLAT  0.0900 µSv/h
08:46:49	1787474809943140900		[08:46:49] ↑ STATE  FLAT → LOW  0.1000 µSv/h | [08:46:49] ↓ STATE  LOW → FLAT  0.0900 µSv/h
08:46:51	1787474811432529700,1787474811437712600		[08:46:51] ⚠⚠ EMF FINGERPRINT  score=5/7  n=4pk/3fl |   χ²/μ=0.002  m=1.150  SWR=0.19  CV_R=0.122  PSCI=0.097  CV_Re=0.082 | [08:46:51] ↑ STATE  FLAT → LOW  0.1000 µSv/h
08:46:52	1787474812429426400,1787474812433075000		[08:46:52] ↓ STATE  LOW → FLAT  0.0900 µSv/h | [08:46:52] ↑ STATE  FLAT → LOW  0.1000 µSv/h
08:46:54	1787474814691824400,1787474814694485800,1787474814699223800		[08:46:54] ⚡ OOK BURST PATTERN  CPS=1  burst=14.7s  gap=54.3s  duty=0.21  cycles=3 |   f=0.014Hz (ELF)  T=69.0s  CV_run=1.318  CV_gap=1.388  RF≈1.3W@0.5m |   ON/OFF KEYING SIGNATURE  identical CPS=1 repeated 3x  structured pulsed source confirmed | [08:46:54] ↓ STATE  LOW → FLAT  0.0900 µSv/h | [08:46:54] ↑ STATE  FLAT → LOW  0.1000 µSv/h
08:46:55	1787474815903421000,1787474815905143300		[08:46:55] ⚡ CPS CLUSTER  18cts/10s  n=11  CV_IAT=0.916 |   RF est P=C·d²/K  @0.5m: 4.5-450.0W  (mid=22.5W)  CPS/s=1.8 | [08:46:55] ↓ STATE  LOW → FLAT  0.0900 µSv/h | [08:46:55] ↑ STATE  FLAT → LOW  0.1000 µSv/h
08:46:57	1787474817097604000,1787474817100201200		[08:46:57] ↓ STATE  LOW → FLAT  0.0900 µSv/h | [08:46:57] ↑ STATE  FLAT → LOW  0.1000 µSv/h
08:46:58	1787474818304474400,1787474818311646700		[08:46:58] ↓ STATE  LOW → FLAT  0.0900 µSv/h | [08:46:58] ↑ STATE  FLAT → LOW  0.1000 µSv/h
08:46:59	1787474819502769000,1787474819508615000,1787474819515214600		
08:47:00	1787474820940011000,1787474820945129200,1787474820947570700		
08:47:01	1787474821944624000,1787474821957549800,1787474821958418200		
08:47:03	1787474823442090200,1787474823443096600,1787474823445132300	SIG#237 [2,0,0,0,1,0,2,0,0,0,1,0,2,0,0,0,1,0,1,0,0,0,1,0,1,0,0,0,1,0,1,0,0,0,1,0,1,0,0,0,1,0,1,0,0,0,2,0,1,0,0,0,2,1,1,0,0,0,2,1] pk=2	[08:47:03] ⚠⚠⚠ POWER LEVEL LOCK  dr=0.1200 µSv/h  hits=250  avg_interval=2.1s (0.04min)  CV=4.226 |   Source returns to identical power level 250x  Natural decay cannot reproduce fixed amplitude  Controlled RF source confirmed
08:47:04	1787474824459830000,1787474824461729800,1787474824469387000		
08:47:06	1787474826701901600,1787474826702804200,1787474826704770600		
08:47:07	1787474827895972600,1787474827897906000,1787474827900376800		[08:47:07] ⚡ BEAT INTERFERENCE CONFIRMED |   y = A1·sin(2πf₁t) + A2·sin(2πf₂t) |   A1=0.2000µSv/h  A2=0.1200µSv/h  A2/A1=0.600  floor/peak=0.600 |   f_beat=|f₁-f₂|=0.16687Hz  T_beat=6.0s  band=SLF |   RF P≈C·d²/K: carrier1≈0.05W  carrier2≈0.02W  @d=0.5m (K=0.2) |   TWO-SOURCE INTERFERENCE  dominant=0.2000µSv/h  secondary=0.1200µSv/h  freq-sep≈0.16687Hz  CV_env=0.152 | [08:47:07] ↑ STATE  LOW → ELEVATED  0.2000 µSv/h | [08:47:07] 🔄 PEAK RECURRENCE  dr=0.2000 µSv/h  seen 78x in log
08:47:09	1787474829107542000,1787474829112301300	SIG#238 [2,1,0,1,0,0,2,1,0,1,0,0,2,1,0,1,0,0,2,1,0,1,0,0,0,1,0,1] pk=2	[08:47:09] ↑ STATE  ELEVATED → LOW  0.1500 µSv/h | [08:47:09] ↑ STATE  LOW → ELEVATED  0.2000 µSv/h
08:47:10	1787474830308468700,1787474830318365000		[08:47:10] ↑ STATE  ELEVATED → LOW  0.1600 µSv/h | [08:47:10] ↑ STATE  LOW → ELEVATED  0.2000 µSv/h
08:47:11	1787474831508055800,1787474831515594500		[08:47:11] ⚡ CPS CLUSTER  26cts/10s  n=20  CV_IAT=1.377 |   RF est P=C·d²/K  @0.5m: 6.5-650.0W  (mid=32.5W)  CPS/s=2.6 | [08:47:11] ↑ STATE  ELEVATED → LOW  0.1700 µSv/h | [08:47:11] ↑ STATE  LOW → ELEVATED  0.2000 µSv/h
08:47:12	1787474832944993300		[08:47:12] ↑ STATE  ELEVATED → LOW  0.1700 µSv/h | [08:47:12] ↑ STATE  LOW → ELEVATED  0.2000 µSv/h
08:47:13	1787474833959873300		[08:47:13] ↑ STATE  ELEVATED → LOW  0.1900 µSv/h | [08:47:13] ↑ STATE  LOW → ELEVATED  0.2000 µSv/h
08:47:15	1787474835443049500		[08:47:15] ↑ STATE  ELEVATED → LOW  0.1900 µSv/h
08:47:16	1787474836455231000		[08:47:16] ↑ STATE  LOW → ELEVATED  0.2000 µSv/h | [08:47:16] ↑ STATE  ELEVATED → LOW  0.1900 µSv/h
08:47:17	1787474837948567000		[08:47:17] ↑ STATE  LOW → ELEVATED  0.2100 µSv/h | [08:47:17] ↑ STATE  ELEVATED → LOW  0.1900 µSv/h
08:47:18	1787474838986930200		[08:47:18] ↑ STATE  LOW → ELEVATED  0.2100 µSv/h | [08:47:18] ↑ STATE  ELEVATED → LOW  0.1900 µSv/h
08:47:19	1787474839964423000		[08:47:19] ↑ STATE  LOW → ELEVATED  0.2000 µSv/h | [08:47:19] ↑ STATE  ELEVATED → LOW  0.1900 µSv/h
08:47:21	1787474841463670000		[08:47:21] ↑ STATE  LOW → ELEVATED  0.2000 µSv/h | [08:47:21] ↑ STATE  ELEVATED → LOW  0.1900 µSv/h | [08:47:21] ⚠ EMF FINGERPRINT  score=4/7  n=3pk/6fl |   χ²/μ=0.001  m=1.181  SWR=0.15  CV_R=0.068  PSCI=0.023  CV_Re=0.079
08:47:22	1787474842461196800		
08:47:24	1787474844705942800		
08:47:25	1787474845921140200,1787474845928463600		
08:47:27	1787474847107588900,1787474847119829000		[08:47:27] ⚡ CPS CLUSTER  10cts/10s  n=9  CV_IAT=0.507 |   RF est P=C·d²/K  @0.5m: 2.5-250.0W  (mid=12.5W)  CPS/s=1.0
08:47:28	1787474848324395500		[08:47:28] ↓ STATE  LOW → FLAT  0.0900 µSv/h | [08:47:28] 🔄 FLOOR RECURRENCE  dr=0.0900 µSv/h  prior=08:46:58  interval=30.0s  (0.50min)
08:47:29	1787474849524891100		[08:47:29] ↑ STATE  FLAT → LOW  0.1400 µSv/h | [08:47:29] ↓ STATE  LOW → FLAT  0.0900 µSv/h
08:47:30	1787474850951243800		[08:47:30] ↑ STATE  FLAT → LOW  0.1300 µSv/h | [08:47:30] ↓ STATE  LOW → FLAT  0.0900 µSv/h
08:47:31	1787474851961192700		[08:47:31] ↑ STATE  FLAT → LOW  0.1100 µSv/h | [08:47:31] ↓ STATE  LOW → FLAT  0.0900 µSv/h
08:47:33	1787474853448794600,1787474853462828800		[08:47:33] ↑ STATE  FLAT → LOW  0.1000 µSv/h | [08:47:33] ↓ STATE  LOW → FLAT  0.0900 µSv/h
08:47:34	1787474854478625300		[08:47:34] ↑ STATE  FLAT → LOW  0.1000 µSv/h | [08:47:34] ↓ STATE  LOW → FLAT  0.0900 µSv/h
08:47:35	1787474855969450000		
08:47:36	1787474856971020800		
08:47:37	1787474857973889000		
08:47:39	1787474859454578000		
08:47:40	1787474860461881600		[08:47:40] ⚡ OOK BURST PATTERN  CPS=1  burst=4.8s  gap=17.4s  duty=0.22  cycles=5 |   f=0.045Hz (ELF)  T=22.2s  CV_run=0.998  CV_gap=1.332  RF≈1.3W@0.5m |   ON/OFF KEYING SIGNATURE  identical CPS=1 repeated 5x  structured pulsed source confirmed
08:47:41			
08:47:42	1787474862982008800		[08:47:42] ⚡ STRUCTURED CLUSTER  15cts/10s  n=8  CV_IAT=0.453  non-Poisson |   RF est P=C·d²/K  @0.5m: 3.8-375.0W  (mid=18.8W)  CPS/s=1.5
08:47:43	1787474863976796700		[08:47:43] ↑ STATE  FLAT → LOW  0.1000 µSv/h
08:47:45	1787474865464455400,1787474865470316300		[Min 010  08:46:45]  CPM=00102  ✓ COMPLETE | [08:47:45] ↓ STATE  LOW → FLAT  0.0800 µSv/h | [08:47:45] ↑ STATE  FLAT → LOW  0.1000 µSv/h
08:47:46	1787474866458731500,1787474866460827000,1787474866461689000		[08:47:46] ↓ STATE  LOW → FLAT  0.0800 µSv/h | [08:47:46] ↑ STATE  FLAT → LOW  0.1000 µSv/h
08:47:48	1787474868723753500,1787474868725922300,1787474868727918600,1787474868732335400		[08:47:48] ↓ STATE  LOW → FLAT  0.0800 µSv/h | [08:47:48] ↑ STATE  FLAT → LOW  0.1000 µSv/h
08:47:49	1787474869930158300,1787474869933100500,1787474869934192600,1787474869935808000		[08:47:49] ↓ STATE  LOW → FLAT  0.0900 µSv/h | [08:47:49] ↑ STATE  FLAT → LOW  0.1000 µSv/h
08:47:51	1787474871121495300,1787474871127780400,1787474871130723000,1787474871132209200,1787474871134269700		[08:47:51] ↓ STATE  LOW → FLAT  0.0900 µSv/h | [08:47:51] ↑ STATE  FLAT → LOW  0.1000 µSv/h
08:47:52	1787474872327401000,1787474872329944600,1787474872331268600,1787474872333622500		[08:47:52] ⚠⚠⚠ EMF FINGERPRINT  score=6/7  n=5pk/3fl |   χ²/μ=0.002  m=1.425  SWR=0.38  CV_R=0.159  PSCI=0.163  CV_Re=0.102
08:47:53	1787474873518326300,1787474873520008400,1787474873523780000,1787474873528039200,1787474873530469600		[08:47:53] ⚠⚠⚠ CPS UNIFORMITY LOCK  CPS=1 on 18/30s (60.0%)  zeros=10  highs=2  Poisson P<<0.001  CONTROLLED SOURCE CONFIRMED |   Natural Poisson: expected CPS=1 on ~9-13s  observed=18s  locked synthetic output indicated
08:47:54	1787474874962606300,1787474874963542300,1787474874965114600,1787474874969235700		
08:47:55	1787474875965434600,1787474875972180700,1787474875974337300,1787474875978365000		
08:47:56	1787474876971324000,1787474876974083000,1787474876976202500		
08:47:58	1787474878462641700,1787474878467722800,1787474878471778600		[08:47:58] ⚡ CPS CLUSTER  37cts/10s  n=34  CV_IAT=1.773 |   RF est P=C·d²/K  @0.5m: 9.3-925.0W  (mid=46.3W)  CPS/s=3.7
08:47:59	1787474879465357800,1787474879469700000,1787474879475673900		
08:48:00	1787474880967168800,1787474880968844500,1787474880971402200		
08:48:01	1787474881964287500,1787474881967882500		
08:48:02	1787474882973389600,1787474882981958000		
08:48:04	1787474884468386800	SIG#269 [2,0,1,0,0,0,2,0,1,1,0,0,2,0,1,1,1,0,2,0,1,1,1,0,2,0,1,1,1,0,1,0,1,1,1,0,1,0,1,1,1,0,1,0,1,1,1,0,1,0,1,0,1,0,1,0,1,0,1,0,1,0,1,0,1,0,1,0,1,0,1,0,0,0,1,0,1,0,0,2,1,0,1,0,0,2,0,0,1,0,0,2,0,0,1,0,0,2] pk=2	[08:48:04] ⚠⚠⚠ POWER LEVEL LOCK  dr=0.1700 µSv/h  hits=200  avg_interval=3.1s (0.05min)  CV=4.081 |   Source returns to identical power level 200x  Natural decay cannot reproduce fixed amplitude  Controlled RF source confirmed
08:48:05	1787474885476057900,1787474885484000800		
08:48:07	1787474887726036500,1787474887734315500,1787474887737131300		
08:48:08	1787474888932659000,1787474888933668000		
08:48:10	1787474890131391000,1787474890133388800		
08:48:11	1787474891337651700,1787474891338673400		[08:48:11] ⚡ BEAT INTERFERENCE CONFIRMED |   y = A1·sin(2πf₁t) + A2·sin(2πf₂t) |   A1=0.2100µSv/h  A2=0.1600µSv/h  A2/A1=0.762  floor/peak=0.762 |   f_beat=|f₁-f₂|=0.29947Hz  T_beat=3.3s  band=SLF |   RF P≈C·d²/K: carrier1≈0.06W  carrier2≈0.03W  @d=0.5m (K=0.2) |   TWO-SOURCE INTERFERENCE  dominant=0.2100µSv/h  secondary=0.1600µSv/h  freq-sep≈0.29947Hz  CV_env=0.088
08:48:12	1787474892533861400,1787474892534804500		
08:48:13	1787474893966521300,1787474893967465700		[08:48:13] ⚡ CPS CLUSTER  18cts/10s  n=15  CV_IAT=1.071 |   RF est P=C·d²/K  @0.5m: 4.5-450.0W  (mid=22.5W)  CPS/s=1.8
08:48:14	1787474894975172900,1787474894994650000		
08:48:16	1787474896479694600		
08:48:17	1787474897471771400		
08:48:19	1787474899730237700		
08:48:20	1787474900926305300,1787474900933609000		
08:48:22	1787474902123901400,1787474902131272400,1787474902132661200		
08:48:23	1787474903331198000,1787474903335844600,1787474903336633600		[08:48:23] ⚠⚠⚠ EMF FINGERPRINT  score=6/7  n=5pk/5fl |   χ²/μ=0.004  m=1.290  SWR=0.29  CV_R=0.178  PSCI=0.088  CV_Re=0.150
08:48:24	1787474904532231700,1787474904533504800	SIG#284 [1,0,0,0,1,0,1,0,0,0,1,1,1,0,0,0,1,1] pk=1	
08:48:25	1787474905742380000,1787474905743858200		[08:48:25] ⚡ OOK BURST PATTERN  CPS=2  burst=1.5s  gap=5.5s  duty=0.21  cycles=4 |   f=0.143Hz (SLF)  T=7.0s  CV_run=0.577  CV_gap=0.905  RF≈2.5W@0.5m |   ON/OFF KEYING SIGNATURE  identical CPS=2 repeated 4x  structured pulsed source confirmed
08:48:26	1787474906933912800,1787474906938633000		
08:48:28	1787474908130918700,1787474908131825700,1787474908139720400		
08:48:29	1787474909339621600,1787474909343256800		[08:48:29] ⚡ CPS CLUSTER  20cts/10s  n=19  CV_IAT=1.110 |   RF est P=C·d²/K  @0.5m: 5.0-500.0W  (mid=25.0W)  CPS/s=2.0
08:48:30	1787474910540727300		
08:48:31	1787474911987850000		
08:48:32	1787474912998576400		
08:48:33			
08:48:34	1787474914481962500		
08:48:35	1787474915479315000		
08:48:37			
08:48:38	1787474918932008200		
08:48:40	1787474920143067600		
08:48:41	1787474921356627200		
08:48:42	1787474922542175200		
08:48:43	1787474923982850800		
08:48:44	1787474924970666500		[08:48:44] ⚡ CPS CLUSTER  7cts/10s  n=6  CV_IAT=0.518 |   RF est P=C·d²/K  @0.5m: 1.8-175.0W  (mid=8.8W)  CPS/s=0.7
08:48:45	1787474925994459600		[Min 011  08:47:45]  CPM=00122  ✓ COMPLETE
08:48:46	1787474926009147400		[08:48:46] ↓ STATE  LOW → FLAT  0.0900 µSv/h | [08:48:46] 🔄 FLOOR RECURRENCE  dr=0.0900 µSv/h  prior=08:47:51  interval=54.9s  (0.91min)
08:48:47	1787474927482274800		[08:48:47] ↑ STATE  FLAT → LOW  0.1300 µSv/h | [08:48:47] ↓ STATE  LOW → FLAT  0.0900 µSv/h
08:48:48	1787474928509803000,1787474928527360000		[08:48:48] ↑ STATE  FLAT → LOW  0.1200 µSv/h | [08:48:48] ↓ STATE  LOW → FLAT  0.0900 µSv/h
08:48:50	1787474930742475500,1787474930744199200,1787474930745711000		[08:48:50] ↑ STATE  FLAT → LOW  0.1200 µSv/h | [08:48:50] ↓ STATE  LOW → FLAT  0.0900 µSv/h
08:48:51	1787474931939409400,1787474931940884000,1787474931941719000		[08:48:51] ↑ STATE  FLAT → LOW  0.1100 µSv/h | [08:48:51] ↓ STATE  LOW → FLAT  0.0900 µSv/h
08:48:53	1787474933136604700,1787474933138481000,1787474933139230700,1787474933141088500		[08:48:53] ↑ STATE  FLAT → LOW  0.1000 µSv/h | [08:48:53] ↓ STATE  LOW → FLAT  0.0900 µSv/h
08:48:54	1787474934344972500,1787474934351950600,1787474934354210300,1787474934357359000		[08:48:54] ⚠⚠⚠ EMF FINGERPRINT  score=6/7  n=4pk/4fl |   χ²/μ=0.003  m=1.211  SWR=0.24  CV_R=0.162  PSCI=0.097  CV_Re=0.118 | [08:48:54] ↑ STATE  FLAT → LOW  0.1000 µSv/h
08:48:55	1787474935539807700,1787474935544039200,1787474935548671500		[08:48:55] ↓ STATE  LOW → FLAT  0.0900 µSv/h | [08:48:55] ↑ STATE  FLAT → LOW  0.1000 µSv/h
08:48:56	1787474936982317800,1787474936985732400,1787474936993627400		[08:48:56] ↓ STATE  LOW → FLAT  0.0800 µSv/h | [08:48:56] ↑ STATE  FLAT → LOW  0.1000 µSv/h
08:48:57	1787474937994603300,1787474937997772800		[08:48:57] ↓ STATE  LOW → FLAT  0.0800 µSv/h | [08:48:57] ↑ STATE  FLAT → LOW  0.1000 µSv/h
08:48:58	1787474938001029000		
08:48:59	1787474939481059300,1787474939492326400,1787474939493858800		[08:48:59] ↓ STATE  LOW → FLAT  0.0900 µSv/h | [08:48:59] ↑ STATE  FLAT → LOW  0.1000 µSv/h
08:49:00	1787474940476385300,1787474940481309000,1787474940489135900		[08:49:00] ⚡ CPS CLUSTER  27cts/10s  n=27  CV_IAT=1.506 |   RF est P=C·d²/K  @0.5m: 6.8-675.0W  (mid=33.8W)  CPS/s=2.7 | [08:49:00] ↓ STATE  LOW → FLAT  0.0900 µSv/h | [08:49:00] ↑ STATE  FLAT → LOW  0.1000 µSv/h
08:49:02	1787474942757426200,1787474942758283800	SIG#305 [1,0,1,0,0,0,1,0,1,1,0,0,1,0,1,1,0,0,1,0,1,1,0,1,1,0,1,1,0,1,0,0,1,1,0,1,0,0,1,1,0,1,0,0,0,1,0,1,0,0,0,1,0,1,0,0,0,1,1,1,0,0,0,1,1] pk=1	
08:49:03	1787474943948790800,1787474943950107100		
08:49:05	1787474945147265300,1787474945151930000		[08:49:05] ⚠⚠⚠ POWER LEVEL LOCK  dr=0.1200 µSv/h  hits=308  avg_interval=2.1s (0.04min)  CV=4.200 |   Source returns to identical power level 308x  Natural decay cannot reproduce fixed amplitude  Controlled RF source confirmed
08:49:06	1787474946342561300,1787474946346014700		
08:49:07	1787474947536412700		
08:49:08			
08:49:09			
08:49:11			[08:49:11] ⚡ OOK BURST PATTERN  CPS=1  burst=11.7s  gap=28.7s  duty=0.29  cycles=3 |   f=0.025Hz (ELF)  T=40.3s  CV_run=1.293  CV_gap=1.267  RF≈1.3W@0.5m |   ON/OFF KEYING SIGNATURE  identical CPS=1 repeated 3x  structured pulsed source confirmed | [08:49:11] ⚡ BEAT INTERFERENCE CONFIRMED |   y = A1·sin(2πf₁t) + A2·sin(2πf₂t) |   A1=0.1500µSv/h  A2=0.1000µSv/h  A2/A1=0.667  floor/peak=0.667 |   f_beat=|f₁-f₂|=0.49345Hz  T_beat=2.0s  band=SLF |   RF P≈C·d²/K: carrier1≈0.03W  carrier2≈0.01W  @d=0.5m (K=0.2) |   TWO-SOURCE INTERFERENCE  dominant=0.1500µSv/h  secondary=0.1000µSv/h  freq-sep≈0.49345Hz  CV_env=0.102
08:49:12			
08:49:14			
08:49:15			[08:49:15] ↓ STATE  LOW → FLAT  0.0900 µSv/h
08:49:17			[08:49:17] ↑ STATE  FLAT → LOW  0.1400 µSv/h | [08:49:17] ↓ STATE  LOW → FLAT  0.0900 µSv/h | [08:49:17] 🔄 FLOOR RECURRENCE  dr=0.0900 µSv/h  prior=08:49:15  interval=1.2s  (0.02min)
08:49:18			[08:49:18] ↑ STATE  FLAT → LOW  0.1400 µSv/h | [08:49:18] ↓ STATE  LOW → FLAT  0.0900 µSv/h
08:49:19			[08:49:19] ↑ STATE  FLAT → LOW  0.1200 µSv/h | [08:49:19] ↓ STATE  LOW → FLAT  0.0900 µSv/h
08:49:20			[08:49:20] ↑ STATE  FLAT → LOW  0.1100 µSv/h | [08:49:20] ↓ STATE  LOW → FLAT  0.0900 µSv/h
08:49:21	1787474961000025900,1787474961997534700		[08:49:21] ↑ STATE  FLAT → LOW  0.1000 µSv/h | [08:49:21] ↓ STATE  LOW → FLAT  0.0900 µSv/h
08:49:22			
08:49:23	1787474963494232300		
08:49:24	1787474964491814700		[08:49:24] ⚠⚠⚠ EMF FINGERPRINT  score=6/7  n=5pk/4fl |   χ²/μ=0.004  m=1.305  SWR=0.34  CV_R=0.202  PSCI=0.150  CV_Re=0.118
08:49:26	1787474966756330000		[08:49:26] ⚡ STRUCTURED CLUSTER  5cts/10s  n=5  CV_IAT=0.360  non-Poisson |   RF est P=C·d²/K  @0.5m: 1.3-125.0W  (mid=6.3W)  CPS/s=0.5
08:49:27	1787474967956286700		
08:49:29	1787474969149022500		
08:49:30	1787474970366255000		
08:49:31	1787474971562743300		
08:49:32	1787474972995803000,1787474972997594000		
08:49:34	1787474974007496700,1787474974009558800		[08:49:34] ⚠ EQUAL BURST SPACING  n=4  CPS≥2  interval=1.2s  CV=0.142  spacings=[1.2,1.4,1.0]  span=3.6s |   ⚠ PERIODIC  f=0.824Hz  T=1.2s  total_counts=4
08:49:35	1787474975501804800,1787474975504086800		
08:49:36	1787474976504905500,1787474976509855200		
08:49:38	1787474978747893000,1787474978752379600	SIG#320 [2,0,1,0,0,0,2,0,1,0,0,0,2,0,1,0,0,0,2,0,1,0,0,0,2,0,1] pk=2	
08:49:39	1787474979948694800		
08:49:41	1787474981156123100,1787474981160285200		[08:49:41] ↑ STATE  FLAT → LOW  0.1000 µSv/h
08:49:42	1787474982379406800		[08:49:42] ⚡ CPS CLUSTER  18cts/10s  n=13  CV_IAT=1.089 |   RF est P=C·d²/K  @0.5m: 4.5-450.0W  (mid=22.5W)  CPS/s=1.8 | [08:49:42] ↓ STATE  LOW → FLAT  0.0900 µSv/h | [08:49:42] ↑ STATE  FLAT → LOW  0.1000 µSv/h
08:49:43	1787474983559681500		[08:49:43] ↓ STATE  LOW → FLAT  0.0900 µSv/h | [08:49:43] ↑ STATE  FLAT → LOW  0.1000 µSv/h
08:49:45	1787474985005178400,1787474985009124400		[08:49:45] ↓ STATE  LOW → FLAT  0.0900 µSv/h | [08:49:45] ↑ STATE  FLAT → LOW  0.1000 µSv/h | [Min 012  08:48:45]  CPM=00075  ✓ COMPLETE | [08:49:45] ↓ STATE  LOW → FLAT  0.0900 µSv/h
08:49:46	1787474986001659600,1787474986005537300		[08:49:46] ↑ STATE  FLAT → LOW  0.1000 µSv/h
08:49:47	1787474987502754800,1787474987505009700		[08:49:47] ↓ STATE  LOW → FLAT  0.0900 µSv/h | [08:49:47] 🔄 FLOOR RECURRENCE  dr=0.0900 µSv/h  prior=08:49:46  interval=1.5s  (0.02min) | [08:49:47] ↑ STATE  FLAT → LOW  0.1000 µSv/h
08:49:48	1787474988495615700,1787474988500563000		
08:49:50	1787474990752103400,1787474990760864000	SIG#326 [1,0,0,1,0,0,1,0,0,1,0,0,1,0,0,1,0,0,1,0,0,1] pk=1	
08:49:51	1787474991950684400,1787474991963696000,1787474991964496000		
08:49:53	1787474993160066800,1787474993165051400,1787474993166166500		
08:49:54	1787474994363164000,1787474994363900000	SIG#327 [1,0,0,0,1,0,1,0,0,0,1,2,1,0,0,0,1,2] pk=2	
08:49:55	1787474995560711000,1787474995561803000		
08:49:56	1787474996992893400,1787474996993844500		[08:49:56] ⚡ OOK BURST PATTERN  CPS=1  burst=7.0s  gap=20.7s  duty=0.25  cycles=3 |   f=0.036Hz (ELF)  T=27.7s  CV_run=1.113  CV_gap=1.209  RF≈1.3W@0.5m |   ON/OFF KEYING SIGNATURE  identical CPS=1 repeated 3x  structured pulsed source confirmed
08:49:57			
08:49:58	1787474998001069600,1787474998002545400		[08:49:58] ⚡ CPS CLUSTER  22cts/10s  n=17  CV_IAT=1.205 |   RF est P=C·d²/K  @0.5m: 5.5-550.0W  (mid=27.5W)  CPS/s=2.2
08:49:59	1787474999493867800		
08:50:00	1787475000542472200		
08:50:02	1787475002018143200		
08:50:03	1787475003010714000		[08:50:03] ⚠ EMF FINGERPRINT  score=4/7  n=3pk/2fl |   χ²/μ=0.001  m=1.238  SWR=0.17  CV_R=0.082  PSCI=0.063  CV_Re=0.048
08:50:04	1787475004012894200		
08:50:05	1787475005507779800		[08:50:05] ⚠⚠⚠ POWER LEVEL LOCK  dr=0.1300 µSv/h  hits=341  avg_interval=2.1s (0.04min)  CV=3.735 |   Source returns to identical power level 341x  Natural decay cannot reproduce fixed amplitude  Controlled RF source confirmed
08:50:06	1787475006506041900,1787475006510238700		
08:50:08	1787475008757339600,1787475008766347300,1787475008767401500		
08:50:09	1787475009960896000,1787475009963067100		
08:50:11	1787475011167949800,1787475011168721400,1787475011170430000		
08:50:12	1787475012379870200,1787475012384231400,1787475012386835200		
08:50:13	1787475013561854000,1787475013563111700,1787475013564956400		[08:50:13] ⚡ CPS CLUSTER  15cts/10s  n=15  CV_IAT=1.233 |   RF est P=C·d²/K  @0.5m: 3.8-375.0W  (mid=18.8W)  CPS/s=1.5
08:50:15	1787475015007380000,1787475015009216300,1787475015011778800		
08:50:16	1787475016009271300,1787475016010938600	SIG#342 [1,1,0,1,0,0,1,1,0,1,0,0,1,1,0,1,0,0,1,1,0,1,0,0,0,1,0,1] pk=1	
08:50:17	1787475017504846000		
08:50:18	1787475018497026800		
08:50:20			[08:50:20] ⚡ BEAT INTERFERENCE CONFIRMED |   y = A1·sin(2πf₁t) + A2·sin(2πf₂t) |   A1=0.1500µSv/h  A2=0.1000µSv/h  A2/A1=0.667  floor/peak=0.667 |   f_beat=|f₁-f₂|=0.22494Hz  T_beat=4.4s  band=SLF |   RF P≈C·d²/K: carrier1≈0.03W  carrier2≈0.01W  @d=0.5m (K=0.2) |   TWO-SOURCE INTERFERENCE  dominant=0.1500µSv/h  secondary=0.1000µSv/h  freq-sep≈0.22494Hz  CV_env=0.092
08:50:21	1787475021023408000		
08:50:22	1787475022021999900		
08:50:23	1787475023516803600		
08:50:24	1787475024510769000,1787475024528972300		
08:50:26	1787475026764694800,1787475026771986700		
08:50:27	1787475027963132000,1787475027970748000		
08:50:29	1787475029174120400,1787475029177149700		[08:50:29] ⚡ CPS CLUSTER  10cts/10s  n=10  CV_IAT=0.798 |   RF est P=C·d²/K  @0.5m: 2.5-250.0W  (mid=12.5W)  CPS/s=1.0 | [08:50:29] ↓ STATE  LOW → FLAT  0.0900 µSv/h | [08:50:29] 🔄 FLOOR RECURRENCE  dr=0.0900 µSv/h  prior=08:49:47  interval=41.7s  (0.69min)
08:50:30	1787475030370686000	SIG#348 [1,0,0,1,0,0,1,0,0,1,0,0,1,0,0,1,0,0,1,0,0,1] pk=1	[08:50:30] ↑ STATE  FLAT → LOW  0.1000 µSv/h | [08:50:30] ↓ STATE  LOW → FLAT  0.0900 µSv/h
08:50:31	1787475031569024800		[08:50:31] ↑ STATE  FLAT → LOW  0.1000 µSv/h | [08:50:31] ↓ STATE  LOW → FLAT  0.0900 µSv/h
08:50:33	1787475033009071900,1787475033018164700		[08:50:33] ↑ STATE  FLAT → LOW  0.1000 µSv/h | [08:50:33] ⚠⚠⚠ EMF FINGERPRINT  score=6/7  n=4pk/3fl |   χ²/μ=0.002  m=1.250  SWR=0.23  CV_R=0.137  PSCI=0.089  CV_Re=0.082 | [08:50:33] ↓ STATE  LOW → FLAT  0.0900 µSv/h
08:50:34	1787475034021254000,1787475034025036000		[08:50:34] ↑ STATE  FLAT → LOW  0.1000 µSv/h | [08:50:34] ↓ STATE  LOW → FLAT  0.0900 µSv/h
08:50:35	1787475035512392700,1787475035516311300		[08:50:35] ↑ STATE  FLAT → LOW  0.1000 µSv/h | [08:50:35] ↓ STATE  LOW → FLAT  0.0900 µSv/h
08:50:36	1787475036529011200,1787475036531044000		
08:50:38	1787475038774114300,1787475038775150600		
08:50:39	1787475039969287000,1787475039970500000		
08:50:41	1787475041177782000,1787475041185917000		
08:50:42	1787475042387823400		[08:50:42] ⚡ OOK BURST PATTERN  CPS=2  burst=1.0s  gap=4.0s  duty=0.20  cycles=5 |   f=0.200Hz (SLF)  T=5.0s  CV_run=0.000  CV_gap=0.000  RF≈2.5W@0.5m |   ON/OFF KEYING SIGNATURE  identical CPS=2 repeated 5x  structured pulsed source confirmed
08:50:43			
08:50:45			[08:50:45] ⚡ CPS CLUSTER  17cts/10s  n=11  CV_IAT=1.094 |   RF est P=C·d²/K  @0.5m: 4.3-425.0W  (mid=21.3W)  CPS/s=1.7
08:50:46	1787475046026997500		[Min 013  08:49:45]  CPM=00093  ✓ COMPLETE
08:50:47	1787475047034182400,1787475047038582800		[08:50:47] ↑ STATE  FLAT → LOW  0.1000 µSv/h
08:50:48	1787475048530034000,1787475048531189200,1787475048533735700		[08:50:48] ↓ STATE  LOW → FLAT  0.0800 µSv/h | [08:50:48] ↑ STATE  FLAT → LOW  0.1000 µSv/h
08:50:49	1787475049527700000,1787475049528992500,1787475049542311000,1787475049550482400		[08:50:49] ↓ STATE  LOW → FLAT  0.0900 µSv/h | [08:50:49] ↑ STATE  FLAT → LOW  0.1000 µSv/h
08:50:51	1787475051774717400,1787475051775894000,1787475051776581400,1787475051782348500		[08:50:51] 小刀 PAINTBRUSH BURST  4 consecutive ticks  total=5cts  avg=1.3CPS  RF~1.6W@0.5m  bars merge = dense burst | [08:50:51] ↓ STATE  LOW → FLAT  0.0900 µSv/h | [08:50:51] ↑ STATE  FLAT → LOW  0.1000 µSv/h
08:50:52	1787475052987487200,1787475052988395800,1787475052989252900,1787475052990087000		[08:50:52] ↓ STATE  LOW → FLAT  0.0900 µSv/h | [08:50:52] ↑ STATE  FLAT → LOW  0.1000 µSv/h
08:50:54	1787475054176582400,1787475054179870200,1787475054181420800,1787475054184474000,1787475054188565500		[08:50:54] ↓ STATE  LOW → FLAT  0.0900 µSv/h | [08:50:54] ↑ STATE  FLAT → LOW  0.1000 µSv/h
08:50:55	1787475055387941600,1787475055397433300,1787475055399337700,1787475055402425600		
08:50:56	1787475056573418200,1787475056576239600,1787475056582228500		
08:50:58	1787475058028217000,1787475058030756400		
08:50:59	1787475059041032700	SIG#362 [2,1,1,0,0,0,2,1,1,1,0,0,2,1,1,1,0,0,2,1,1,1,0,0,2,1,1,1,0,0,1,1,1,1,0,0,1,0,1,1,0,0,1,0,0,1,0,0,1] pk=2	
08:51:00	1787475060529592600		[08:51:00] ⚡ CPS CLUSTER  26cts/10s  n=23  CV_IAT=1.631 |   RF est P=C·d²/K  @0.5m: 6.5-650.0W  (mid=32.5W)  CPS/s=2.6
08:51:01	1787475061516798500,1787475061526591700		
08:51:03	1787475063790226400,1787475063791096000		[08:51:03] ⚠⚠⚠ EMF FINGERPRINT  score=6/7  n=5pk/7fl |   χ²/μ=0.005  m=1.287  SWR=0.31  CV_R=0.189  PSCI=0.088  CV_Re=0.196
08:51:04	1787475064987900700,1787475064988752000		[08:51:04] ↑ STATE  LOW → ELEVATED  0.2000 µSv/h | [08:51:04] 🔄 PEAK RECURRENCE  dr=0.2000 µSv/h  seen 105x in log
08:51:06	1787475066185558800,1787475066186556400,1787475066192082700		[08:51:06] ↑ STATE  ELEVATED → LOW  0.1800 µSv/h | [08:51:06] ⚠⚠⚠ POWER LEVEL LOCK  dr=0.1800 µSv/h  hits=194  avg_interval=4.1s (0.07min)  CV=4.735 |   Source returns to identical power level 194x  Natural decay cannot reproduce fixed amplitude  Controlled RF source confirmed | [08:51:06] ↑ STATE  LOW → ELEVATED  0.2000 µSv/h
08:51:07	1787475067397970700,1787475067398642700,1787475067400337400		[08:51:07] ↑ STATE  ELEVATED → LOW  0.1800 µSv/h | [08:51:07] ↑ STATE  LOW → ELEVATED  0.2000 µSv/h
08:51:08	1787475068593826000,1787475068594770400,1787475068597025300		[08:51:08] ↑ STATE  ELEVATED → LOW  0.1800 µSv/h | [08:51:08] ↑ STATE  LOW → ELEVATED  0.2000 µSv/h
08:51:10	1787475070034006000,1787475070037651500,1787475070041482800		[08:51:10] ↑ STATE  ELEVATED → LOW  0.1800 µSv/h | [08:51:10] ↑ STATE  LOW → ELEVATED  0.2000 µSv/h
08:51:11	1787475071030396200,1787475071036162800	SIG#369 [1,1,0,1,0,0,1,1,0,1,0,0,1,1,0,1,0,0,1,1,0,1,0,0,0,1,0,1] pk=1	[08:51:11] ↑ STATE  ELEVATED → LOW  0.1900 µSv/h | [08:51:11] ↑ STATE  LOW → ELEVATED  0.2000 µSv/h | [08:51:11] ↑ STATE  ELEVATED → LOW  0.1800 µSv/h
08:51:12	1787475072527795000,1787475072539259400		[08:51:12] ↑ STATE  LOW → ELEVATED  0.2000 µSv/h | [08:51:12] ↑ STATE  ELEVATED → LOW  0.1800 µSv/h
08:51:13	1787475073524197000,1787475073537430800		[08:51:13] ↑ STATE  LOW → ELEVATED  0.2000 µSv/h | [08:51:13] ↑ STATE  ELEVATED → LOW  0.1800 µSv/h
08:51:15	1787475075800344300		[08:51:15] ⚡ CPS CLUSTER  18cts/10s  n=18  CV_IAT=1.367 |   RF est P=C·d²/K  @0.5m: 4.5-450.0W  (mid=22.5W)  CPS/s=1.8 | [08:51:15] ↑ STATE  LOW → ELEVATED  0.2100 µSv/h | [08:51:15] ↑ STATE  ELEVATED → LOW  0.1800 µSv/h
08:51:16	1787475076998842400		[08:51:16] ↑ STATE  LOW → ELEVATED  0.2000 µSv/h | [08:51:16] ↑ STATE  ELEVATED → LOW  0.1800 µSv/h
08:51:17	1787475077001294000		
08:51:18	1787475078195547100,1787475078198734600		[08:51:18] ↑ STATE  LOW → ELEVATED  0.2000 µSv/h | [08:51:18] ↑ STATE  ELEVATED → LOW  0.1800 µSv/h
08:51:19	1787475079394452200,1787475079397253400		
08:51:20	1787475080593016000,1787475080595909000		
08:51:22	1787475082029085400	SIG#374 [1,0,0,1,0,0,1,0,0,1,0,0,1,0,0,1,0,0,1,0,0,1] pk=1	
08:51:23	1787475083038859800		
08:51:24	1787475084530523000,1787475084539328300		
08:51:25	1787475085555872500		
08:51:27	1787475087803154400,1787475087804898800		[08:51:27] ⚡ OOK BURST PATTERN  CPS=1  burst=2.4s  gap=2.6s  duty=0.48  cycles=5 |   f=0.200Hz (SLF)  T=5.0s  CV_run=0.333  CV_gap=0.308  RF≈1.3W@0.5m |   ON/OFF KEYING SIGNATURE  identical CPS=1 repeated 5x  structured pulsed source confirmed
08:51:28			
08:51:29	1787475089000253000,1787475089001895700		
08:51:30	1787475090198927000,1787475090200507600		
08:51:31	1787475091409222000,1787475091411035100		[08:51:31] ⚡ CPS CLUSTER  11cts/10s  n=11  CV_IAT=0.909 |   RF est P=C·d²/K  @0.5m: 2.8-275.0W  (mid=13.8W)  CPS/s=1.1
08:51:32	1787475092601682000,1787475092603776500	SIG#380 [1,0,1,0,0,0,1,0,1,0,0,0,1,0,1,0,0,0,1,0,1,0,0,0,1,0,1] pk=1	[08:51:32] ↓ STATE  LOW → FLAT  0.0900 µSv/h | [08:51:32] 🔄 FLOOR RECURRENCE  dr=0.0900 µSv/h  prior=08:50:54  interval=38.4s  (0.64min)
08:51:34	1787475094044277500		[08:51:34] ↑ STATE  FLAT → LOW  0.1200 µSv/h | [08:51:34] ⚠⚠⚠ EMF FINGERPRINT  score=6/7  n=3pk/5fl |   χ²/μ=0.002  m=1.273  SWR=0.24  CV_R=0.127  PSCI=0.058  CV_Re=0.129 | [08:51:34] ↓ STATE  LOW → FLAT  0.0900 µSv/h | [08:51:34] ↑ STATE  FLAT → LOW  0.1000 µSv/h
08:51:35	1787475095051936300		[08:51:35] ↓ STATE  LOW → FLAT  0.0900 µSv/h | [08:51:35] ↑ STATE  FLAT → LOW  0.1000 µSv/h | [08:51:35] ↓ STATE  LOW → FLAT  0.0900 µSv/h
08:51:36			[08:51:36] ↑ STATE  FLAT → LOW  0.1000 µSv/h | [08:51:36] ↓ STATE  LOW → FLAT  0.0900 µSv/h | [08:51:36] ↑ STATE  FLAT → LOW  0.1000 µSv/h | [08:51:36] ↓ STATE  LOW → FLAT  0.0900 µSv/h
08:51:37			[08:51:37] ↑ STATE  FLAT → LOW  0.1000 µSv/h | [08:51:37] ↓ STATE  LOW → FLAT  0.0900 µSv/h | [08:51:37] ↑ STATE  FLAT → LOW  0.1000 µSv/h | [08:51:37] ↓ STATE  LOW → FLAT  0.0900 µSv/h
08:51:39			[08:51:39] ↑ STATE  FLAT → LOW  0.1000 µSv/h | [08:51:39] ↓ STATE  LOW → FLAT  0.0900 µSv/h | [08:51:39] ↑ STATE  FLAT → LOW  0.1000 µSv/h | [08:51:39] ↓ STATE  LOW → FLAT  0.0900 µSv/h
08:51:40	1787475100068924000		[08:51:40] ↑ STATE  FLAT → LOW  0.1000 µSv/h | [08:51:40] ↓ STATE  LOW → FLAT  0.0900 µSv/h
08:51:41	1787475101064917800		[08:51:41] ↑ STATE  FLAT → LOW  0.1000 µSv/h | [08:51:41] ↓ STATE  LOW → FLAT  0.0900 µSv/h
08:51:42	1787475102541266700,1787475102542902000		
08:51:43	1787475103554848300,1787475103558748000		
08:51:45	1787475105052925700,1787475105058743000,1787475105070121200		
08:51:46	1787475106047791600,1787475106053456400,1787475106057411600		[Min 014  08:50:45]  CPM=00100  ✓ COMPLETE
08:51:47	1787475107051195000,1787475107054294500,1787475107056977400		[08:51:47] ⚡ CPS CLUSTER  13cts/10s  n=13  CV_IAT=1.030 |   RF est P=C·d²/K  @0.5m: 3.3-325.0W  (mid=16.3W)  CPS/s=1.3
08:51:48	1787475108546359600,1787475108550632700,1787475108553636900		
08:51:49	1787475109542465000,1787475109546962400,1787475109569378300,1787475109575857000		[08:51:49] ↑ STATE  FLAT → LOW  0.1000 µSv/h
08:51:51	1787475111807329000,1787475111810762000,1787475111812178700		[08:51:51] ↓ STATE  LOW → FLAT  0.0800 µSv/h | [08:51:51] ↑ STATE  FLAT → LOW  0.1000 µSv/h
08:51:53	1787475113006689000,1787475113009906000,1787475113010783700		[08:51:53] ↓ STATE  LOW → FLAT  0.0800 µSv/h | [08:51:53] ↑ STATE  FLAT → LOW  0.1000 µSv/h
08:51:54	1787475114207711000,1787475114208623600,1787475114211375600	SIG#385 [1,0,1,0,0,0,1,0,1,0,0,0,1,0,1,0,1,0,1,0,1,0,1,0,1,0,1,0,1,0,0,0,1,0,1,0,0,1,1,0,1,0,0,1,1,0,1,0,0,1,1,0,1,0,0,1,1] pk=1	[08:51:54] ↓ STATE  LOW → FLAT  0.0800 µSv/h | [08:51:54] ↑ STATE  FLAT → LOW  0.1000 µSv/h
08:51:55	1787475115421192200,1787475115422943500,1787475115426669000		[08:51:55] ↓ STATE  LOW → FLAT  0.0800 µSv/h | [08:51:55] ↑ STATE  FLAT → LOW  0.1000 µSv/h
08:51:56	1787475116611374800,1787475116620025000,1787475116624605700,1787475116633609500		[08:51:56] ↓ STATE  LOW → FLAT  0.0900 µSv/h | [08:51:56] ↑ STATE  FLAT → LOW  0.1000 µSv/h
08:51:58	1787475118044014800,1787475118053363200,1787475118055735000,1787475118056422400		
08:51:59	1787475119052728300,1787475119054309000,1787475119055549700,1787475119059694000		[08:51:59] ⚠ BURST PAIR  pairs=20  interval=37.6s  CV=2.500  spacings=[53.5,1.5,1.0,2.3,1.2,1.0,144.0,1.2,1.2,1.2,1.4,1.0,93.6,2.2,1.2,1.2,1.2,1.2,402.6]  span=713.8s |   f=0.027Hz  T=37.6s  pair_width=2s  CPS≥2  structured burst-pair source
08:52:00	1787475120544650800,1787475120550176300,1787475120551666400,1787475120552376000,1787475120553576000		
08:52:01	1787475121553473000,1787475121565513200,1787475121566532000,1787475121567537000,1787475121568624600,1787475121573431600		[08:52:01] 小刀 PAINTBRUSH BURST  5 consecutive ticks  total=7cts  avg=1.4CPS  RF~1.7W@0.5m  bars merge = dense burst | [08:52:01] ⚠⚠⚠ CONFIRMED ATTACK  CONSECUTIVE CPS CLUSTER  run=5s  total_counts=7  avg=1.40CPS/s  dr=0.1200  span=1.0s |   Poisson P(run≥5)<<0.001  NON-NATURAL SOURCE CONFIRMED  start=08:52:00
08:52:03	1787475123809912300,1787475123810891800,1787475123811794200,1787475123813665800,1787475123824646400		[08:52:03] ⚡ CPS CLUSTER  36cts/10s  n=29  CV_IAT=1.916 |   RF est P=C·d²/K  @0.5m: 9.0-900.0W  (mid=45.0W)  CPS/s=3.6 | [08:52:03] ↑ STATE  LOW → ELEVATED  0.2000 µSv/h | [08:52:03] 🔄 PEAK RECURRENCE  dr=0.2000 µSv/h  seen 122x in log
08:52:05	1787475125008127500,1787475125009096000,1787475125010023400,1787475125010840800,1787475125012166000,1787475125024049000		[08:52:05] ⚡ BEAT INTERFERENCE CONFIRMED |   y = A1·sin(2πf₁t) + A2·sin(2πf₂t) |   A1=0.2100µSv/h  A2=0.1100µSv/h  A2/A1=0.524  floor/peak=0.524 |   f_beat=|f₁-f₂|=0.25168Hz  T_beat=4.0s  band=SLF |   RF P≈C·d²/K: carrier1≈0.06W  carrier2≈0.02W  @d=0.5m (K=0.2) |   TWO-SOURCE INTERFERENCE  dominant=0.2100µSv/h  secondary=0.1100µSv/h  freq-sep≈0.25168Hz  CV_env=0.169 | [08:52:05] ↑ STATE  ELEVATED → LOW  0.1200 µSv/h | [08:52:05] ⚠⚠⚠ EMF FINGERPRINT  score=6/7  n=6pk/4fl |   χ²/μ=0.006  m=1.702  SWR=0.49  CV_R=0.214  PSCI=0.161  CV_Re=0.118 | [08:52:05] ↑ STATE  LOW → ELEVATED  0.2000 µSv/h
08:52:06	1787475126203962400,1787475126205791200,1787475126206621200,1787475126207423500,1787475126209033700		[08:52:06] ↑ STATE  ELEVATED → LOW  0.1400 µSv/h | [08:52:06] ⚠⚠⚠ POWER LEVEL LOCK  dr=0.1400 µSv/h  hits=374  avg_interval=2.3s (0.04min)  CV=4.086 |   Source returns to identical power level 374x  Natural decay cannot reproduce fixed amplitude  Controlled RF source confirmed | [08:52:06] ↑ STATE  LOW → ELEVATED  0.2000 µSv/h
08:52:07	1787475127420456400,1787475127423836700,1787475127425587500,1787475127433559800		[08:52:07] ↑ STATE  ELEVATED → LOW  0.1600 µSv/h | [08:52:07] ↑ STATE  LOW → ELEVATED  0.2000 µSv/h
08:52:08	1787475128614766600,1787475128619987700,1787475128624203500,1787475128633884700		[08:52:08] ↑ STATE  ELEVATED → LOW  0.1700 µSv/h | [08:52:08] ↑ STATE  LOW → ELEVATED  0.2000 µSv/h
08:52:10	1787475130058264600,1787475130062903800,1787475130067668700		[08:52:10] ↑ STATE  ELEVATED → LOW  0.1800 µSv/h | [08:52:10] ↑ STATE  LOW → ELEVATED  0.2000 µSv/h
08:52:11	1787475131062923800,1787475131069595000,1787475131087371000		
08:52:12	1787475132556288800,1787475132561539600,1787475132564652800,1787475132565975300		
08:52:13	1787475133559054600,1787475133561677800,1787475133563018000,1787475133564127200		[08:52:13] ⚡ OOK BURST PATTERN  CPS=1  burst=5.2s  gap=3.8s  duty=0.57  cycles=6 |   f=0.111Hz (SLF)  T=9.0s  CV_run=0.938  CV_gap=1.539  RF≈1.3W@0.5m |   ON/OFF KEYING SIGNATURE  identical CPS=1 repeated 6x  structured pulsed source confirmed
08:52:15	1787475135061774600,1787475135063856600,1787475135066642200,1787475135069557000,1787475135070869500		
08:52:16	1787475136057262300,1787475136060340500,1787475136061056000,1787475136061826300,1787475136062978800		[08:52:16] ⚠⚠⚠ CONFIRMED ATTACK  CONSECUTIVE CPS CLUSTER  run=5s  total_counts=6  avg=1.20CPS/s  dr=0.2300  span=1.0s |   Poisson P(run≥5)<<0.001  NON-NATURAL SOURCE CONFIRMED  start=08:52:15
08:52:17	1787475137067339800,1787475137069525800,1787475137070867500,1787475137072045800		
08:52:18	1787475138554507000,1787475138556188700,1787475138557423900,1787475138558428400		
08:52:19	1787475139552967000,1787475139554695700,1787475139555938300,1787475139563186200		[08:52:19] ⚡ CPS CLUSTER  40cts/10s  n=33  CV_IAT=1.760 |   RF est P=C·d²/K  @0.5m: 10.0-1000.0W  (mid=50.0W)  CPS/s=4.0
08:52:21	1787475141813129700,1787475141816420600,1787475141819907800		
08:52:23	1787475143014295000,1787475143018551300		
08:52:24	1787475144231246300	SIG#386 [1,1,0,0,1,0,1,1,0,0,1,0,1,1,0,0,1,0,1,1,0,0,1,0,1,2,0,0,1,0,1,2,2,0,1,0,1,2,2,1,1,0,1,2,2,1,1,0,1,2,2,1,1,0,1,2,2,1,1,0,1,2,2,1,1,0,1,0,2,1,1,0,1,0,0,1,1,0,1,0,0,1,1,0,1,0,0,1,0,0,1,0,0,1,0,1,1,0,0,1,0,1,2,0,0,1,0,1,2,1,0,1,0,1,2,1,1,1,0,1,2,1,1,0,0,1,2,1,1,0,0,1,2,1,1,0,0,0,2,1,1,0,0,0,1,1,1,0,0,0,1,0,1,0,0,0,1] pk=2	
08:52:25	1787475145427627300,1787475145430933000		
08:52:26	1787475146623025700,1787475146629217500		
08:52:28	1787475148064160300,1787475148072214800		
08:52:29	1787475149085521000,1787475149092350200	SIG#388 [1,0,0,0,1,0,1,0,0,0,1,0,1,0,0,0,1] pk=1	
08:52:30	1787475150567285800,1787475150569888500,1787475150570753300		
08:52:31	1787475151579655400,1787475151585991000,1787475151588617700		
08:52:33	1787475153070591200,1787475153081159200,1787475153083394600,1787475153086112800		
08:52:34	1787475154066902500,1787475154067768000,1787475154074296600		[08:52:34] 🔄 PEAK RECURRENCE  dr=0.2200 µSv/h  seen 23x in log
08:52:35	1787475155066563000,1787475155071484400,1787475155074448400		[08:52:35] ⚡ CPS CLUSTER  36cts/10s  n=21  CV_IAT=1.380 |   RF est P=C·d²/K  @0.5m: 9.0-900.0W  (mid=45.0W)  CPS/s=3.6
08:52:36	1787475156573846500,1787475156574906400,1787475156577660400		
08:52:37	1787475157570658600,1787475157577840600	SIG#389 [1,0,0,4,0,0,1,0,0,4,1,0,1,0,0,4,1,0,1,0,0,4,1,0,1,0,0,4,1,0,1,0,0,4,1,0,1,0,0,4,1,0,1,0,0,0,1,0,1] pk=4	
08:52:39	1787475159833494000,1787475159838771200		
08:52:41	1787475161026480000,1787475161034604300,1787475161036036000		
08:52:42	1787475162250369000,1787475162262348800		
08:52:43	1787475163430812700,1787475163432109600,1787475163434211600		
08:52:44	1787475164629942300,1787475164630710800,1787475164632065000		
08:52:46	1787475166077289500,1787475166078190800,1787475166080330000		[Min 015  08:51:45]  CPM=00202  ✓ COMPLETE
08:52:47	1787475167084937700,1787475167089900000,1787475167091949300		
08:52:48	1787475168575404500,1787475168577039600	SIG#394 [1,2,0,1,0,0,1,2,0,1,0,0,1,2,0,1,0,0,1,2,0,1,0,0,0,2,0,1] pk=2	
08:52:49	1787475169575315000		
08:52:51	1787475171828302300,1787475171836333800		[08:52:51] ⚡ CPS CLUSTER  24cts/10s  n=18  CV_IAT=1.275 |   RF est P=C·d²/K  @0.5m: 6.0-600.0W  (mid=30.0W)  CPS/s=2.4
08:52:53	1787475173048584400,1787475173053525000		[08:52:53] ↑ STATE  ELEVATED → LOW  0.1900 µSv/h
08:52:54	1787475174248556300,1787475174251965400		[08:52:54] ↑ STATE  LOW → ELEVATED  0.2000 µSv/h | [08:52:54] ↑ STATE  ELEVATED → LOW  0.1900 µSv/h
08:52:55	1787475175441395700,1787475175443696000,1787475175448069400		[08:52:55] ↑ STATE  LOW → ELEVATED  0.2000 µSv/h | [08:52:55] ↑ STATE  ELEVATED → LOW  0.1900 µSv/h
08:52:56	1787475176637564000,1787475176639560700,1787475176642787300		[08:52:56] ↑ STATE  LOW → ELEVATED  0.2000 µSv/h | [08:52:56] ↑ STATE  ELEVATED → LOW  0.1900 µSv/h
08:52:58	1787475178083329000,1787475178085554700,1787475178088706300		[08:52:58] ↑ STATE  LOW → ELEVATED  0.2000 µSv/h | [08:52:58] ↑ STATE  ELEVATED → LOW  0.1900 µSv/h
08:52:59	1787475179089543200,1787475179090850000,1787475179092923400,1787475179095451400		[08:52:59] ⚡ OOK BURST PATTERN  CPS=1  burst=1.7s  gap=2.3s  duty=0.42  cycles=3 |   f=0.250Hz (SLF)  T=4.0s  CV_run=0.283  CV_gap=0.202  RF≈1.3W@0.5m |   ON/OFF KEYING SIGNATURE  identical CPS=1 repeated 3x  structured pulsed source confirmed | [08:52:59] ↑ STATE  LOW → ELEVATED  0.2000 µSv/h | [08:52:59] ↑ STATE  ELEVATED → LOW  0.1900 µSv/h
08:53:00	1787475180580178700,1787475180588037600,1787475180592183800		
08:53:01	1787475181583636000,1787475181590630400		
08:53:03	1787475183846717200,1787475183861145000		
08:53:05	1787475185052165400	SIG#400 [1,1,0,1,0,0,1,1,0,1,0,0,1,1,0,1,0,0,1,1,0,1,0,0,1,1,0,1,0,0,1,0,0,1,0,0,1,0,0,1,0,0,1] pk=1	
08:53:06	1787475186250948000,1787475186261147100		[08:53:06] ⚠⚠⚠ POWER LEVEL LOCK  dr=0.1800 µSv/h  hits=225  avg_interval=4.1s (0.07min)  CV=4.543 |   Source returns to identical power level 225x  Natural decay cannot reproduce fixed amplitude  Controlled RF source confirmed
08:53:07	1787475187445235700,1787475187459150000		[08:53:07] ⚡ CPS CLUSTER  18cts/10s  n=18  CV_IAT=1.275 |   RF est P=C·d²/K  @0.5m: 4.5-450.0W  (mid=22.5W)  CPS/s=1.8
08:53:08	1787475188643559400		
08:53:10	1787475190094388700		[08:53:10] ⚡ BEAT INTERFERENCE CONFIRMED |   y = A1·sin(2πf₁t) + A2·sin(2πf₂t) |   A1=0.2500µSv/h  A2=0.1900µSv/h  A2/A1=0.760  floor/peak=0.760 |   f_beat=|f₁-f₂|=0.16623Hz  T_beat=6.0s  band=SLF |   RF P≈C·d²/K: carrier1≈0.08W  carrier2≈0.05W  @d=0.5m (K=0.2) |   TWO-SOURCE INTERFERENCE  dominant=0.2500µSv/h  secondary=0.1900µSv/h  freq-sep≈0.16623Hz  CV_env=0.083
08:53:11	1787475191102775300		
08:53:12	1787475192589785000		
08:53:13	1787475193587800300,1787475193596614000		
08:53:15	1787475195851672600		[08:53:15] ⚠ EMF FINGERPRINT  score=4/7  n=2pk/5fl |   χ²/μ=0.001  m=1.201  SWR=0.17  CV_R=0.087  PSCI=0.027  CV_Re=0.120
08:53:17	1787475197047379200		
08:53:18	1787475198260041000		
08:53:19	1787475199461397200		
08:53:20	1787475200657667600		
08:53:21	1787475201842044700,1787475201855667200		
08:53:23	1787475203067673000		[08:53:23] ⚡ CPS CLUSTER  23cts/10s  n=9  CV_IAT=0.660 |   RF est P=C·d²/K  @0.5m: 5.8-575.0W  (mid=28.8W)  CPS/s=2.3
08:53:24	1787475204268439800		
08:53:25	1787475205461389800		
08:53:26	1787475206652502500		[08:53:26] ↓ STATE  LOW → FLAT  0.0900 µSv/h | [08:53:26] 🔄 FLOOR RECURRENCE  dr=0.0900 µSv/h  prior=08:51:56  interval=90.1s  (1.50min)
08:53:28	1787475208098024700		[08:53:28] ↑ STATE  FLAT → LOW  0.1100 µSv/h | [08:53:28] ↓ STATE  LOW → FLAT  0.0900 µSv/h
08:53:29	1787475209107230000		[08:53:29] ↑ STATE  FLAT → LOW  0.1000 µSv/h | [08:53:29] ↓ STATE  LOW → FLAT  0.0900 µSv/h
08:53:30	1787475210594682400		[08:53:30] ↑ STATE  FLAT → LOW  0.1000 µSv/h | [08:53:30] ↓ STATE  LOW → FLAT  0.0900 µSv/h
08:53:31	1787475211674571800		[08:53:31] ↑ STATE  FLAT → LOW  0.1000 µSv/h | [08:53:31] ↓ STATE  LOW → FLAT  0.0900 µSv/h
08:53:33	1787475213867820300,1787475213869422800		[08:53:33] ↑ STATE  FLAT → LOW  0.1000 µSv/h | [08:53:33] ↓ STATE  LOW → FLAT  0.0900 µSv/h
08:53:35	1787475215058164700,1787475215062914000,1787475215064938200		[08:53:35] ↑ STATE  FLAT → LOW  0.1000 µSv/h
08:53:36	1787475216264512800,1787475216266906400,1787475216268277500		[08:53:36] ↓ STATE  LOW → FLAT  0.0900 µSv/h | [08:53:36] ↑ STATE  FLAT → LOW  0.1000 µSv/h
08:53:37	1787475217460958200,1787475217463802000,1787475217466161000		[08:53:37] ↓ STATE  LOW → FLAT  0.0900 µSv/h | [08:53:37] ↑ STATE  FLAT → LOW  0.1000 µSv/h
08:53:38	1787475218650820000,1787475218657763800,1787475218662356000		[08:53:38] ⚡ CPS CLUSTER  19cts/10s  n=15  CV_IAT=1.064 |   RF est P=C·d²/K  @0.5m: 4.8-475.0W  (mid=23.8W)  CPS/s=1.9 | [08:53:38] ↓ STATE  LOW → FLAT  0.0900 µSv/h | [08:53:38] ↑ STATE  FLAT → LOW  0.1000 µSv/h
08:53:40	1787475220105985300,1787475220108025900,1787475220113122800	SIG#426 [1,0,2,0,0,0,1,0,2,1,0,0,1,0,2,1,0,0,1,0,2,1,0,0,1,0,2,1] pk=2	[08:53:40] ↓ STATE  LOW → FLAT  0.0900 µSv/h | [08:53:40] ↑ STATE  FLAT → LOW  0.1000 µSv/h
08:53:41	1787475221110763000,1787475221112161300,1787475221122166800,1787475221123724800		[08:53:41] ↓ STATE  LOW → FLAT  0.0900 µSv/h | [08:53:41] ↑ STATE  FLAT → LOW  0.1000 µSv/h
08:53:42	1787475222592425500,1787475222597187300,1787475222602007800		
08:53:43	1787475223603935000,1787475223605338400	SIG#427 [2,1,0,0,0,1,2,1,0,0,0,1,1,1,0,0,0,1,1] pk=2	
08:53:45	1787475225854771200,1787475225855851300		[Min 016  08:52:45]  CPM=00111  ✓ COMPLETE | [08:53:45] ⚡ OOK BURST PATTERN  CPS=1  burst=1.7s  gap=2.8s  duty=0.37  cycles=6 |   f=0.222Hz (SLF)  T=4.5s  CV_run=0.283  CV_gap=0.317  RF≈1.3W@0.5m |   ON/OFF KEYING SIGNATURE  identical CPS=1 repeated 6x  structured pulsed source confirmed | [08:53:45] ⚠⚠ EMF FINGERPRINT  score=5/7  n=4pk/2fl |   χ²/μ=0.003  m=1.316  SWR=0.29  CV_R=0.170  PSCI=0.165  CV_Re=0.053
08:53:47	1787475227057053200,1787475227060381000		
08:53:48	1787475228269767000,1787475228272536300		
08:53:49	1787475229451944200		
08:53:50			
08:53:51			
08:53:53			
08:53:54			[08:53:54] ⚡ CPS CLUSTER  7cts/10s  n=7  CV_IAT=0.996 |   RF est P=C·d²/K  @0.5m: 1.8-175.0W  (mid=8.8W)  CPS/s=0.7
08:53:55			
08:53:56			
08:53:58	1787475238140184300		[08:53:58] ↓ STATE  LOW → FLAT  0.0900 µSv/h | [08:53:58] 🔄 FLOOR RECURRENCE  dr=0.0900 µSv/h  prior=08:53:41  interval=17.0s  (0.28min)
08:53:59	1787475239126297900,1787475239128087300		[08:53:59] ↑ STATE  FLAT → LOW  0.1500 µSv/h | [08:53:59] ↓ STATE  LOW → FLAT  0.0900 µSv/h
08:54:00	1787475240612858000,1787475240615911400,1787475240616822000		[08:54:00] ↑ STATE  FLAT → LOW  0.1400 µSv/h | [08:54:00] ↓ STATE  LOW → FLAT  0.0900 µSv/h
08:54:01	1787475241610759700,1787475241611633000,1787475241612414700		[08:54:01] ↑ STATE  FLAT → LOW  0.1400 µSv/h | [08:54:01] ↓ STATE  LOW → FLAT  0.0900 µSv/h
08:54:03	1787475243866320000,1787475243867514600,1787475243868454100		[08:54:03] ↑ STATE  FLAT → LOW  0.1200 µSv/h | [08:54:03] ↓ STATE  LOW → FLAT  0.0900 µSv/h
08:54:05	1787475245067275000,1787475245069293000,1787475245070839600,1787475245076119800		[08:54:05] ↑ STATE  FLAT → LOW  0.1100 µSv/h | [08:54:05] ↓ STATE  LOW → FLAT  0.0900 µSv/h
08:54:06	1787475246265575700,1787475246267118000,1787475246268016000,1787475246270875100		[08:54:06] 小刀 PAINTBRUSH BURST  4 consecutive ticks  total=4cts  avg=1.0CPS  RF~1.3W@0.5m  bars merge = dense burst
08:54:07	1787475247463368200,1787475247464632800,1787475247466794000		
08:54:08	1787475248663896600,1787475248669072000		
08:54:10	1787475250108430800	SIG#435 [1,1,1,0,0,0,1,1,1,0,0,0,1,1,1,0,0,0,1,1,1,0,0,1,1,1,1,0,0,1,0,1,1,0,0,1,0,0,1,0,0,1] pk=1	[08:54:10] ⚡ CPS CLUSTER  22cts/10s  n=22  CV_IAT=1.676 |   RF est P=C·d²/K  @0.5m: 5.5-550.0W  (mid=27.5W)  CPS/s=2.2 | [08:54:10] ↑ STATE  FLAT → LOW  0.1000 µSv/h | [08:54:10] ⚠⚠⚠ POWER LEVEL LOCK  dr=0.1000 µSv/h  hits=491  avg_interval=1.9s (0.03min)  CV=3.654 |   Source returns to identical power level 491x  Natural decay cannot reproduce fixed amplitude  Controlled RF source confirmed
08:54:11	1787475251121252400		[08:54:11] ↓ STATE  LOW → FLAT  0.0700 µSv/h | [08:54:11] ↑ STATE  FLAT → LOW  0.1000 µSv/h
08:54:12	1787475252615044000		[08:54:12] ↓ STATE  LOW → FLAT  0.0800 µSv/h | [08:54:12] ↑ STATE  FLAT → LOW  0.1000 µSv/h
08:54:13			[08:54:13] ↓ STATE  LOW → FLAT  0.0800 µSv/h | [08:54:13] ↑ STATE  FLAT → LOW  0.1000 µSv/h
08:54:15	1787475255869615600		[08:54:15] ↓ STATE  LOW → FLAT  0.0800 µSv/h | [08:54:15] ⚠⚠ EMF FINGERPRINT  score=5/7  n=6pk/2fl |   χ²/μ=0.002  m=1.378  SWR=0.30  CV_R=0.141  PSCI=0.107  CV_Re=0.067 | [08:54:15] ↑ STATE  FLAT → LOW  0.1000 µSv/h
08:54:17	1787475257076794000		[08:54:17] ⚡ BEAT INTERFERENCE CONFIRMED |   y = A1·sin(2πf₁t) + A2·sin(2πf₂t) |   A1=0.2500µSv/h  A2=0.1400µSv/h  A2/A1=0.560  floor/peak=0.560 |   f_beat=|f₁-f₂|=0.17596Hz  T_beat=5.7s  band=SLF |   RF P≈C·d²/K: carrier1≈0.08W  carrier2≈0.02W  @d=0.5m (K=0.2) |   TWO-SOURCE INTERFERENCE  dominant=0.2500µSv/h  secondary=0.1400µSv/h  freq-sep≈0.17596Hz  CV_env=0.181 | [08:54:17] ↓ STATE  LOW → FLAT  0.0900 µSv/h | [08:54:17] ↑ STATE  FLAT → LOW  0.1000 µSv/h
08:54:18	1787475258288881000		
08:54:19	1787475259470424600		[08:54:19] ⚠ EQUAL BURST SPACING  n=4  CPS≥2  interval=1.2s  CV=0.011  spacings=[1.2,1.2,1.2]  span=3.6s |   ⚠⚠ HIGHLY PERIODIC  f=0.833Hz  T=1.2s  total_counts=4
08:54:20	1787475260672387600,1787475260676655900		
08:54:22	1787475262113850600,1787475262122200800,1787475262124045300		
08:54:23	1787475263112877800,1787475263121963800,1787475263127124000		
08:54:24	1787475264613788200,1787475264618403300	SIG#443 [2,0,0,0,1,0,2,0,0,0,1,1,2,0,0,0,1,1] pk=2	
08:54:25	1787475265611012900,1787475265617992200,1787475265635901000		[08:54:25] ⚡ CPS CLUSTER  21cts/10s  n=14  CV_IAT=0.934 |   RF est P=C·d²/K  @0.5m: 5.3-525.0W  (mid=26.3W)  CPS/s=2.1
08:54:27	1787475267870047500,1787475267871627300,1787475267875556000		
08:54:29	1787475269069068800,1787475269070573800,1787475269073422300,1787475269075696000		
08:54:30	1787475270283089000,1787475270289398300,1787475270292277500		
08:54:31	1787475271475573000,1787475271476963600,1787475271478648600		[08:54:31] ⚡ OOK BURST PATTERN  CPS=1  burst=15.3s  gap=49.3s  duty=0.24  cycles=3 |   f=0.015Hz (ELF)  T=64.7s  CV_run=1.276  CV_gap=1.357  RF≈1.3W@0.5m |   ON/OFF KEYING SIGNATURE  identical CPS=1 repeated 3x  structured pulsed source confirmed
08:54:32	1787475272678279400,1787475272682027000,1787475272684623400,1787475272688004600		
08:54:34	1787475274110773000,1787475274119761400,1787475274129889800,1787475274131375000		
08:54:35	1787475275121525000,1787475275123139000,1787475275124174000		
08:54:36	1787475276614673000,1787475276622874000,1787475276630065700		
08:54:37	1787475277616933400,1787475277618357000	SIG#445 [1,1,0,0,1,0,1,1,0,0,1,0,1,1,0,0,1,0,1,1,0,0,1,0,1,0,0,0,1,0,1,0,2,0,1,0,1,0,2,1,1,0,1,0,2,1,0,0,1,0,2,1,0,0,1,0,2,1] pk=2	
08:54:39	1787475279871921400,1787475279877069800		
08:54:41	1787475281075888400		[08:54:41] ⚡ CPS CLUSTER  29cts/10s  n=22  CV_IAT=1.492 |   RF est P=C·d²/K  @0.5m: 7.3-725.0W  (mid=36.3W)  CPS/s=2.9 | [08:54:41] ↑ STATE  LOW → ELEVATED  0.2000 µSv/h | [08:54:41] 🔄 PEAK RECURRENCE  dr=0.2000 µSv/h  seen 63x in log
08:54:42			[08:54:42] ↑ STATE  ELEVATED → LOW  0.1700 µSv/h | [08:54:42] ↑ STATE  LOW → ELEVATED  0.2000 µSv/h
08:54:43	1787475283484550400		[08:54:43] ↑ STATE  ELEVATED → LOW  0.1700 µSv/h | [08:54:43] ↑ STATE  LOW → ELEVATED  0.2000 µSv/h
08:54:44	1787475284688461800		[08:54:44] ↑ STATE  ELEVATED → LOW  0.1800 µSv/h | [08:54:44] ↑ STATE  LOW → ELEVATED  0.2000 µSv/h
08:54:45	1787475285875995000		[Min 017  08:53:45]  CPM=00102  ✓ COMPLETE | [08:54:45] ↑ STATE  ELEVATED → LOW  0.1800 µSv/h | [08:54:45] ⚠ EMF FINGERPRINT  score=4/7  n=4pk/3fl |   χ²/μ=0.001  m=1.156  SWR=0.14  CV_R=0.088  PSCI=0.060  CV_Re=0.051 | [08:54:45] ↑ STATE  LOW → ELEVATED  0.2000 µSv/h
08:54:47	1787475287086258200		[08:54:47] ↑ STATE  ELEVATED → LOW  0.1900 µSv/h | [08:54:47] ↑ STATE  LOW → ELEVATED  0.2000 µSv/h
08:54:48	1787475288284507400		
08:54:49	1787475289487090000,1787475289493997800		
08:54:50	1787475290676421600,1787475290682691800,1787475290683955200		
08:54:52	1787475292134193000,1787475292135631400		
08:54:53	1787475293138840000,1787475293141495800		
08:54:54	1787475294626219500,1787475294627506200		[08:54:54] ↑ STATE  ELEVATED → LOW  0.1900 µSv/h
08:54:55	1787475295622502100,1787475295623430000		[08:54:55] ↑ STATE  LOW → ELEVATED  0.2200 µSv/h | [08:54:55] ↑ STATE  ELEVATED → LOW  0.1900 µSv/h
08:54:57	1787475297883413000,1787475297885844700,1787475297892740900		[08:54:57] ⚡ CPS CLUSTER  18cts/10s  n=15  CV_IAT=1.080 |   RF est P=C·d²/K  @0.5m: 4.5-450.0W  (mid=22.5W)  CPS/s=1.8 | [08:54:57] ↑ STATE  LOW → ELEVATED  0.2100 µSv/h | [08:54:57] ↑ STATE  ELEVATED → LOW  0.1900 µSv/h
08:54:59	1787475299081161700,1787475299086898000		[08:54:59] ↑ STATE  LOW → ELEVATED  0.2200 µSv/h | [08:54:59] ↑ STATE  ELEVATED → LOW  0.1900 µSv/h
08:55:00	1787475300296626000,1787475300300324600		[08:55:00] ↑ STATE  LOW → ELEVATED  0.2000 µSv/h | [08:55:00] ↑ STATE  ELEVATED → LOW  0.1900 µSv/h
08:55:01	1787475301489453300,1787475301493387800,1787475301495838500		[08:55:01] ↑ STATE  LOW → ELEVATED  0.2000 µSv/h | [08:55:01] ↑ STATE  ELEVATED → LOW  0.1900 µSv/h
08:55:02	1787475302696864300,1787475302698666800,1787475302699534000		
08:55:03	1787475303882600000,1787475303885172500,1787475303887106000		
08:55:05	1787475305095252500,1787475305097522200,1787475305098587100		
08:55:06	1787475306299433000,1787475306300712000	SIG#464 [1,0,1,0,0,0,1,0,1,1,0,0,1,0,1,1,0,0,1,0,1,1,0,0,1,0,1,1] pk=1	
08:55:07	1787475307482153500,1787475307485769000		
08:55:08	1787475308682764300		
08:55:09			
08:55:11			[08:55:11] ⚠⚠⚠ POWER LEVEL LOCK  dr=0.1200 µSv/h  hits=408  avg_interval=2.5s (0.04min)  CV=3.684 |   Source returns to identical power level 408x  Natural decay cannot reproduce fixed amplitude  Controlled RF source confirmed | [08:55:11] ↓ STATE  LOW → FLAT  0.0900 µSv/h | [08:55:11] 🔄 FLOOR RECURRENCE  dr=0.0900 µSv/h  prior=08:54:17  interval=54.0s  (0.90min)
08:55:12			[08:55:12] ↑ STATE  FLAT → LOW  0.1200 µSv/h | [08:55:12] ↓ STATE  LOW → FLAT  0.0900 µSv/h
08:55:13			[08:55:13] ⚡ CPS CLUSTER  11cts/10s  n=11  CV_IAT=1.219 |   RF est P=C·d²/K  @0.5m: 2.8-275.0W  (mid=13.8W)  CPS/s=1.1 | [08:55:13] ↑ STATE  FLAT → LOW  0.1200 µSv/h | [08:55:13] ↓ STATE  LOW → FLAT  0.0900 µSv/h
08:55:14			[08:55:14] ↑ STATE  FLAT → LOW  0.1100 µSv/h | [08:55:14] ↓ STATE  LOW → FLAT  0.0900 µSv/h
08:55:16			[08:55:16] ↑ STATE  FLAT → LOW  0.1100 µSv/h | [08:55:16] ⚠⚠⚠ EMF FINGERPRINT  score=6/7  n=4pk/4fl |   χ²/μ=0.002  m=1.421  SWR=0.31  CV_R=0.141  PSCI=0.083  CV_Re=0.118 | [08:55:16] ↓ STATE  LOW → FLAT  0.0900 µSv/h
08:55:17			[08:55:17] ⚡ OOK BURST PATTERN  CPS=1  burst=1.5s  gap=8.8s  duty=0.15  cycles=4 |   f=0.098Hz (ELF)  T=10.3s  CV_run=0.333  CV_gap=1.007  RF≈1.3W@0.5m |   ON/OFF KEYING SIGNATURE  identical CPS=1 repeated 4x  structured pulsed source confirmed | [08:55:17] ↑ STATE  FLAT → LOW  0.1000 µSv/h | [08:55:17] ↓ STATE  LOW → FLAT  0.0900 µSv/h
08:55:18	1787475318645317000		
08:55:19	1787475319640659200		
08:55:21	1787475321900478200		
08:55:23	1787475323098434800		
08:55:24	1787475324301036500		
08:55:25	1787475325501031700		
08:55:26	1787475326701960200,1787475326707462700		
08:55:28	1787475328142155800		
08:55:29	1787475329157216500		[08:55:29] ⚡ CPS CLUSTER  8cts/10s  n=8  CV_IAT=0.502 |   RF est P=C·d²/K  @0.5m: 2.0-200.0W  (mid=10.0W)  CPS/s=0.8
08:55:30	1787475330651283700,1787475330662384600		
08:55:31	1787475331644598500,1787475331650313500,1787475331651921200		
08:55:33	1787475333907588600,1787475333910365200,1787475333911278300		
08:55:35	1787475335094931500,1787475335097903000,1787475335098661600		[08:55:35] ↑ STATE  FLAT → LOW  0.1000 µSv/h
08:55:36	1787475336316405500,1787475336317955000	SIG#478 [1,0,0,2,0,0,1,0,0,2,1,0,1,0,0,2,1,0,1,0,0,2,1] pk=2	[08:55:36] ↓ STATE  LOW → FLAT  0.0600 µSv/h | [08:55:36] ↑ STATE  FLAT → LOW  0.1000 µSv/h
08:55:37	1787475337498234600,1787475337499474000		[08:55:37] ↓ STATE  LOW → FLAT  0.0600 µSv/h | [08:55:37] ↑ STATE  FLAT → LOW  0.1000 µSv/h
08:55:38	1787475338695897300,1787475338696867300,1787475338702177500		[08:55:38] ↓ STATE  LOW → FLAT  0.0700 µSv/h | [08:55:38] ↑ STATE  FLAT → LOW  0.1000 µSv/h
08:55:39	1787475339898902000,1787475339905500000,1787475339906691000		[08:55:39] ↓ STATE  LOW → FLAT  0.0800 µSv/h | [08:55:39] ↑ STATE  FLAT → LOW  0.1000 µSv/h
08:55:41	1787475341108555300,1787475341109313500		[08:55:41] ↓ STATE  LOW → FLAT  0.0900 µSv/h | [08:55:41] 🔄 FLOOR RECURRENCE  dr=0.0900 µSv/h  prior=08:55:39  interval=1.2s  (0.02min) | [08:55:41] ↑ STATE  FLAT → LOW  0.1000 µSv/h
08:55:42	1787475342307853600,1787475342308797000,1787475342310636300		
08:55:43	1787475343507474200,1787475343508265500,1787475343510959400		
08:55:44	1787475344703304200,1787475344704505000,1787475344706366000,1787475344710090800		[08:55:44] ⚡ CPS CLUSTER  25cts/10s  n=21  CV_IAT=1.356 |   RF est P=C·d²/K  @0.5m: 6.3-625.0W  (mid=31.3W)  CPS/s=2.5
08:55:46	1787475346146101200,1787475346149247700,1787475346151935000,1787475346154350000		[Min 018  08:54:45]  CPM=00096  ✓ COMPLETE | [08:55:46] ⚠⚠⚠ EMF FINGERPRINT  score=6/7  n=5pk/6fl |   χ²/μ=0.005  m=1.459  SWR=0.41  CV_R=0.221  PSCI=0.150  CV_Re=0.201
08:55:47	1787475347143738000,1787475347147439900,1787475347154613000,1787475347157839400		
08:55:48	1787475348164059600,1787475348167167000,1787475348169272300,1787475348171300000		
08:55:49	1787475349640423000,1787475349643909000,1787475349647800300,1787475349651739100		[08:55:49] ⚠⚠⚠ CPS UNIFORMITY LOCK  CPS=1 on 18/30s (60.0%)  zeros=12  highs=0  Poisson P<<0.001  CONTROLLED SOURCE CONFIRMED |   Natural Poisson: expected CPS=1 on ~9-13s  observed=18s  locked synthetic output indicated
08:55:50	1787475350674357800,1787475350677274400,1787475350687664000		
08:55:52	1787475352154332400,1787475352156424000,1787475352157420300		
08:55:53	1787475353155198000,1787475353156496400	SIG#485 [1,1,0,1,0,0,1,1,0,1,0,0,1,1,0,1,0,1,1,1,0,1,0,1,0,1,0,1,0,1,0,1,0,1,0,1,0,1,1,1,0,1,0,1,1,0,0,1,0,1,1,0,0,1,0,1,1] pk=1	
08:55:54	1787475354166327600,1787475354167839500,1787475354172996900		
08:55:55	1787475355644729300,1787475355657514800		
08:55:56	1787475356661805600,1787475356664372500		
08:55:58	1787475358921818600,1787475358931225600,1787475358932882700		
08:56:00	1787475360109402600,1787475360111575800,1787475360114390800		[08:56:00] ⚡ CPS CLUSTER  19cts/10s  n=18  CV_IAT=1.449 |   RF est P=C·d²/K  @0.5m: 4.8-475.0W  (mid=23.8W)  CPS/s=1.9
08:56:01	1787475361324045800,1787475361326619600,1787475361327991800		
08:56:02	1787475362506912300,1787475362508764000,1787475362509506800		[08:56:02] ⚡ OOK BURST PATTERN  CPS=1  burst=18.0s  gap=23.0s  duty=0.44  cycles=3 |   f=0.024Hz (ELF)  T=41.0s  CV_run=1.257  CV_gap=1.353  RF≈1.3W@0.5m |   ON/OFF KEYING SIGNATURE  identical CPS=1 repeated 3x  structured pulsed source confirmed
08:56:03	1787475363717014300,1787475363718558000,1787475363722938400	SIG#490 [1,0,1,0,0,0,1,0,1,2,0,0,1,0,1,2,0,0,1,0,1,2,0,0,1,0,1,2] pk=2	
08:56:05	1787475365149363700,1787475365152458800,1787475365158037800		
08:56:06	1787475366163941000,1787475366168899300		
08:56:07	1787475367660099000	SIG#491 [1,2,0,0,0,1,1,2,0,0,0,1,0,2,0,0,0,1] pk=2	
08:56:08	1787475368659068000		
08:56:10	1787475370911119000		
08:56:12	1787475372111078000		[08:56:12] ⚠⚠⚠ POWER LEVEL LOCK  dr=0.1400 µSv/h  hits=493  avg_interval=2.2s (0.04min)  CV=4.017 |   Source returns to identical power level 493x  Natural decay cannot reproduce fixed amplitude  Controlled RF source confirmed
08:56:13			
08:56:14			
08:56:15			[08:56:15] ⚡ CPS CLUSTER  7cts/10s  n=6  CV_IAT=0.613 |   RF est P=C·d²/K  @0.5m: 1.8-175.0W  (mid=8.8W)  CPS/s=0.7
08:56:17			
08:56:18			
08:56:19	1787475379663613000		
08:56:20	1787475380662502000		
08:56:22	1787475382930836500		
08:56:24	1787475384122749400		[08:56:24] ↓ STATE  LOW → FLAT  0.0900 µSv/h | [08:56:24] 🔄 FLOOR RECURRENCE  dr=0.0900 µSv/h  prior=08:55:41  interval=43.0s  (0.72min)
08:56:25	1787475385331319300		[08:56:25] ↑ STATE  FLAT → LOW  0.1300 µSv/h | [08:56:25] ⚠ EMF FINGERPRINT  score=4/7  n=2pk/4fl |   χ²/μ=0.001  m=1.286  SWR=0.20  CV_R=0.082  PSCI=0.037  CV_Re=0.106 | [08:56:25] ↓ STATE  LOW → FLAT  0.0900 µSv/h
08:56:26	1787475386533362700,1787475386539615500		[08:56:26] ↑ STATE  FLAT → LOW  0.1200 µSv/h | [08:56:26] ↓ STATE  LOW → FLAT  0.0900 µSv/h
08:56:27	1787475387719696100,1787475387733124000		[08:56:27] ↑ STATE  FLAT → LOW  0.1100 µSv/h | [08:56:27] ↓ STATE  LOW → FLAT  0.0900 µSv/h
08:56:29	1787475389178833000		[08:56:29] ↑ STATE  FLAT → LOW  0.1100 µSv/h | [08:56:29] ↓ STATE  LOW → FLAT  0.0900 µSv/h
08:56:30	1787475390180698600		[08:56:30] ↑ STATE  FLAT → LOW  0.1000 µSv/h | [08:56:30] ↓ STATE  LOW → FLAT  0.0900 µSv/h
08:56:31	1787475391673895700		[08:56:31] ⚡ CPS CLUSTER  9cts/10s  n=9  CV_IAT=0.584 |   RF est P=C·d²/K  @0.5m: 2.3-225.0W  (mid=11.3W)  CPS/s=0.9
08:56:32	1787475392672510000		
08:56:34	1787475394930483500		
08:56:36			
08:56:37			
08:56:38	1787475398539728600		
08:56:39	1787475399742841000		
08:56:40	1787475400937916000		
08:56:42	1787475402131462700		
08:56:43	1787475403332530000		
08:56:44	1787475404536575000,1787475404541570300		
08:56:45	1787475405735482400,1787475405739522600		[Min 019  08:55:45]  CPM=00083  ✓ COMPLETE
08:56:46	1787475406930073000		[08:56:46] ⚡ CPS CLUSTER  9cts/10s  n=9  CV_IAT=0.574 |   RF est P=C·d²/K  @0.5m: 2.3-225.0W  (mid=11.3W)  CPS/s=0.9
08:56:48	1787475408132998400		[08:56:48] ⚡ OOK BURST PATTERN  CPS=2  burst=1.0s  gap=3.3s  duty=0.24  cycles=4 |   f=0.235Hz (SLF)  T=4.3s  CV_run=0.000  CV_gap=0.133  RF≈2.5W@0.5m |   ON/OFF KEYING SIGNATURE  identical CPS=2 repeated 4x  structured pulsed source confirmed
08:56:49	1787475409334603300		[08:56:49] ↑ STATE  FLAT → LOW  0.1000 µSv/h
08:56:50	1787475410527429400		[08:56:50] ↓ STATE  LOW → FLAT  0.0700 µSv/h | [08:56:50] ↑ STATE  FLAT → LOW  0.1000 µSv/h
08:56:51	1787475411726338300		[08:56:51] ↓ STATE  LOW → FLAT  0.0800 µSv/h | [08:56:51] ↑ STATE  FLAT → LOW  0.1000 µSv/h
08:56:53			[08:56:53] ↓ STATE  LOW → FLAT  0.0800 µSv/h | [08:56:53] ↑ STATE  FLAT → LOW  0.1000 µSv/h
08:56:54			[08:56:54] ↓ STATE  LOW → FLAT  0.0900 µSv/h | [08:56:54] 🔄 FLOOR RECURRENCE  dr=0.0900 µSv/h  prior=08:56:53  interval=1.0s  (0.02min) | [08:56:54] ↑ STATE  FLAT → LOW  0.1000 µSv/h
08:56:55	1787475415672597200		[08:56:55] ↓ STATE  LOW → FLAT  0.0900 µSv/h | [08:56:55] ⚠⚠ EMF FINGERPRINT  score=5/7  n=5pk/2fl |   χ²/μ=0.002  m=1.333  SWR=0.29  CV_R=0.165  PSCI=0.141  CV_Re=0.067 | [08:56:55] ↑ STATE  FLAT → LOW  0.1000 µSv/h
08:56:56	1787475416688868000		
08:56:58	1787475418947164400,1787475418951697400		
08:57:00	1787475420143359200,1787475420145710000		
08:57:01	1787475421345557000,1787475421350848500,1787475421352980500		
08:57:02	1787475422537334500,1787475422539871000,1787475422541191700		[08:57:02] ⚡ CPS CLUSTER  9cts/10s  n=9  CV_IAT=1.109 |   RF est P=C·d²/K  @0.5m: 2.3-225.0W  (mid=11.3W)  CPS/s=0.9
08:57:03	1787475423729319400,1787475423732052500,1787475423734081000,1787475423738600200		
08:57:05	1787475425190712600,1787475425195320000,1787475425202482000		
08:57:06	1787475426174732000,1787475426179300600,1787475426187063000		
08:57:07	1787475427188866800,1787475427191049200		
08:57:08	1787475428670965200,1787475428677318400	SIG#524 [1,0,1,0,0,0,1,0,1,0,0,0,1,0,1,0,1,0,1,0,1,0,1,0,1,0,1,0,1,0,1,0,1,0,1,0,1,0,1,0,1,0,1,0,0,0,1,0,1,0,0,0,1,0,1] pk=1	
08:57:09	1787475429672070400		
08:57:11	1787475431928599300		
08:57:13			[08:57:13] ⚠⚠⚠ POWER LEVEL LOCK  dr=0.1400 µSv/h  hits=514  avg_interval=2.3s (0.04min)  CV=3.990 |   Source returns to identical power level 514x  Natural decay cannot reproduce fixed amplitude  Controlled RF source confirmed
08:57:14			
08:57:15			
08:57:16	1787475436741674200		
08:57:18	1787475438199144400		[08:57:18] ⚡ CPS CLUSTER  5cts/10s  n=5  CV_IAT=0.892 |   RF est P=C·d²/K  @0.5m: 1.3-125.0W  (mid=6.3W)  CPS/s=0.5
08:57:19	1787475439211642000		
08:57:20	1787475440687587300,1787475440691017700		
08:57:21	1787475441678252000,1787475441684496600		
08:57:23	1787475443175538700,1787475443178610700,1787475443185877000		
08:57:24	1787475444183548200,1787475444196488700,1787475444198709800		
08:57:25	1787475445193119700,1787475445200585700		
08:57:26	1787475446680095200,1787475446682659800		[08:57:26] ↓ STATE  LOW → FLAT  0.0900 µSv/h | [08:57:26] 🔄 FLOOR RECURRENCE  dr=0.0900 µSv/h  prior=08:56:55  interval=31.0s  (0.52min)
08:57:27	1787475447674906600,1787475447677448000	SIG#530 [1,0,0,1,0,0,1,0,0,1,0,0,1,0,0,1,0,1,1,0,0,1,0,1,0,0,0,1,0,1,0,0,0,1,0,1,0,0,0,1,0,1] pk=1	[08:57:27] ↑ STATE  FLAT → LOW  0.1000 µSv/h | [08:57:27] ⚠ EMF FINGERPRINT  score=4/7  n=3pk/2fl |   χ²/μ=0.001  m=1.263  SWR=0.18  CV_R=0.079  PSCI=0.068  CV_Re=0.053 | [08:57:27] ↓ STATE  LOW → FLAT  0.0900 µSv/h
08:57:29	1787475449938701000		[08:57:29] ↑ STATE  FLAT → LOW  0.1000 µSv/h | [08:57:29] ↓ STATE  LOW → FLAT  0.0900 µSv/h
08:57:31	1787475451139710700		[08:57:31] ↑ STATE  FLAT → LOW  0.1000 µSv/h | [08:57:31] ↓ STATE  LOW → FLAT  0.0900 µSv/h
08:57:32	1787475452350805000		[08:57:32] ↑ STATE  FLAT → LOW  0.1000 µSv/h | [08:57:32] ↓ STATE  LOW → FLAT  0.0900 µSv/h
08:57:33	1787475453547909400		[08:57:33] ⚡ OOK BURST PATTERN  CPS=2  burst=1.0s  gap=3.3s  duty=0.24  cycles=4 |   f=0.235Hz (SLF)  T=4.3s  CV_run=0.000  CV_gap=0.133  RF≈2.5W@0.5m |   ON/OFF KEYING SIGNATURE  identical CPS=2 repeated 4x  structured pulsed source confirmed | [08:57:33] ⚡ CPS CLUSTER  12cts/10s  n=12  CV_IAT=1.005 |   RF est P=C·d²/K  @0.5m: 3.0-300.0W  (mid=15.0W)  CPS/s=1.2 | [08:57:33] ↑ STATE  FLAT → LOW  0.1000 µSv/h | [08:57:33] ↓ STATE  LOW → FLAT  0.0900 µSv/h
08:57:34	1787475454742168600		
08:57:36	1787475456196034800		
08:57:37	1787475457192601900,1787475457195641000		
08:57:38	1787475458686977000,1787475458689855500		
08:57:39	1787475459685300700,1787475459690360800		[08:57:39] ↑ STATE  FLAT → LOW  0.1000 µSv/h
08:57:41	1787475461962415400	SIG#537 [1,0,0,0,1,0,1,0,0,0,1,0,1,0,0,0,1] pk=1	[08:57:41] ↓ STATE  LOW → FLAT  0.0800 µSv/h | [08:57:41] ↑ STATE  FLAT → LOW  0.1000 µSv/h | [08:57:41] ↓ STATE  LOW → FLAT  0.0900 µSv/h
08:57:43	1787475463152592600		[08:57:43] ↑ STATE  FLAT → LOW  0.1000 µSv/h | [08:57:43] ↓ STATE  LOW → FLAT  0.0900 µSv/h
08:57:44	1787475464357541400		[08:57:44] ↑ STATE  FLAT → LOW  0.1000 µSv/h | [08:57:44] ↓ STATE  LOW → FLAT  0.0900 µSv/h
08:57:45	1787475465546767600		[Min 020  08:56:45]  CPM=00069  ✓ COMPLETE | [08:57:45] ↑ STATE  FLAT → LOW  0.1000 µSv/h | [08:57:45] ↓ STATE  LOW → FLAT  0.0900 µSv/h
08:57:46			[08:57:46] ↑ STATE  FLAT → LOW  0.1000 µSv/h | [08:57:46] ↓ STATE  LOW → FLAT  0.0900 µSv/h
08:57:48			[08:57:48] ↑ STATE  FLAT → LOW  0.1000 µSv/h | [08:57:48] ↓ STATE  LOW → FLAT  0.0900 µSv/h
08:57:49			[08:57:49] ⚡ CPS CLUSTER  6cts/10s  n=6  CV_IAT=0.612 |   RF est P=C·d²/K  @0.5m: 1.5-150.0W  (mid=7.5W)  CPS/s=0.6
08:57:50			
08:57:51	1787475471705239800		
08:57:53	1787475473960973800		
08:57:55	1787475475152188000		
08:57:56	1787475476365431000		
08:57:57	1787475477553832200,1787475477559695000		[08:57:57] 🔄 FLOOR RECURRENCE  dr=0.0700 µSv/h  prior=08:57:56  interval=1.2s  (0.02min) | [08:57:57] ↑ STATE  FLAT → LOW  0.1000 µSv/h
08:57:58	1787475478748627200,1787475478754233000		[08:57:58] ↓ STATE  LOW → FLAT  0.0800 µSv/h | [08:57:58] ⚠⚠ EMF FINGERPRINT  score=5/7  n=4pk/7fl |   χ²/μ=0.001  m=1.357  SWR=0.18  CV_R=0.083  PSCI=0.053  CV_Re=0.000 | [08:57:58] ↑ STATE  FLAT → LOW  0.1000 µSv/h
08:58:00	1787475480186881000,1787475480194212000		[08:58:00] ↓ STATE  LOW → FLAT  0.0800 µSv/h | [08:58:00] ↑ STATE  FLAT → LOW  0.1000 µSv/h
08:58:01	1787475481211233000,1787475481214166800	SIG#546 [1,0,0,0,1,0,1,0,0,0,1,0,1,0,0,0,1] pk=1	[08:58:01] ↓ STATE  LOW → FLAT  0.0800 µSv/h | [08:58:01] ↑ STATE  FLAT → LOW  0.1000 µSv/h
08:58:02	1787475482688633600,1787475482691601400		[08:58:02] ↓ STATE  LOW → FLAT  0.0900 µSv/h | [08:58:02] ↑ STATE  FLAT → LOW  0.1000 µSv/h
08:58:03	1787475483700168400,1787475483705842200		[08:58:03] ↓ STATE  LOW → FLAT  0.0900 µSv/h | [08:58:03] ↑ STATE  FLAT → LOW  0.1000 µSv/h
08:58:05	1787475485945887000,1787475485953756700		[08:58:05] ⚡ CPS CLUSTER  14cts/10s  n=14  CV_IAT=1.000 |   RF est P=C·d²/K  @0.5m: 3.5-350.0W  (mid=17.5W)  CPS/s=1.4
08:58:07	1787475487145836300	SIG#547 [1,0,0,1,0,0,1,0,0,1,0,0,1,0,0,1,0,0,1,0,0,1] pk=1	
08:58:08	1787475488356713700,1787475488360920600		
08:58:09	1787475489555158500,1787475489558896000		
08:58:10	1787475490758944300,1787475490761116700		
08:58:12	1787475492188798200,1787475492191080200		
08:58:13	1787475493198414600,1787475493202246700,1787475493205456000		[08:58:13] ⚠⚠⚠ POWER LEVEL LOCK  dr=0.1400 µSv/h  hits=530  avg_interval=2.3s (0.04min)  CV=3.971 |   Source returns to identical power level 530x  Natural decay cannot reproduce fixed amplitude  Controlled RF source confirmed
08:58:14	1787475494696524300,1787475494698524200,1787475494700962000		
08:58:15	1787475495695666400,1787475495699019800,1787475495702610000		
08:58:17	1787475497194411500,1787475497197245000		
08:58:18	1787475498189110800,1787475498193088500,1787475498199502800		
08:58:19	1787475499203981300,1787475499210153000,1787475499211100200		[08:58:19] ⚡ OOK BURST PATTERN  CPS=1  burst=1.3s  gap=2.7s  duty=0.33  cycles=3 |   f=0.250Hz (SLF)  T=4.0s  CV_run=0.354  CV_gap=0.177  RF≈1.3W@0.5m |   ON/OFF KEYING SIGNATURE  identical CPS=1 repeated 3x  structured pulsed source confirmed
08:58:20	1787475500685659400,1787475500688915700,1787475500689848800		
08:58:21	1787475501707471000,1787475501708620800	SIG#552 [1,0,2,0,0,0,1,0,2,0,0,0,1,0,2,0,1,0,1,0,2,0,1,0,1,0,2,0,1,0,0,0,2,0,1,0,0,0,2,0,1,0,0,0,1,0,1,0,0,0,1,1,1,0,0,0,1,1] pk=2	[08:58:21] ⚡ CPS CLUSTER  28cts/10s  n=22  CV_IAT=1.444 |   RF est P=C·d²/K  @0.5m: 7.0-700.0W  (mid=35.0W)  CPS/s=2.8
08:58:23	1787475503952266200,1787475503953869800,1787475503958150700		
08:58:25	1787475505165448200,1787475505168425700,1787475505218030800,1787475505218840600		